ID,Year_Birth,Education,Marital_Status,Income,Kidhome,Teenhome,Dt_Customer,Recency,MntWines,MntFruits,MntMeatProducts,MntFishProducts,MntSweetProducts,MntGoldProds,NumDealsPurchases,NumWebPurchases,NumCatalogPurchases,NumStorePurchases,NumWebVisitsMonth,AcceptedCmp3,AcceptedCmp4,AcceptedCmp5,AcceptedCmp1,AcceptedCmp2,Complain,Z_CostContact,Z_Revenue,Response,Age,Total_Spending,Total_Children,Total_Purchases,Customer_Tenure_Days,Income_Log,Spending_Log,cluster
5524,1957,Graduation,Single,58138.0,0,0,2012-09-04,58,635,88,546,172,88,88,3,8,10,4,7,0,0,0,0,0,0,3,11,1,57,1617,0,25,663,10.970591974102547,7.388946097618437,0
2174,1954,Graduation,Single,46344.0,1,1,2014-03-08,38,11,1,6,2,1,6,2,1,1,2,5,0,0,0,0,0,0,3,11,0,60,27,2,6,113,10.743868690309933,3.332204510175204,1
4141,1965,Graduation,Together,71613.0,0,0,2013-08-21,26,426,49,127,111,21,42,1,8,2,10,4,0,0,0,0,0,0,3,11,0,49,776,0,21,312,11.179045864561353,6.655440350367647,0
6182,1984,Graduation,Together,26646.0,1,0,2014-02-10,26,11,4,20,10,3,5,2,2,0,4,6,0,0,0,0,0,0,3,11,0,30,53,1,8,139,10.190431852901,3.9889840465642745,1
5324,1981,PhD,Married,58293.0,1,0,2014-01-19,94,173,43,118,46,27,15,5,5,3,6,5,0,0,0,0,0,0,3,11,0,33,422,1,19,161,10.973254451090401,6.0473721790462776,0
7446,1967,Master,Together,62513.0,0,1,2013-09-09,16,520,42,98,0,42,14,2,6,4,10,6,0,0,0,0,0,0,3,11,0,47,716,1,22,293,11.043145810640238,6.57507584059962,0
965,1971,Graduation,Divorced,55635.0,0,1,2012-11-13,34,235,65,164,50,49,27,4,7,3,7,6,0,0,0,0,0,0,3,11,0,43,590,1,21,593,10.926585752727021,6.3818160174060985,0
6177,1985,PhD,Married,33454.0,1,0,2013-05-08,32,76,10,56,3,1,23,2,4,0,4,8,0,0,0,0,0,0,3,11,0,29,169,1,10,417,10.417956531216918,5.135798437050262,1
4855,1974,PhD,Together,30351.0,1,0,2013-06-06,19,14,0,24,3,3,2,1,3,0,2,9,0,0,0,0,0,0,3,11,1,40,46,1,6,388,10.320617692174796,3.8501476017100584,1
5899,1950,PhD,Together,5648.0,1,1,2014-03-13,68,28,0,6,1,1,13,1,1,0,0,20,1,0,0,0,0,0,3,11,0,64,49,2,2,108,8.639233817325263,3.912023005428146,1
1994,1983,Graduation,Married,51381.5,1,0,2013-11-15,11,5,5,6,0,2,1,1,1,0,2,7,0,0,0,0,0,0,3,11,0,31,19,1,4,226,10.847052926545164,2.995732273553991,1
387,1976,Basic,Married,7500.0,0,0,2012-11-13,59,6,16,11,11,1,16,1,2,0,3,8,0,0,0,0,0,0,3,11,0,38,61,0,6,593,8.922791623969637,4.127134385045092,1
2125,1959,Graduation,Divorced,63033.0,0,0,2013-11-15,82,194,61,480,225,112,30,1,3,4,8,2,0,0,0,0,0,0,3,11,0,55,1102,0,16,226,11.051429542337106,7.005789019253503,0
8180,1952,Master,Divorced,59354.0,1,1,2013-11-15,53,233,2,53,3,5,14,3,6,1,5,6,0,0,0,0,0,0,3,11,0,62,310,2,15,226,10.991291642487635,5.739792912179234,1
2569,1987,Graduation,Married,17323.0,0,0,2012-10-10,38,3,14,17,6,1,5,1,1,0,3,8,0,0,0,0,0,0,3,11,0,27,46,0,5,627,9.759848102334518,3.8501476017100584,1
2114,1946,PhD,Single,82800.0,0,0,2012-11-24,23,1006,22,115,59,68,45,1,7,6,12,3,0,0,1,1,0,0,3,11,1,68,1315,0,26,582,11.324195417595107,7.182352111885263,0
9736,1980,Graduation,Married,41850.0,1,1,2012-12-24,51,53,5,19,2,13,4,3,3,0,3,8,0,0,0,0,0,0,3,11,0,34,96,2,9,552,10.641870970494749,4.574710978503383,1
4939,1946,Graduation,Together,37760.0,0,0,2012-08-31,20,84,5,38,150,12,28,2,4,1,6,7,0,0,0,0,0,0,3,11,0,68,317,0,13,667,10.539032102959615,5.762051382780177,0
6565,1949,Master,Married,76995.0,0,1,2013-03-28,91,1012,80,498,0,16,176,2,11,4,9,5,0,0,0,1,0,0,3,11,0,65,1782,1,26,458,11.251508751434526,7.48605261786314,0
2278,1985,2n Cycle,Single,33812.0,1,0,2012-11-03,86,4,17,19,30,24,39,2,2,1,3,6,0,0,0,0,0,0,3,11,0,29,133,1,8,603,10.428600622910189,4.897839799950911,1
9360,1982,Graduation,Married,37040.0,0,0,2012-08-08,41,86,2,73,69,38,48,1,4,2,5,8,0,0,0,0,0,0,3,11,0,32,316,0,12,690,10.519780686235853,5.75890177387728,0
5376,1979,Graduation,Married,2447.0,1,0,2013-01-06,42,1,1,1725,1,1,1,15,0,28,0,1,0,0,0,0,0,0,3,11,0,35,1730,1,43,539,7.803026643632217,7.456454555176209,1
1993,1949,PhD,Married,58607.0,0,1,2012-12-23,63,867,0,86,0,0,19,3,2,3,9,8,0,1,0,0,0,0,3,11,0,65,972,1,17,553,10.978626485018596,6.880384082186005,0
4047,1954,PhD,Married,65324.0,0,1,2014-01-11,0,384,0,102,21,32,5,3,6,2,9,4,0,0,0,0,0,0,3,11,0,60,544,1,20,169,11.087130090388813,6.300785794663244,0
1409,1951,Graduation,Together,40689.0,0,1,2013-03-18,69,270,3,27,39,6,99,7,7,1,5,8,0,0,0,0,0,0,3,11,0,63,444,1,20,468,10.613737640995735,6.09807428216624,0
7892,1969,Graduation,Single,18589.0,0,0,2013-01-02,89,6,4,25,15,12,13,2,2,1,3,7,0,0,0,0,0,0,3,11,0,45,75,0,8,543,9.83037908071549,4.330733340286331,1
2404,1976,Graduation,Married,53359.0,1,1,2013-05-27,4,173,4,30,3,6,41,4,5,1,4,7,0,0,0,0,0,0,3,11,0,38,257,2,14,398,10.884816680589505,5.552959584921617,1
5255,1986,Graduation,Single,51381.5,1,0,2013-02-20,19,5,1,3,3,263,362,0,27,0,0,1,0,0,0,0,0,0,3,11,0,28,637,1,27,494,10.847052926545164,6.45833828334479,0
9422,1989,Graduation,Married,38360.0,1,0,2013-05-31,26,36,2,42,20,21,10,2,2,1,4,3,0,0,0,0,0,0,3,11,0,25,131,1,9,394,10.554796597479278,4.882801922586371,1
1966,1965,PhD,Married,84618.0,0,0,2013-11-22,96,684,100,801,21,66,0,1,6,9,10,2,0,0,1,0,0,0,3,11,0,49,1672,0,26,219,11.345914106667006,7.422373700986824,0
6864,1989,Master,Divorced,10979.0,0,0,2014-05-22,34,8,4,10,2,2,4,2,3,0,3,5,0,0,0,0,0,0,3,11,0,25,30,0,8,38,9.30383071506352,3.4339872044851463,1
3033,1963,Master,Together,38620.0,0,0,2013-05-11,56,112,17,44,34,22,89,1,2,5,3,3,0,0,0,0,0,0,3,11,0,51,318,0,11,414,10.561551448966803,5.765191102784844,0
5710,1970,Graduation,Together,40548.0,0,1,2012-10-10,31,110,0,5,2,0,3,2,2,1,4,5,0,1,0,0,0,0,3,11,0,44,120,1,9,627,10.61026639832702,4.795790545596741,1
7373,1952,PhD,Divorced,46610.0,0,2,2012-10-29,8,96,12,96,33,22,43,6,4,1,6,6,0,0,0,0,0,0,3,11,1,62,302,2,17,608,10.749591843760111,5.713732805509369,1
8755,1946,Master,Married,68657.0,0,0,2013-02-20,4,482,34,471,119,68,22,1,3,5,9,7,0,0,0,0,0,0,3,11,0,68,1196,0,18,494,11.13689293754577,7.087573705557973,0
10738,1951,Master,Single,49389.0,1,1,2013-08-29,55,40,0,19,2,1,3,1,2,0,3,7,0,0,0,0,0,0,3,11,0,63,65,2,6,304,10.807503253534671,4.189654742026425,1
4339,1970,PhD,Married,67353.0,0,1,2013-12-31,37,702,17,151,0,8,35,5,5,6,12,2,0,0,0,0,0,0,3,11,0,44,913,1,28,180,11.117717571314712,6.81783057145415,0
10755,1976,2n Cycle,Married,23718.0,1,0,2013-09-02,76,6,3,14,15,7,36,3,3,1,2,7,0,0,0,0,0,0,3,11,0,38,81,1,9,300,10.074031693706946,4.406719247264253,1
8595,1973,Graduation,Widow,42429.0,0,1,2014-02-11,99,55,0,6,2,0,4,2,1,1,3,5,0,0,0,0,0,0,3,11,0,41,67,1,7,138,10.65561093819637,4.219507705176107,1
2968,1943,PhD,Divorced,48948.0,0,0,2013-02-01,53,437,8,206,160,49,42,2,7,10,5,6,1,0,0,0,0,0,3,11,1,71,902,0,24,513,10.79853421874079,6.805722553416985,0
8601,1980,Graduation,Married,80011.0,0,1,2013-04-29,3,421,76,536,82,178,102,2,8,6,5,4,0,0,0,0,0,0,3,11,0,34,1395,1,21,426,11.289931902407144,7.241366283322318,0
503,1985,Master,Married,20559.0,1,0,2013-03-12,88,13,1,29,3,0,7,2,2,0,3,8,0,0,0,0,0,0,3,11,0,29,53,1,7,474,9.931102719569102,3.9889840465642745,1
8430,1957,Graduation,Together,21994.0,0,1,2012-12-24,4,9,0,6,3,1,3,1,0,0,3,5,0,0,0,0,0,0,3,11,0,57,22,1,4,552,9.99857043378282,3.1354942159291497,1
7281,1959,PhD,Single,51381.5,0,0,2013-11-05,80,81,11,50,3,2,39,1,1,3,4,2,0,0,0,0,0,0,3,11,0,55,186,0,9,236,10.847052926545164,5.231108616854587,0
2139,1975,Master,Married,7500.0,1,0,2013-10-02,19,3,1,10,3,2,12,3,2,0,3,5,0,0,0,0,0,0,3,11,0,39,31,1,8,270,8.922791623969637,3.4657359027997265,1
1371,1976,Graduation,Single,79941.0,0,0,2014-06-28,72,123,164,266,227,30,174,1,2,4,9,1,0,0,0,0,0,0,3,11,0,38,984,0,16,1,11.289056650716423,6.892641641172089,0
9909,1996,2n Cycle,Married,7500.0,0,0,2012-11-09,24,3,18,14,15,22,50,3,3,1,3,9,0,0,0,0,0,0,3,11,1,18,122,0,10,597,8.922791623969637,4.812184355372417,1
7286,1968,Graduation,Together,41728.0,1,0,2013-05-24,92,13,6,15,3,5,13,1,2,0,2,10,0,0,0,0,0,0,3,11,0,46,55,1,5,401,10.638951609723101,4.02535169073515,1
7244,1951,Graduation,Single,51381.5,2,1,2014-01-01,96,48,5,48,6,10,7,3,2,1,4,6,0,0,0,0,0,0,3,11,0,63,124,3,10,179,10.847052926545164,4.8283137373023015,1
6566,1954,PhD,Married,72550.0,1,1,2012-11-08,39,826,50,317,50,38,38,9,5,2,12,8,0,0,0,0,0,0,3,11,0,60,1319,2,28,598,11.19204504181486,7.1853870155804165,0
8614,1957,Graduation,Widow,65486.0,0,1,2014-05-12,29,245,19,125,37,67,14,1,4,2,10,2,0,0,0,0,0,0,3,11,0,57,507,1,17,48,11.089606928642473,6.230481447578482,0
4114,1964,Master,Married,79143.0,0,0,2012-08-11,2,650,37,780,27,167,32,1,6,9,13,3,0,0,0,0,0,0,3,11,0,50,1693,0,29,687,11.279024257003059,7.434847875211999,0
1331,1977,Graduation,Single,35790.0,1,0,2013-01-02,54,12,6,20,30,1,3,2,2,0,3,7,0,0,0,0,0,0,3,11,0,37,72,1,7,543,10.485451744135313,4.290459441148391,1
2225,1977,Graduation,Divorced,82582.0,0,0,2014-06-07,54,510,120,550,156,40,241,1,4,9,7,1,1,0,0,1,0,0,3,11,1,37,1617,0,21,22,11.321559127189037,7.388946097618437,0
9381,1978,Graduation,Married,66373.0,1,1,2013-06-12,57,328,9,124,12,24,109,7,4,2,10,3,0,0,0,0,0,0,3,11,0,36,606,2,23,382,11.103060692517378,6.408528791059498,0
6260,1955,Master,Together,82384.0,0,0,2012-11-19,55,984,51,432,180,120,190,1,3,10,13,1,0,0,1,0,0,0,3,11,1,59,1957,0,27,587,11.319158660491532,7.579678823090456,0
10383,1966,Graduation,Divorced,70287.0,0,0,2013-04-02,30,295,35,482,121,120,40,1,5,5,10,3,0,0,0,0,0,0,3,11,1,48,1093,0,21,453,11.160356366215561,6.9975959829819265,0
7437,1988,Graduation,Single,27938.0,1,0,2014-04-28,31,13,0,8,2,1,5,1,1,0,4,3,0,0,0,0,0,0,3,11,0,26,29,1,6,62,10.237778841189767,3.4011973816621555,1
8557,1982,Graduation,Single,51381.5,1,0,2013-06-17,57,11,3,22,2,2,6,2,2,0,3,6,0,0,0,0,0,0,3,11,0,32,46,1,7,377,10.847052926545164,3.8501476017100584,1
8375,1968,PhD,Married,55954.0,0,1,2014-03-03,63,447,0,28,0,0,43,3,8,2,6,7,0,0,0,0,0,0,3,11,0,46,518,1,19,118,10.932303075252127,6.251903883165888,0
6853,1982,Master,Single,75777.0,0,0,2013-07-04,12,712,26,538,69,13,80,1,3,6,11,1,0,1,1,0,0,0,3,11,1,32,1438,0,21,360,11.2355632920364,7.271703706887368,0
3076,1975,Graduation,Together,66653.0,1,1,2012-09-07,18,452,18,102,16,18,6,4,4,2,12,3,0,0,0,0,0,0,3,11,0,39,612,2,22,660,11.107270338809778,6.418364935936212,0
1012,1952,Graduation,Single,61823.0,0,1,2013-02-18,26,523,7,134,37,14,169,4,8,2,10,7,0,0,0,0,0,0,3,11,0,62,884,1,24,496,11.03204691757219,6.785587645007929,0
6518,1951,PhD,Widow,67680.0,0,1,2013-06-11,8,546,0,48,0,6,6,1,7,3,8,5,0,0,0,0,0,0,3,11,0,63,606,1,19,383,11.122560769584661,6.408528791059498,0
4137,1948,Graduation,Together,70666.0,0,0,2013-12-06,29,398,40,367,119,122,30,1,7,4,4,4,0,0,0,0,0,0,3,11,0,66,1076,0,16,205,11.165733981956047,6.981934677156389,0
8082,1971,Graduation,Married,25721.0,1,0,2013-05-21,75,1,3,6,3,6,15,1,1,1,2,7,0,0,0,0,0,0,3,11,1,43,34,1,5,404,10.155101935826032,3.5553480614894135,1
1386,1967,Graduation,Together,32474.0,1,1,2014-05-11,0,10,0,1,0,0,0,1,1,0,2,7,0,0,0,0,0,0,3,11,0,47,11,2,4,49,10.3882258415388,2.4849066497880004,1
9369,1979,2n Cycle,Single,88194.0,0,1,2014-03-19,19,688,14,309,201,24,38,1,11,10,10,5,1,0,0,1,0,0,3,11,1,35,1274,1,32,102,11.387305551045577,7.150701457592526,0
4477,1958,Graduation,Together,69096.0,0,1,2013-09-27,4,247,49,159,7,82,109,1,5,2,10,4,0,0,0,0,0,0,3,11,0,56,653,1,18,275,11.143266593473202,6.483107351457199,0
1357,1970,Graduation,Together,74854.0,1,2,2013-04-08,90,856,59,487,58,29,73,7,2,5,5,5,0,0,0,0,0,0,3,11,0,44,1562,3,19,447,11.223308187883937,7.354362330421477,0
1402,1954,Master,Married,66991.0,0,0,2012-09-11,1,496,36,460,189,60,12,3,4,8,6,3,0,0,0,0,0,0,3,11,0,60,1253,0,21,656,11.112328488258925,7.134093721192866,0
10629,1973,2n Cycle,Married,51381.5,1,0,2012-09-14,25,25,3,43,17,4,17,3,3,0,3,8,0,0,0,0,0,0,3,11,0,41,109,1,9,653,10.847052926545164,4.700480365792417,1
6312,1959,Graduation,Married,65031.0,0,1,2013-03-17,29,258,107,291,84,37,86,4,10,3,13,7,0,0,0,0,0,0,3,11,0,55,863,1,30,469,11.082634735426408,6.761572768804055,0
8132,1975,PhD,Married,60631.0,1,1,2013-04-05,88,565,6,65,0,6,19,5,9,2,8,7,0,1,0,0,0,0,3,11,0,39,661,2,24,450,11.012578085491866,6.495265555937008,0
1050,1952,Graduation,Married,28332.0,0,0,2014-04-30,58,14,10,13,4,15,9,1,2,1,4,2,0,0,0,0,0,0,3,11,0,62,65,0,8,60,10.251782482029256,4.189654742026425,1
5846,1977,Graduation,Divorced,40246.0,1,0,2012-12-19,68,2,1,6,2,1,1,1,1,0,2,6,0,0,0,0,0,0,3,11,0,37,13,1,4,557,10.60279074590741,2.639057329615259,1
1859,1972,Master,Married,75251.0,0,0,2012-08-27,34,721,111,925,97,18,18,1,7,6,5,5,0,0,0,0,0,0,3,11,1,42,1890,0,19,671,11.228597760331022,7.544861068658458,0
7503,1976,Graduation,Single,75825.0,0,0,2012-10-12,40,1032,105,779,137,105,51,0,5,8,9,4,1,0,0,0,0,0,3,11,1,38,2209,0,22,625,11.236196520732264,7.700747794511798,0
10401,1976,2n Cycle,Together,26326.0,0,0,2013-09-04,12,1,0,5,0,3,9,1,0,0,3,3,0,0,0,0,0,1,3,11,0,38,18,0,4,298,10.17835030752565,2.9444389791664403,1
1618,1965,Graduation,Together,56046.0,0,0,2013-01-02,9,577,0,64,0,0,51,2,10,1,8,8,1,0,0,0,0,0,3,11,1,49,692,0,21,543,10.933945903428258,6.541029999189903,0
3332,1985,Graduation,Single,29760.0,1,0,2012-08-29,87,64,4,68,7,5,17,4,3,1,4,8,0,0,0,0,0,0,3,11,0,29,165,1,12,669,10.300954090533025,5.111987788356544,1
2261,1969,Graduation,Married,26304.0,1,0,2013-06-23,5,4,1,5,2,0,4,1,1,0,2,7,0,0,0,0,0,0,3,11,0,45,16,1,4,371,10.177514314164908,2.833213344056216,1
5346,1973,2n Cycle,Married,23559.0,1,0,2013-07-03,87,25,5,19,7,0,23,3,3,0,3,7,0,0,0,0,0,0,3,11,0,41,79,1,9,361,10.067305637765523,4.382026634673881,1
4119,1963,Master,Together,38620.0,0,0,2013-05-11,56,112,17,44,34,22,89,1,2,5,3,3,0,0,0,0,0,0,3,11,0,51,318,0,11,414,10.561551448966803,5.765191102784844,0
535,1987,Graduation,Divorced,81361.0,0,0,2014-02-25,18,163,23,424,27,65,76,1,3,10,13,1,0,0,0,0,0,0,3,11,0,27,778,0,27,124,11.306663612524535,6.658011045870748,0
5268,1960,Graduation,Married,29440.0,1,1,2013-08-11,95,17,8,14,10,4,3,2,1,0,4,7,0,0,0,0,0,0,3,11,0,54,56,2,7,322,10.290143539657238,4.04305126783455,1
273,1970,Master,Married,36138.0,1,1,2013-07-16,48,130,0,16,0,0,5,5,3,1,4,7,0,1,0,0,0,0,3,11,0,44,151,2,13,348,10.495127893591839,5.0238805208462765,1
4452,1957,Graduation,Single,50388.0,0,1,2014-05-28,3,292,6,37,0,3,34,4,6,1,6,7,0,1,0,1,0,0,3,11,1,57,372,1,17,32,10.827528176270343,5.921578419643816,0
8504,1973,Graduation,Married,79593.0,0,0,2014-05-12,70,350,60,568,110,133,145,1,5,6,7,2,0,0,1,0,0,0,3,11,0,41,1366,0,19,48,11.284693992107073,7.220373836723949,0
771,1967,Graduation,Together,54178.0,0,1,2014-01-21,79,135,9,39,4,0,7,1,2,2,5,2,0,0,0,0,0,0,3,11,0,47,194,1,10,159,10.900048658473553,5.272999558563747,0
8996,1957,PhD,Married,51381.5,2,1,2012-11-19,4,230,42,192,49,37,53,12,7,2,8,9,0,0,0,0,0,0,3,11,0,57,603,3,29,587,10.847052926545164,6.403574197934815,1
9235,1957,Graduation,Single,51381.5,1,1,2014-05-27,45,7,0,8,2,0,1,1,1,0,2,7,0,0,0,0,0,0,3,11,0,57,18,2,4,33,10.847052926545164,2.9444389791664403,1
5798,1973,Master,Together,51381.5,0,0,2013-11-23,87,445,37,359,98,28,18,1,2,4,8,1,0,0,0,0,0,0,3,11,0,41,985,0,15,218,10.847052926545164,6.893656354602635,0
11178,1972,Master,Single,42394.0,1,0,2014-03-23,69,15,2,10,0,1,4,1,1,0,3,7,0,0,0,0,0,0,3,11,0,42,32,1,5,98,10.654785709738103,3.4965075614664802,1
2230,1970,PhD,Married,23626.0,1,0,2014-05-24,84,27,2,14,0,0,0,3,3,1,3,5,0,0,0,0,0,0,3,11,0,44,43,1,10,36,10.070145404863476,3.784189633918261,1
7516,1983,Graduation,Married,30096.0,1,0,2014-05-22,30,5,3,11,12,5,9,1,2,0,3,6,0,0,0,0,0,0,3,11,0,31,45,1,6,38,10.312180777995717,3.828641396489095,1
7247,1960,Graduation,Widow,47916.0,0,1,2012-11-22,72,505,0,26,0,0,75,5,7,4,6,6,0,1,0,0,0,0,3,11,0,54,606,1,22,584,10.77722562648903,6.408528791059498,0
11100,1972,Graduation,Divorced,51813.0,1,1,2013-04-11,37,51,2,7,0,1,2,2,2,0,3,7,0,0,0,0,0,0,3,11,0,42,63,2,7,444,10.855415662001414,4.1588830833596715,1
4646,1951,2n Cycle,Married,78497.0,0,0,2013-12-01,44,207,26,447,75,0,223,1,5,7,12,2,0,0,0,1,0,0,3,11,0,63,978,0,25,210,11.270828425738932,6.88653164253051,0
3037,1983,PhD,Married,50150.0,0,0,2013-06-20,32,135,46,92,65,61,11,2,5,2,7,5,0,0,0,0,0,0,3,11,0,31,410,0,16,374,10.822793733370741,6.018593214496234,0
1473,1960,2n Cycle,Single,47823.0,0,1,2013-07-23,0,53,1,5,2,1,10,2,2,0,3,8,0,0,0,0,0,0,3,11,0,54,72,1,7,341,10.775282884523719,4.290459441148391,1
1016,1959,PhD,Single,34554.0,0,1,2014-03-30,43,41,1,6,2,0,5,2,2,0,3,6,0,0,0,0,0,0,3,11,0,55,55,1,7,91,10.450307536525495,4.02535169073515,1
4518,1979,Graduation,Together,85693.0,0,1,2013-04-20,59,386,172,183,185,132,111,2,9,5,11,5,0,0,0,0,0,0,3,11,0,35,1169,1,27,435,11.358538090466329,7.064759027791802,0
9370,1945,PhD,Married,65846.0,0,0,2013-05-17,68,562,81,276,80,40,81,1,6,3,6,4,0,0,0,0,0,0,3,11,0,69,1120,0,16,408,11.095089148047066,7.02197642307216,0
8908,1959,Graduation,Married,87195.0,0,0,2014-05-08,35,217,76,690,50,26,38,1,3,11,5,1,0,0,0,0,0,0,3,11,1,55,1097,0,20,52,11.375913737285305,7.001245622069476,0
8373,1979,Basic,Together,24594.0,1,0,2013-12-10,94,1,3,6,10,0,9,1,1,0,3,5,0,0,0,0,0,0,3,11,0,35,29,1,5,201,10.11029844922944,3.4011973816621555,1
7533,1964,Graduation,Married,49096.0,1,1,2013-09-24,15,144,1,32,2,1,7,4,4,1,4,7,0,0,0,0,0,0,3,11,0,50,187,2,13,278,10.80155321211961,5.236441962829949,1
2683,1969,Graduation,Married,52413.0,0,2,2013-02-02,56,295,106,271,75,98,65,4,6,4,12,6,0,0,0,0,0,0,3,11,0,45,910,2,26,512,10.866929010196616,6.814542897259958,0
3629,1978,Graduation,Single,38557.0,1,0,2012-12-19,17,76,3,31,4,4,27,2,3,1,3,7,0,0,0,0,0,0,3,11,0,36,145,1,9,557,10.559918880159413,4.983606621708336,1
10991,1960,Master,Married,89058.0,0,0,2012-12-07,18,454,194,106,31,22,43,1,5,4,4,2,0,0,0,0,0,0,3,11,0,54,850,0,14,569,11.397054350427297,6.7464121285733745,0
5077,1979,Graduation,Together,77298.0,0,1,2013-11-02,46,425,115,292,23,35,79,1,6,6,11,3,0,0,0,0,0,0,3,11,0,35,969,1,24,239,11.255436297881227,6.877296071497429,0
7431,1991,PhD,Single,68126.0,0,0,2012-11-10,40,1332,17,311,23,51,86,1,7,4,5,9,0,1,0,0,0,0,3,11,1,23,1820,0,17,596,11.129128889332778,7.507141079727608,0
3267,1963,Master,Together,57288.0,0,1,2014-06-25,27,527,0,21,0,0,60,3,8,1,8,6,0,1,0,0,0,0,3,11,0,51,608,1,20,4,10.955863912197044,6.411818267709897,0
999,1991,Graduation,Single,86037.0,0,0,2013-01-02,95,490,44,125,29,20,22,1,6,7,11,3,0,1,1,0,0,0,3,11,1,23,730,0,25,543,11.362544338109172,6.594413459749778,0
9215,1980,PhD,Married,43974.0,1,0,2012-12-12,19,378,0,101,0,0,72,5,6,4,6,7,0,0,0,0,0,0,3,11,0,34,551,1,21,564,10.691376569605758,6.313548046277095,0
2286,1962,Graduation,Single,50785.0,1,1,2013-09-10,27,64,1,21,0,1,27,2,2,1,3,6,0,0,0,0,0,0,3,11,0,52,114,2,8,292,10.835376005033337,4.74493212836325,1
1592,1970,Graduation,Married,90765.0,0,0,2014-01-24,25,547,99,812,151,82,33,0,4,6,5,1,0,0,1,1,0,0,3,11,0,44,1724,0,15,156,11.416040045126518,7.45298232946546,0
367,1978,2n Cycle,Married,36550.0,1,0,2013-02-19,74,47,90,94,123,103,120,5,9,1,5,9,0,0,0,0,0,0,3,11,0,36,577,1,20,495,10.506463824584774,6.359573868672378,0
5234,1967,2n Cycle,Together,30753.0,1,1,2013-07-11,85,12,5,25,0,9,30,2,1,1,3,5,0,0,0,0,0,0,3,11,0,47,81,2,7,353,10.333775346075639,4.406719247264253,1
9862,1969,Graduation,Together,21918.0,1,0,2013-11-14,37,1,6,7,11,5,3,2,2,0,3,6,0,0,0,0,0,0,3,11,0,45,33,1,7,227,9.995109119583352,3.5263605246161616,1
9805,1953,Master,Together,56129.0,0,1,2013-06-20,65,320,48,133,39,72,48,4,6,2,10,4,0,0,0,0,0,0,3,11,0,61,660,1,22,374,10.935425707936245,6.493753839851687,0
6205,1967,Master,Single,32557.0,1,0,2014-02-24,13,34,3,29,0,4,10,3,2,1,3,5,0,0,0,0,0,0,3,11,1,47,80,1,9,125,10.390778393168455,4.394449154672439,1
8442,1985,Master,Married,19510.0,2,0,2013-09-04,63,9,0,7,3,4,7,2,1,0,3,7,0,0,0,0,0,0,3,11,0,29,30,2,6,298,9.878733688069898,3.4339872044851463,1
7386,1976,Graduation,Divorced,30992.0,1,0,2013-04-22,83,17,0,14,7,3,2,1,1,0,3,7,0,0,0,0,0,0,3,11,0,38,43,1,5,433,10.341516651517555,3.784189633918261,1
7215,1983,Graduation,Single,101970.0,0,0,2013-03-12,69,722,27,102,44,72,168,0,6,8,13,2,0,1,1,1,0,0,3,11,1,31,1135,0,27,474,11.532443738116108,7.035268599281097,0
1491,1965,2n Cycle,Together,71488.0,0,0,2013-02-18,87,162,33,124,40,28,172,2,3,4,7,1,0,0,0,0,0,0,3,11,0,49,559,0,16,496,11.17729887069272,6.327936783729195,0
11071,1984,Graduation,Single,79607.0,0,0,2013-04-21,37,450,133,951,173,0,216,1,3,6,6,1,0,0,0,0,0,0,3,11,1,30,1923,0,16,434,11.284869869294997,7.562161631225652,0
3381,1953,Master,Married,54348.0,1,1,2014-06-08,51,70,0,16,0,0,4,2,2,0,4,6,0,0,0,0,0,0,3,11,0,61,90,2,8,21,10.903181493116058,4.51085950651685,1
8268,1961,PhD,Married,51381.5,0,1,2013-07-11,23,352,0,27,10,0,15,3,6,1,7,6,0,0,0,0,0,0,3,11,0,53,404,1,17,353,10.847052926545164,6.003887067106539,0
11051,1956,PhD,Together,77376.0,1,1,2014-05-10,72,492,19,110,16,12,12,4,6,3,10,4,0,0,0,0,0,0,3,11,0,58,661,2,23,50,11.256444857795005,6.495265555937008,0
8026,1952,Graduation,Married,62998.0,0,1,2013-09-30,10,120,58,73,65,89,58,5,5,4,5,5,0,0,0,0,0,0,3,11,0,62,463,1,19,272,11.050874132231819,6.139884552226255,0
433,1958,Master,Single,61331.0,1,1,2013-03-10,42,534,5,47,0,5,41,5,11,1,6,8,0,0,0,0,0,0,3,11,0,56,632,2,23,476,11.02405700855628,6.450470422144176,0
9597,1969,Graduation,Married,73448.0,0,0,2014-02-10,10,236,106,189,23,41,130,1,7,2,9,4,0,0,0,0,0,0,3,11,0,45,725,0,19,139,11.204346566805462,6.587550014824796,0
1295,1963,Graduation,Married,51381.5,0,1,2013-08-11,96,231,65,196,38,71,124,1,6,5,7,4,0,0,0,0,0,0,3,11,0,51,725,1,19,322,10.847052926545164,6.587550014824796,0
5290,1964,PhD,Married,41551.0,1,1,2013-08-14,51,220,0,33,3,0,23,5,5,1,5,8,0,0,0,0,0,0,3,11,0,50,279,2,16,319,10.63470093390253,5.634789603169249,1
1685,1967,PhD,Together,62981.0,0,0,2013-03-17,21,796,14,590,38,44,0,1,4,5,13,3,0,1,0,0,0,0,3,11,0,47,1482,0,23,469,11.050604250263852,7.301822342137932,0
5342,1976,Basic,Divorced,9548.0,1,0,2012-08-08,31,0,1,3,10,6,9,2,1,0,3,8,0,0,0,0,0,0,3,11,0,38,29,1,6,690,9.164191715950203,3.4011973816621555,1
9579,1959,PhD,Married,33762.0,2,1,2013-07-07,61,53,1,34,2,0,16,3,2,2,2,8,0,0,0,0,0,0,3,11,0,55,106,3,9,357,10.427120807321092,4.672828834461906,1
7660,1973,PhD,Single,35860.0,1,1,2014-05-19,37,15,0,8,4,2,20,2,1,1,2,5,1,0,0,0,0,0,3,11,1,41,49,2,6,41,10.487405632994516,3.912023005428146,1
1461,1965,PhD,Divorced,36921.0,1,1,2013-07-28,74,17,1,12,3,1,4,2,2,0,3,7,0,0,0,0,0,0,3,11,0,49,38,2,7,336,10.516562858330515,3.6635616461296463,1
821,1992,Master,Single,92859.0,0,0,2012-10-19,46,962,61,921,52,61,20,1,5,4,12,2,0,0,0,0,0,0,3,11,0,22,2077,0,22,618,11.438848261573913,7.639161171659173,0
11084,1976,Master,Together,65104.0,0,1,2013-11-14,4,738,0,232,13,20,50,2,3,5,7,7,0,0,0,0,0,0,3,11,1,38,1053,1,17,227,11.083756630162828,6.960347729101308,0
8690,1962,Graduation,Married,86111.0,0,0,2013-04-19,73,399,28,756,36,40,126,1,5,7,10,2,0,0,0,0,0,0,3,11,0,52,1385,0,23,436,11.363404053526633,7.234177179749849,0
2937,1974,PhD,Single,68352.0,0,1,2013-08-28,47,614,16,132,43,33,33,3,8,5,9,6,0,0,0,0,0,0,3,11,0,40,871,1,25,305,11.132440732922605,6.77078942390898,0
9701,1988,Graduation,Together,41883.0,1,0,2013-03-19,13,32,34,41,73,16,116,3,4,2,3,7,0,0,0,0,0,0,3,11,0,26,312,1,12,467,10.642659171407352,5.746203190540153,1
9949,1976,Graduation,Married,59809.0,0,2,2012-10-18,36,598,16,141,32,41,49,3,3,3,6,8,0,0,0,0,0,0,3,11,0,38,877,2,15,619,10.998928150038603,6.777646593635117,0
10837,1975,Graduation,Married,23957.0,1,0,2012-10-28,47,2,1,18,20,11,16,1,2,0,3,6,0,0,0,0,0,0,3,11,1,39,68,1,6,609,10.084057576291276,4.23410650459726,1
3120,1981,Graduation,Together,38547.0,1,0,2013-08-28,49,6,1,10,0,1,4,1,1,0,2,8,0,0,0,0,0,1,3,11,0,33,22,1,4,305,10.559659496971179,3.1354942159291497,1
5885,1973,2n Cycle,Married,35688.0,2,1,2012-08-22,94,73,3,90,12,1,32,7,4,1,4,8,0,0,0,0,0,0,3,11,0,41,211,3,16,676,10.482597797038709,5.356586274672012,1
4050,1966,Master,Married,49605.0,0,0,2014-06-21,65,42,16,29,12,20,8,1,2,1,4,3,0,0,0,0,0,0,3,11,0,48,127,0,8,8,10.811867073138947,4.852030263919617,0
3830,1953,Master,Married,59354.0,0,2,2014-04-24,59,295,21,78,39,13,13,1,4,4,7,3,0,0,0,0,0,0,3,11,0,61,459,2,16,66,10.991291642487635,6.131226489483141,0
7987,1969,Graduation,Married,65747.0,0,1,2014-03-07,96,346,17,48,23,13,13,4,8,1,6,6,0,1,0,0,0,0,3,11,0,45,460,1,19,114,11.093584531326416,6.133398042996649,0
7798,1972,2n Cycle,Together,46344.0,0,1,2012-12-14,28,233,20,57,8,20,91,4,7,1,5,7,0,0,0,0,0,0,3,11,0,42,429,1,17,562,10.743868690309933,6.063785208687608,0
92,1988,Graduation,Single,34176.0,1,0,2014-05-12,12,5,7,24,19,14,20,4,3,0,4,6,0,0,0,0,0,0,3,11,0,26,89,1,11,48,10.439308182191418,4.499809670330265,1
7055,1952,PhD,Together,61010.0,0,1,2012-10-09,57,888,0,57,0,0,76,2,8,5,11,5,0,0,0,0,0,0,3,11,0,62,1021,1,26,628,11.018809454767185,6.92951677076365,0
10240,1949,Graduation,Together,69372.0,0,0,2013-02-19,10,997,26,269,34,13,42,1,10,4,6,4,0,1,1,0,0,0,3,11,1,65,1381,0,21,495,11.147253021804348,7.231287004327616,0
3025,1958,Graduation,Single,49967.0,0,1,2013-07-08,4,212,6,69,4,12,3,3,6,1,5,7,0,0,0,0,0,0,3,11,0,56,306,1,15,356,10.81913807952286,5.726847747587197,0
9283,1978,Graduation,Single,60199.0,1,2,2013-09-12,49,8,1,7,2,0,0,1,0,0,3,4,0,0,0,0,0,0,3,11,0,36,18,3,4,290,11.005427631296913,2.9444389791664403,1
9970,1977,Graduation,Together,55375.0,0,1,2013-10-17,3,42,11,57,10,28,14,1,1,1,6,2,0,0,0,0,0,0,3,11,0,37,162,1,9,255,10.921901565875125,5.093750200806762,0
2730,1955,Graduation,Single,80317.0,0,0,2013-08-20,64,536,11,387,149,91,57,1,3,4,10,1,0,0,0,0,0,0,3,11,0,59,1231,0,18,313,11.29374903421713,7.116394144093465,0
2795,1958,Master,Single,30523.0,2,1,2013-07-01,0,5,0,3,0,0,5,1,1,0,2,7,0,0,0,0,0,0,3,11,0,56,13,3,4,363,10.326268538409524,2.639057329615259,1
9260,1945,PhD,Married,70356.0,0,0,2012-11-05,20,1349,16,249,43,16,33,2,10,6,9,6,0,0,0,0,0,0,3,11,0,69,1706,0,27,601,11.161337560080053,7.442492722794441,0
8182,1984,Graduation,Married,23228.0,1,0,2014-01-05,91,53,3,49,7,4,5,4,3,0,4,8,0,0,0,0,0,0,3,11,0,30,121,1,11,175,10.053156777054832,4.804021044733257,1
10095,1975,PhD,Divorced,74165.0,0,0,2013-05-01,9,1001,12,240,16,12,12,1,5,4,10,2,0,0,0,0,0,0,3,11,0,39,1293,0,20,424,11.214061103115878,7.165493475060845,0
8475,1973,PhD,Married,157243.0,0,1,2014-03-01,98,20,2,1582,1,2,1,15,0,22,0,0,0,0,0,0,0,0,3,11,0,41,1608,1,37,120,11.965554018031874,7.3833681469923835,0
4370,1966,Graduation,Together,43482.0,2,1,2013-11-13,83,18,1,32,6,3,28,3,2,0,4,6,0,0,0,0,0,0,3,11,0,48,88,3,9,228,10.680125336095056,4.48863636973214,1
10573,1953,Graduation,Divorced,62551.0,0,0,2013-11-18,27,125,16,98,134,21,27,1,6,7,4,3,1,0,0,0,0,0,3,11,0,61,421,0,18,223,11.04375348980435,6.045005314036012,0
3712,1959,Graduation,Divorced,52332.0,0,0,2013-08-28,63,212,5,33,7,0,2,1,3,2,6,4,0,1,0,0,0,0,3,11,0,55,259,0,12,305,10.865382426215298,5.560681631015528,0
6637,1988,Graduation,Single,66951.0,0,0,2013-11-02,46,277,162,305,173,76,124,1,3,4,7,1,0,0,0,0,0,0,3,11,0,26,1117,0,15,239,11.11173122371271,7.0192966537150445,0
3152,1957,Graduation,Together,26091.0,1,1,2014-02-25,84,15,10,19,8,17,20,3,2,1,3,5,0,0,0,0,0,0,3,11,0,57,89,2,9,124,10.169384032915987,4.499809670330265,1
5610,1965,Graduation,Together,33456.0,1,1,2014-04-21,58,7,3,10,8,1,7,2,1,0,3,7,0,0,0,0,0,0,3,11,0,49,36,2,6,69,10.4180163112265,3.6109179126442243,1
6460,1982,Graduation,Married,28718.0,1,0,2013-07-13,78,12,4,6,11,8,16,2,2,0,3,8,0,0,0,0,0,0,3,11,0,32,57,1,7,351,10.265314203614462,4.060443010546419,1
1349,1970,Graduation,Married,50447.0,2,0,2014-04-21,4,85,7,24,2,3,27,1,3,1,3,6,0,0,0,0,0,0,3,11,0,44,148,2,8,69,10.828698381784841,5.003946305945459,1
1880,1959,PhD,Together,53537.0,1,1,2014-01-30,17,81,0,6,0,0,6,2,2,1,3,5,0,0,0,0,0,0,3,11,0,55,93,2,8,150,10.888146961128207,4.543294782270004,1
641,1967,Graduation,Single,52074.0,0,1,2014-04-04,77,59,0,12,0,0,48,1,2,2,2,4,1,0,0,0,0,0,3,11,0,47,119,1,7,86,10.860440266129173,4.787491742782046,1
8717,1975,PhD,Married,80427.0,0,1,2012-09-12,56,1149,71,449,69,71,26,1,11,8,8,5,0,0,0,0,0,0,3,11,0,39,1835,1,28,655,11.295117653245537,7.515344571180436,0
10314,1948,PhD,Married,83837.0,0,0,2012-12-16,79,847,66,119,86,89,111,1,9,10,5,4,0,1,0,1,0,0,3,11,1,66,1318,0,25,560,11.336641644308504,7.1846291527173145,0
10854,1970,PhD,Married,38853.0,1,1,2014-05-23,90,29,0,14,0,0,2,2,2,0,3,7,0,0,0,0,0,0,3,11,0,44,45,2,7,37,10.567566310598727,3.828641396489095,1
10492,1959,Graduation,Together,38285.0,2,1,2014-06-24,96,2,0,5,2,0,1,1,0,0,3,2,0,0,0,0,0,0,3,11,0,55,10,3,4,5,10.552839573096401,2.3978952727983707,1
6935,1951,2n Cycle,Married,78497.0,0,0,2013-12-01,44,207,26,447,75,0,223,1,5,7,12,2,0,0,0,1,0,0,3,11,0,63,978,0,25,210,11.270828425738932,6.88653164253051,0
7698,1976,PhD,Married,51650.0,0,1,2014-05-11,81,152,3,22,2,5,7,1,4,1,4,5,0,0,0,0,0,0,3,11,0,38,191,1,10,49,10.852264835444583,5.2574953720277815,0
3559,1988,2n Cycle,Married,16248.0,1,0,2014-05-10,77,12,11,10,3,12,9,3,2,1,3,6,0,0,0,0,0,0,3,11,0,26,57,1,9,50,9.695786647402777,4.060443010546419,1
10562,1946,Master,Married,66835.0,0,0,2013-09-28,21,620,26,195,34,17,141,1,6,4,13,2,0,0,0,0,0,0,3,11,0,68,1033,0,24,274,11.109997136514034,6.9411900550683745,0
10796,1984,Master,Married,30477.0,1,0,2014-01-22,16,47,1,6,0,0,12,1,1,1,3,6,0,0,0,0,0,0,3,11,0,30,66,1,6,158,10.324760390849805,4.204692619390966,1
2563,1961,Basic,Married,28249.0,0,0,2014-06-15,80,1,9,7,2,14,10,1,2,0,3,6,0,0,0,0,0,0,3,11,0,53,43,0,6,14,10.248848736574587,3.784189633918261,1
3518,1983,Graduation,Married,25271.0,1,0,2012-12-05,45,10,1,18,10,4,7,1,1,1,2,9,0,0,0,0,0,0,3,11,0,31,50,1,5,571,10.137452342481922,3.9318256327243257,1
5823,1970,PhD,Single,32303.0,0,1,2014-03-08,63,35,0,2,0,0,2,2,1,0,4,5,0,0,0,0,0,0,3,11,0,44,39,1,7,113,10.38294634055262,3.6888794541139363,1
3934,1966,Graduation,Married,61286.0,0,1,2013-08-02,34,356,0,107,19,9,117,2,7,1,8,5,0,0,0,0,0,0,3,11,0,48,608,1,18,331,11.023323027655763,6.411818267709897,0
6982,1976,Graduation,Married,74068.0,0,0,2013-03-19,14,783,30,537,140,76,15,1,4,10,9,2,0,0,0,0,0,0,3,11,0,38,1581,0,24,467,11.212752370173659,7.366445148327599,0
6431,1964,PhD,Married,45759.0,1,1,2013-02-23,13,42,1,18,3,0,4,2,2,0,3,7,0,0,0,0,0,0,3,11,0,50,68,2,7,491,10.731165626053679,4.23410650459726,1
9733,1978,Basic,Together,24882.0,1,0,2012-09-09,52,1,4,10,29,0,36,1,1,1,2,6,1,0,0,0,0,0,3,11,0,36,80,1,5,658,10.121940118362215,4.394449154672439,1
5602,1989,PhD,Together,66973.0,0,0,2013-05-17,98,466,22,432,147,113,102,1,8,7,12,3,0,0,0,0,0,0,3,11,0,25,1282,0,28,408,11.11205976335696,7.1569563646156364,0
1324,1988,Graduation,Married,38872.0,1,0,2013-05-30,93,23,3,21,3,19,22,2,3,0,3,8,0,0,0,0,0,0,3,11,0,26,91,1,8,395,10.568055201212758,4.5217885770490405,1
326,1973,Graduation,Married,51148.0,1,1,2013-02-18,38,235,6,45,8,9,12,4,5,1,6,6,0,0,0,0,0,0,3,11,0,41,315,2,16,496,10.842498220846531,5.755742213586912,1
7224,1977,Graduation,Married,31353.0,1,1,2013-12-29,24,10,0,10,3,1,7,2,1,1,2,8,0,0,0,0,0,0,3,11,0,37,31,2,6,182,10.353097129628477,3.4657359027997265,1
6999,1980,Master,Married,69661.0,0,0,2014-05-13,80,656,16,106,32,16,8,1,7,3,12,3,0,0,0,0,0,0,3,11,0,34,834,0,23,47,11.151410254389267,6.727431724850855,0
9938,1954,Graduation,Married,80067.0,0,0,2013-09-19,82,519,17,813,27,173,51,1,4,6,6,2,0,0,1,0,0,0,3,11,0,60,1600,0,17,283,11.290631552610597,7.3783837129967145,0
6422,1954,Graduation,Married,86718.0,0,0,2013-01-17,20,344,189,482,50,33,172,1,5,6,5,2,0,0,0,0,0,0,3,11,0,60,1270,0,17,528,11.370428285241672,7.147559271189454,0
3182,1973,PhD,Single,46854.0,1,1,2014-03-31,81,96,1,79,7,1,79,6,5,1,3,8,1,0,0,0,0,0,3,11,1,41,263,2,15,90,10.754813005557924,5.575949103146316,1
7300,1952,Graduation,Divorced,69142.0,0,1,2014-06-29,50,448,4,34,6,4,39,3,8,1,7,5,0,1,0,0,0,0,3,11,0,62,535,1,19,0,11.143932102757024,6.284134161070802,0
10424,1968,Graduation,Single,75922.0,0,0,2013-12-09,60,265,138,553,224,23,92,1,4,4,9,1,0,0,0,0,0,0,3,11,0,46,1295,0,18,202,11.237474947782342,7.16703787691222,0
8727,1978,Graduation,Divorced,63693.0,0,1,2013-10-14,63,587,43,337,42,87,54,3,11,6,9,6,0,0,0,0,0,0,3,11,0,36,1150,1,29,258,11.061845645601192,7.048386408721883,0
2798,1977,PhD,Together,102160.0,0,0,2012-11-02,54,763,29,138,76,176,58,0,7,9,10,4,0,1,1,1,0,0,3,11,1,37,1240,0,26,604,11.534305279225467,7.123672785204607,0
1030,1965,PhD,Single,40637.0,1,1,2013-07-17,72,22,0,13,0,0,3,2,1,0,3,7,0,0,0,0,0,0,3,11,0,49,38,2,6,347,10.612458868442959,3.6635616461296463,1
624,1984,Master,Single,18890.0,0,0,2012-11-10,5,6,4,1,7,2,15,1,0,1,2,6,1,0,0,0,0,0,3,11,1,30,35,0,4,596,9.846440897156853,3.58351893845611,1
5176,1988,Graduation,Together,29604.0,1,0,2013-12-08,88,7,6,13,7,6,14,1,1,0,3,9,1,0,0,0,0,0,3,11,0,26,53,1,5,203,10.295698544965877,3.9889840465642745,1
5552,1963,Master,Divorced,48721.0,1,1,2013-05-13,50,81,18,113,47,13,21,6,4,2,5,6,0,0,0,0,0,0,3,11,0,51,293,2,17,412,10.793885952444333,5.683579767338681,1
868,1966,Graduation,Married,44794.0,0,1,2014-06-08,99,54,0,7,0,0,4,1,2,0,3,6,0,0,0,0,0,0,3,11,0,48,65,1,6,21,10.709851805031679,4.189654742026425,1
380,1954,Graduation,Divorced,64497.0,0,1,2012-09-10,17,1170,48,320,42,32,192,5,11,4,9,8,1,0,0,0,0,0,3,11,1,60,1804,1,29,657,11.074389494551175,7.498315870766981,0
2677,1956,Graduation,Together,46097.0,0,1,2013-03-31,11,72,24,68,65,4,8,5,3,1,6,4,0,0,0,0,0,0,3,11,0,58,241,1,15,455,10.73852484409569,5.488937726156687,1
6521,1954,Graduation,Together,77972.0,0,0,2014-03-18,18,613,22,319,33,102,12,1,4,6,9,1,0,0,0,0,0,0,3,11,0,60,1101,0,20,103,11.264117891900502,7.00488198971286,0
6927,1968,PhD,Married,44377.0,1,1,2012-10-05,70,224,0,30,0,0,10,8,5,1,5,8,0,0,0,0,0,0,3,11,0,46,264,2,19,632,10.700499130126362,5.579729825986222,1
2877,1974,Master,Together,46014.0,1,1,2013-01-21,21,410,0,59,19,9,44,10,7,1,8,7,0,0,0,0,0,0,3,11,0,40,541,2,26,524,10.736722709272957,6.295266001439646,1
0,1985,Graduation,Married,70951.0,0,0,2013-05-04,66,239,10,554,254,87,54,1,3,4,9,1,0,0,0,0,0,0,3,11,0,29,1198,0,17,421,11.169758871056288,7.089243155027514,0
1584,1977,Graduation,Married,41443.0,1,0,2014-04-01,79,171,7,171,25,19,89,6,8,1,5,8,0,0,0,0,0,0,3,11,0,37,482,1,20,89,10.632098397371642,6.180016653652572,0
7264,1978,2n Cycle,Single,52195.0,2,1,2014-05-12,2,12,0,4,0,0,1,1,1,0,2,8,0,0,0,0,0,0,3,11,0,36,17,3,4,48,10.862761142582137,2.8903717578961645,1
6274,1948,Master,Married,83790.0,0,0,2013-11-15,81,1076,16,417,42,48,16,1,8,10,6,3,0,1,1,0,0,0,3,11,0,66,1615,0,25,226,11.336080882134516,7.38770923908104,0
1377,1954,Master,Widow,44551.0,0,1,2013-08-31,24,182,4,33,0,0,66,2,4,1,5,7,0,0,0,0,0,0,3,11,0,60,285,1,12,302,10.704412325269505,5.655991810819852,0
454,1980,Graduation,Together,69508.0,1,0,2012-11-14,48,824,32,162,42,32,43,2,11,4,11,6,0,0,0,0,0,0,3,11,0,34,1135,1,28,592,11.149211519571827,7.035268599281097,0
1755,1988,2n Cycle,Together,45204.0,1,0,2014-04-11,93,30,11,25,29,1,18,1,1,1,4,3,0,0,0,0,0,0,3,11,0,26,114,1,7,79,10.718962979171467,4.74493212836325,1
2075,1969,Graduation,Married,72460.0,0,0,2013-11-14,56,377,10,540,80,30,10,1,3,5,7,1,0,0,0,0,0,0,3,11,0,45,1047,0,16,227,11.190803765071477,6.954638864880987,0
4785,1970,PhD,Together,77622.0,0,2,2014-04-14,3,520,7,154,19,0,14,2,6,3,11,3,0,0,0,0,0,0,3,11,0,44,714,2,22,76,11.25961905400853,6.5722825426940075,0
9076,1980,PhD,Married,30732.0,1,0,2013-01-05,44,155,1,25,0,1,3,4,4,1,4,8,0,0,0,0,0,0,3,11,0,34,185,1,13,540,10.333092274830772,5.225746673713202,1
7079,1962,Graduation,Divorced,63887.0,0,1,2012-09-08,38,897,23,207,15,11,92,5,9,6,12,6,0,0,0,0,0,0,3,11,0,52,1245,1,32,659,11.064886829303003,7.1276936993473985,0
4653,1978,Graduation,Together,42011.0,1,0,2013-03-26,46,131,0,16,2,1,39,4,3,1,4,8,0,0,0,0,0,0,3,11,0,36,189,1,12,460,10.645710570742667,5.247024072160486,1
7375,1976,Graduation,Together,51369.0,0,1,2012-10-25,84,297,7,79,0,11,182,2,8,2,4,8,0,0,0,0,0,0,3,11,0,38,576,1,16,612,10.846809623461313,6.3578422665081,0
709,1952,Graduation,Divorced,51537.0,0,1,2012-12-09,27,787,20,204,0,0,92,3,2,2,11,8,0,0,0,0,0,0,3,11,0,62,1103,1,18,567,10.850074678641633,7.00669522683704,0
460,1972,PhD,Married,79930.0,0,0,2012-08-08,72,792,86,740,67,51,17,1,3,5,8,2,0,0,0,0,0,0,3,11,0,42,1753,0,17,690,11.288919041488882,7.469654172932128,0
3726,1986,PhD,Together,34320.0,1,0,2014-02-16,66,4,1,9,3,0,0,1,1,0,2,8,0,0,0,0,0,0,3,11,0,28,17,1,4,133,10.443512690706546,2.8903717578961645,1
6798,1966,Graduation,Single,37070.0,1,1,2013-03-20,30,231,7,137,4,15,39,9,5,1,8,7,0,0,0,0,0,0,3,11,1,48,433,2,23,466,10.520590271772301,6.073044534100405,1
5341,1962,2n Cycle,Divorced,81975.0,0,1,2013-01-05,2,983,76,184,180,138,27,1,6,3,4,7,0,0,1,0,0,0,3,11,0,52,1588,1,14,540,11.314181800479554,7.370860166536716,0
1606,1971,Graduation,Together,38590.0,1,0,2013-05-15,65,3,1,8,4,3,3,1,1,0,2,8,0,0,0,0,0,0,3,11,0,43,22,1,4,410,10.560774367644997,3.1354942159291497,1
9617,1951,Graduation,Single,15033.0,0,0,2014-04-16,37,0,4,5,6,0,4,1,1,0,3,3,0,0,0,0,0,0,3,11,0,63,19,0,5,74,9.618069581737414,2.995732273553991,1
3233,1965,PhD,Married,62745.0,0,1,2013-03-23,89,562,21,464,28,10,32,3,7,8,11,5,0,0,0,0,0,0,3,11,0,49,1117,1,29,463,11.04685010994231,7.0192966537150445,0
89,1975,2n Cycle,Married,22212.0,1,0,2013-12-09,49,5,9,20,6,8,21,2,2,0,4,6,0,0,0,0,0,0,3,11,0,39,69,1,8,202,10.008432982057622,4.248495242049359,1
2936,1982,Master,Together,23661.0,1,0,2013-12-04,46,18,0,4,0,0,1,1,1,0,3,7,0,0,0,0,0,0,3,11,0,32,23,1,5,207,10.071625664813608,3.1780538303479458,1
9449,1958,PhD,Single,79761.0,0,1,2013-10-04,32,415,5,124,15,35,11,1,5,2,11,3,0,0,0,0,0,0,3,11,0,56,605,1,19,268,11.286802479547019,6.406879986069314,0
7297,1973,Graduation,Single,7500.0,1,0,2013-12-26,54,5,3,10,12,7,20,4,3,1,3,7,0,0,0,0,0,0,3,11,0,41,57,1,11,185,8.922791623969637,4.060443010546419,1
313,1968,Graduation,Widow,73455.0,0,0,2013-10-28,98,901,61,757,186,163,20,1,6,5,10,3,0,1,0,0,0,0,3,11,0,46,2088,0,22,244,11.204441866489002,7.644440761556566,0
9940,1958,Graduation,Together,64961.0,0,1,2012-12-23,97,382,114,276,75,124,38,2,6,4,4,3,0,0,0,0,0,0,3,11,0,56,1009,1,16,553,11.081557762538953,6.917705609835305,0
10735,1971,Graduation,Single,22804.0,1,0,2013-07-31,75,14,1,7,2,1,1,1,2,0,2,9,0,0,0,0,0,0,3,11,0,43,26,1,5,333,10.034735089145801,3.295836866004329,1
9529,1990,Graduation,Married,73687.0,0,0,2013-11-28,8,559,153,503,218,13,181,1,3,9,9,2,0,0,0,1,0,0,3,11,1,24,1627,0,22,213,11.207595242668072,7.395107546562485,0
6439,1958,Graduation,Married,61074.0,0,1,2012-08-17,37,789,0,133,0,28,152,7,11,5,8,7,0,0,0,0,0,0,3,11,0,56,1102,1,31,681,11.019857896125941,7.005789019253503,0
7411,1964,PhD,Married,31686.0,1,1,2014-06-05,31,11,0,5,0,0,1,2,1,0,3,6,0,0,0,0,0,0,3,11,0,50,17,2,6,24,10.363661781116345,2.8903717578961645,1
2176,1972,Graduation,Married,80134.0,1,0,2013-05-20,40,1218,16,272,104,0,80,2,5,3,6,6,0,1,1,1,0,0,3,11,1,42,1690,1,16,405,11.291467991427675,7.43307534889858,0
9265,1953,Graduation,Married,75027.0,0,1,2013-01-09,74,925,64,179,133,12,77,2,9,4,6,5,0,0,0,0,0,0,3,11,0,61,1390,1,21,536,11.225616656180232,7.237778191923443,0
8867,1988,PhD,Married,67546.0,0,0,2012-08-31,90,864,134,768,150,38,172,1,4,10,5,3,0,0,0,0,0,0,3,11,0,26,2126,0,20,667,11.120578930855121,7.6624678152002375,0
8932,1969,Master,Together,65176.0,0,1,2012-10-29,57,960,28,183,220,70,70,4,9,6,6,6,0,0,0,0,0,0,3,11,0,45,1531,1,25,608,11.084861924943842,7.3343293503005365,0
10236,1975,Master,Single,31160.0,1,0,2013-09-16,59,16,3,25,6,1,13,2,2,0,3,8,0,0,0,0,0,0,3,11,0,39,64,1,7,286,10.346922591895922,4.174387269895637,1
6340,1985,Graduation,Single,29938.0,1,0,2013-10-27,52,3,3,7,0,2,11,2,1,0,3,6,0,0,0,0,0,0,3,11,0,29,26,1,6,245,10.306917257282223,3.295836866004329,1
10089,1974,Graduation,Divorced,102692.0,0,0,2013-04-05,5,168,148,444,32,172,148,1,6,9,13,2,0,1,1,1,1,0,3,11,1,40,1112,0,29,450,11.539499233905259,7.014814351275545,0
2227,1958,2n Cycle,Together,26490.0,0,0,2012-09-22,92,45,47,52,21,20,25,2,3,1,5,6,0,0,0,0,0,0,3,11,0,56,210,0,11,645,10.184560331647974,5.351858133476067,1
10992,1967,Graduation,Together,75702.0,1,1,2012-08-29,77,650,28,353,45,42,30,5,4,6,11,8,0,0,0,0,0,0,3,11,0,47,1148,2,26,669,11.234573068759179,7.046647277848756,0
5304,1974,PhD,Single,30899.0,1,0,2012-10-13,35,24,0,8,0,0,1,2,1,0,3,6,0,0,0,0,0,0,3,11,0,40,33,1,6,624,10.338511462885837,3.5263605246161616,1
309,1961,PhD,Together,63342.0,0,1,2012-10-16,48,918,21,118,13,10,21,3,8,3,5,6,0,1,0,0,0,0,3,11,0,53,1101,1,19,621,11.056319682406446,7.00488198971286,0
3406,1964,Graduation,Single,45989.0,0,1,2012-10-22,97,138,33,87,28,24,12,4,3,2,7,3,0,0,0,0,0,0,3,11,0,50,322,1,16,615,10.73617926053397,5.777652323222656,0
2661,1964,Graduation,Single,18701.0,1,1,2013-06-04,95,12,4,2,10,6,10,4,2,0,4,5,0,0,0,0,0,0,3,11,0,50,44,2,10,390,9.836385748995392,3.8066624897703196,1
3153,1957,PhD,Single,40737.0,2,1,2013-12-08,24,11,0,4,0,0,2,1,1,0,2,8,0,0,0,0,0,0,3,11,0,57,17,3,4,203,10.614916596774085,2.8903717578961645,1
10264,1979,Graduation,Divorced,15287.0,1,0,2012-10-10,60,1,2,8,4,3,13,2,1,1,2,7,1,0,0,0,0,0,3,11,1,35,31,1,6,627,9.634823485920109,3.4657359027997265,1
1184,1968,PhD,Divorced,69674.0,0,2,2013-05-22,46,554,41,215,11,0,24,3,10,2,10,5,0,0,0,0,0,0,3,11,0,46,845,2,25,403,11.15159685235015,6.740519359606223,0
4200,1970,Master,Married,44159.0,1,0,2014-06-17,85,167,2,62,24,13,7,4,4,1,6,5,0,0,0,0,0,0,3,11,0,44,275,1,15,12,10.695574680950976,5.62040086571715,0
9396,1978,PhD,Married,37717.0,1,0,2012-11-23,31,9,0,6,4,1,5,1,1,0,2,9,0,0,0,0,0,0,3,11,0,36,25,1,4,583,10.53789271307231,3.258096538021482,1
2387,1952,Master,Together,43776.0,1,1,2013-02-03,9,177,2,71,3,2,20,6,5,2,4,8,0,0,0,0,0,0,3,11,1,62,275,2,17,511,10.686863844288563,5.62040086571715,1
6690,1966,Master,Married,38179.0,1,1,2013-03-14,30,38,4,22,4,2,20,4,3,1,3,7,0,0,0,0,0,0,3,11,0,48,90,2,11,472,10.550067097279738,4.51085950651685,1
1225,1963,Graduation,Married,80124.0,0,0,2014-06-26,47,483,84,398,205,84,241,1,3,7,8,1,1,0,0,0,0,0,3,11,0,51,1495,0,19,3,11.291343194222971,7.310550158534422,0
9703,1970,PhD,Married,38097.0,1,1,2012-10-15,70,77,2,35,0,1,69,4,3,2,2,7,1,0,0,0,0,0,3,11,1,44,184,2,11,622,10.547917066298643,5.220355825078325,1
291,1970,Graduation,Married,72940.0,0,0,2013-06-19,13,182,74,298,162,149,116,1,3,3,6,1,0,0,0,0,0,0,3,11,0,44,981,0,13,375,11.197406174167238,6.889591308354466,0
4557,1970,Graduation,Together,22070.0,1,0,2013-10-04,11,10,7,19,8,2,21,2,2,2,2,6,0,0,0,0,0,0,3,11,0,44,67,1,8,268,10.002019808600375,4.219507705176107,1
2379,1953,Graduation,Single,69267.0,0,0,2012-09-22,31,778,44,499,95,73,146,2,3,4,5,7,0,0,0,0,0,0,3,11,1,61,1635,0,14,645,11.145738318072041,7.400009517162692,0
5726,1983,Master,Single,31788.0,1,0,2014-03-20,15,16,7,23,0,8,6,3,3,0,4,5,0,0,0,0,0,1,3,11,0,31,60,1,10,101,10.366875596977243,4.110873864173311,1
3066,1975,PhD,Together,61905.0,0,1,2014-02-04,2,167,0,43,6,2,13,2,4,2,4,5,0,0,0,0,0,0,3,11,0,39,231,1,12,145,11.033372384508345,5.44673737166631,0
6336,1960,Graduation,Married,29315.0,1,1,2014-04-06,55,13,2,14,8,7,4,4,2,0,4,6,0,0,0,0,0,0,3,11,0,54,48,2,10,84,10.28588872104574,3.8918202981106265,1
10967,1963,Graduation,Divorced,33378.0,1,1,2013-02-06,38,33,6,40,3,7,10,3,2,0,4,7,0,0,0,0,0,0,3,11,0,51,99,2,9,508,10.415682238708357,4.605170185988092,1
2304,1963,PhD,Together,66313.0,0,1,2013-09-16,86,625,7,99,10,22,7,2,6,3,12,4,0,0,0,0,0,0,3,11,0,51,770,1,23,286,11.102156315270157,6.647688373563329,0
3445,1956,Graduation,Single,60714.0,0,0,2013-01-17,56,216,162,224,101,92,162,2,7,4,10,5,0,0,0,0,0,0,3,11,1,58,957,0,23,528,11.01394606348792,6.86484777797086,0
7828,1981,Master,Together,77882.0,0,0,2014-04-30,29,68,129,396,188,22,15,1,3,3,5,1,0,0,0,0,0,0,3,11,0,33,818,0,12,60,11.262962979545462,6.70808408385307,0
3762,1986,PhD,Single,69867.0,0,0,2013-04-02,30,196,0,512,33,130,54,1,3,5,8,1,0,0,0,1,0,0,3,11,1,28,925,0,17,453,11.154363026548284,6.8308742346461795,0
4391,1968,Master,Divorced,63841.0,0,1,2013-04-21,64,635,15,100,20,7,131,1,9,3,9,6,0,0,0,0,0,0,3,11,0,46,908,1,22,434,11.06416655995377,6.812345094177479,0
4669,1981,Basic,Married,24480.0,1,0,2013-02-11,46,4,19,9,28,25,17,3,3,0,4,7,0,0,0,0,0,0,3,11,0,33,102,1,10,503,10.10565258546514,4.634728988229636,1
10144,1976,Graduation,Together,51369.0,0,1,2012-10-25,84,297,7,79,0,11,182,2,8,2,4,8,0,0,0,0,0,0,3,11,0,38,576,1,16,612,10.846809623461313,6.3578422665081,0
8652,1946,Graduation,Together,37760.0,0,0,2012-08-31,20,84,5,38,150,12,28,2,4,1,6,7,0,0,0,0,0,0,3,11,0,68,317,0,13,667,10.539032102959615,5.762051382780177,0
1672,1974,PhD,Together,65640.0,0,1,2014-03-01,74,204,7,149,20,15,66,1,5,1,8,2,0,0,0,0,0,0,3,11,0,40,461,1,15,120,11.091955779701022,6.135564891081739,0
8962,1975,Master,Married,44319.0,1,1,2014-04-17,18,26,0,8,0,0,3,2,2,0,3,5,0,0,0,0,0,0,3,11,0,39,37,2,7,73,10.699191321421166,3.6375861597263857,1
9974,1974,Graduation,Married,30631.0,1,0,2013-07-12,75,15,6,20,4,5,20,1,3,1,2,7,0,0,0,0,0,0,3,11,0,40,70,1,7,352,10.32980049315713,4.2626798770413155,1
10983,1952,Graduation,Together,75278.0,0,0,2013-01-29,17,304,98,230,150,74,74,1,6,3,13,3,0,0,0,0,0,0,3,11,0,62,930,0,23,516,11.22895649043033,6.836259277277067,0
8148,1956,Master,Together,50898.0,1,1,2013-01-08,88,285,28,242,55,114,135,13,6,2,12,5,0,0,0,0,0,0,3,11,0,58,859,2,33,537,10.837598555980199,6.756932389247553,0
10102,1966,Graduation,Widow,79946.0,0,0,2014-05-12,19,395,183,565,166,141,28,1,5,11,5,3,0,0,0,0,0,0,3,11,0,48,1478,0,22,48,11.28911919410592,7.2991214627108,0
4697,1949,Master,Divorced,35416.0,0,0,2013-06-13,62,248,3,81,4,3,51,3,7,1,5,8,0,0,0,0,0,0,3,11,0,65,390,0,16,381,10.47494720983897,5.968707559985366,0
9262,1984,2n Cycle,Together,32414.0,0,0,2013-07-04,11,20,6,5,0,9,12,1,1,0,3,7,1,0,0,0,0,0,3,11,0,30,52,0,5,360,10.386376557609095,3.970291913552122,1
7254,1969,Graduation,Together,38361.0,1,0,2013-12-27,74,39,0,56,20,8,14,3,3,1,3,7,0,0,0,0,0,0,3,11,0,45,137,1,10,184,10.554822665281634,4.927253685157205,1
4543,1980,Graduation,Married,82497.0,0,0,2012-10-31,32,777,129,573,216,21,203,1,2,7,9,4,0,0,1,0,0,0,3,11,0,34,1919,0,19,606,11.320529329604678,7.560080465021827,0
4927,1971,Graduation,Together,16626.0,2,0,2014-01-15,76,8,3,22,21,1,13,3,3,0,3,9,0,0,0,0,0,0,3,11,0,43,68,2,9,165,9.71878315904038,4.23410650459726,1
10451,1965,Graduation,Together,29672.0,1,1,2013-03-12,6,9,1,3,0,4,8,1,0,0,3,6,0,0,0,0,0,0,3,11,0,49,25,2,4,474,10.29799282040795,3.258096538021482,1
2926,1952,Master,Together,55951.0,0,1,2012-08-23,62,1241,0,80,0,13,40,3,3,6,11,8,0,1,0,0,1,0,3,11,0,62,1374,1,23,675,10.932249459303158,7.226209010100671,0
2874,1988,2n Cycle,Divorced,35388.0,1,0,2013-03-07,20,6,4,7,4,3,8,1,1,0,3,7,0,0,0,0,0,0,3,11,0,26,32,1,5,479,10.474156316370632,3.4965075614664802,1
9738,1986,Master,Together,42386.0,1,0,2013-01-13,43,65,4,16,0,4,11,1,3,0,3,8,0,0,0,0,0,0,3,11,0,28,100,1,7,532,10.654596990433918,4.61512051684126,1
7119,1982,Graduation,Single,68627.0,0,0,2013-01-12,45,395,15,263,60,54,38,1,2,3,6,1,0,0,0,0,0,0,3,11,0,32,825,0,12,533,11.136455893703317,6.716594773520978,0
3924,1965,PhD,Divorced,57912.0,0,1,2014-03-17,34,801,0,80,0,0,35,5,8,3,12,5,0,1,0,0,0,0,3,11,0,49,916,1,28,104,10.966697163402289,6.821107472256465,0
5827,1958,Graduation,Divorced,35246.0,1,1,2014-04-16,53,36,0,12,2,2,10,4,3,1,3,5,0,0,0,0,0,0,3,11,0,56,62,2,11,74,10.470135698235682,4.143134726391533,1
5596,1956,2n Cycle,Together,58821.0,0,1,2013-10-12,44,513,14,154,19,0,28,1,9,2,9,6,0,0,0,0,0,0,3,11,0,58,728,1,21,260,10.982271213570051,6.591673732008658,0
10812,1978,PhD,Married,46377.0,1,0,2014-03-01,89,37,0,46,4,3,0,1,2,1,3,4,0,0,0,0,0,0,3,11,0,36,90,1,7,120,10.744580487844381,4.51085950651685,1
1717,1988,Graduation,Single,39747.0,1,0,2014-04-13,43,80,15,93,20,13,52,3,5,1,4,8,0,0,0,0,0,0,3,11,0,26,273,1,13,77,10.590314804351253,5.6131281063880705,1
9491,1984,Graduation,Together,23976.0,1,0,2013-12-27,68,14,1,21,2,3,25,3,3,1,3,7,0,0,0,0,0,0,3,11,0,30,66,1,10,184,10.08485031650177,4.204692619390966,1
9274,1961,Master,Married,80950.0,0,0,2013-03-28,44,525,147,112,219,147,63,1,6,7,9,2,0,0,0,1,0,0,3,11,0,53,1213,0,23,458,11.30159931233399,7.101675971619444,0
6609,1966,Graduation,Widow,27038.0,0,0,2012-09-18,64,1,26,25,17,23,15,1,3,0,3,9,0,0,0,0,0,0,3,11,1,48,107,0,7,649,10.205035547224519,4.68213122712422,1
6963,1947,Graduation,Single,77457.0,0,0,2014-03-05,85,675,11,400,15,45,11,1,2,5,10,1,0,0,1,0,0,0,3,11,0,67,1157,0,18,116,11.257491132957457,7.05444965813294,0
4440,1964,Master,Married,64100.0,0,1,2013-09-10,93,509,0,27,0,0,10,1,8,3,6,7,0,1,0,0,0,0,3,11,0,50,546,1,18,292,11.068215243411098,6.304448802421981,0
1379,1992,Master,Together,42670.0,0,0,2013-04-27,12,154,2,46,20,4,15,1,4,2,4,4,0,0,0,0,0,0,3,11,0,22,241,0,11,428,10.661274811576522,5.488937726156687,0
10032,1976,Graduation,Divorced,12571.0,1,0,2014-01-18,86,3,5,14,2,12,17,4,3,1,3,6,0,0,0,0,0,0,3,11,0,38,53,1,11,162,9.439227397917458,3.9889840465642745,1
2826,1967,Graduation,Married,22574.0,2,1,2013-10-28,28,25,0,8,2,0,2,2,2,0,3,7,0,0,0,0,0,0,3,11,0,47,37,3,7,244,10.024598378285186,3.6375861597263857,1
2437,1989,Graduation,Married,51381.5,0,0,2013-06-03,69,861,138,461,60,30,61,1,6,5,12,3,0,1,0,1,0,0,3,11,0,25,1611,0,24,391,10.847052926545164,7.385230923066573,0
6320,1976,Master,Single,70893.0,0,0,2013-02-06,42,768,44,561,77,44,14,1,6,6,10,3,0,0,0,0,0,0,3,11,0,38,1508,0,23,508,11.168941082705084,7.319202458767849,0
3050,1966,Graduation,Married,54198.0,1,1,2013-12-17,13,185,0,28,3,2,17,6,3,1,6,4,0,0,0,0,0,0,3,11,0,48,235,2,16,194,10.90041773707303,5.4638318050256105,1
231,1956,Master,Together,28839.0,1,1,2014-03-11,86,24,0,7,0,0,1,2,2,0,3,5,0,0,0,0,0,0,3,11,0,58,32,2,7,110,10.269518591398885,3.4965075614664802,1
2392,1972,Graduation,Married,40321.0,1,1,2013-07-29,59,44,4,21,6,0,27,2,3,0,3,7,0,0,0,0,0,0,3,11,0,42,102,2,8,335,10.604652504689657,4.634728988229636,1
9478,1985,Graduation,Single,66503.0,1,0,2012-08-14,30,91,64,128,65,3,50,2,4,3,6,3,0,0,0,0,0,0,3,11,0,29,401,1,15,684,11.105017375210924,5.996452088619021,0
113,1951,Graduation,Married,30833.0,1,1,2013-07-16,33,11,0,7,3,1,6,2,1,0,3,5,0,0,0,0,0,0,3,11,0,63,28,2,6,348,10.336373256220284,3.367295829986474,1
2863,1970,Graduation,Single,51381.5,1,2,2013-08-23,67,738,20,172,52,50,20,6,2,3,10,7,0,1,0,1,0,0,3,11,0,44,1052,3,21,310,10.847052926545164,6.959398512133975,1
1802,1971,Graduation,Married,64795.0,0,1,2013-01-17,23,412,5,119,38,29,77,3,3,3,12,2,0,0,0,0,0,0,3,11,0,43,680,1,21,528,11.078999152040028,6.523562306149512,0
520,1974,Graduation,Married,34421.0,1,0,2013-07-01,81,3,3,7,6,2,9,1,1,0,2,7,0,0,0,0,0,0,3,11,0,40,30,1,4,363,10.446451173829926,3.4339872044851463,1
8275,1965,PhD,Divorced,47025.0,1,1,2014-02-09,6,16,0,3,0,0,1,1,1,0,2,7,0,0,0,0,0,0,3,11,0,49,20,2,4,140,10.75845591922755,3.044522437723423,1
9750,1961,PhD,Divorced,64325.0,0,1,2013-02-07,41,731,60,353,78,12,73,5,10,3,5,7,0,0,0,0,0,0,3,11,0,53,1307,1,23,507,11.071719183084294,7.176254532017144,0
2607,1953,Graduation,Single,40464.0,0,1,2013-01-11,78,424,17,118,7,23,41,6,8,2,8,8,0,0,0,0,0,0,3,11,0,61,630,1,24,534,10.608192681929802,6.447305862541213,0
7214,1957,Graduation,Married,62187.0,0,0,2013-07-05,49,792,0,275,45,45,126,1,4,8,5,3,0,0,0,0,0,0,3,11,0,57,1283,0,18,359,11.03791733406963,7.157735484249907,0
5835,1976,PhD,Divorced,14849.0,1,0,2013-07-02,39,21,2,28,3,2,9,3,2,0,4,8,0,0,0,0,0,0,3,11,0,38,65,1,9,362,9.605755144230846,4.189654742026425,1
3896,1984,Graduation,Married,27255.0,1,0,2013-11-07,3,22,1,11,0,1,2,1,1,0,3,7,0,0,0,0,0,0,3,11,0,30,37,1,5,234,10.213028959340802,3.6375861597263857,1
10350,1950,PhD,Married,54432.0,2,1,2013-05-09,37,33,0,5,0,0,0,1,1,0,3,4,0,0,0,0,0,0,3,11,0,64,38,3,5,416,10.904725866572983,3.6635616461296463,1
7786,1986,PhD,Single,29999.0,1,0,2013-02-13,22,68,7,59,10,5,11,4,3,1,4,8,0,0,0,0,0,0,3,11,0,28,160,1,12,501,10.308952660644293,5.081404364984463,1
2861,1983,Graduation,Single,24072.0,1,0,2013-04-16,79,9,1,6,3,0,4,1,1,0,2,8,0,0,0,0,0,0,3,11,0,31,23,1,4,439,10.088846159487579,3.1780538303479458,1
663,1989,PhD,Single,33996.0,0,0,2013-09-11,46,40,2,15,8,0,6,1,1,1,3,4,0,0,0,0,0,0,3,11,0,25,71,0,6,291,10.434027564411219,4.276666119016055,1
10675,1956,PhD,Married,66334.0,0,1,2013-04-03,82,909,11,218,0,0,23,2,9,3,5,5,0,0,0,0,0,0,3,11,1,58,1161,1,19,452,11.102472940351017,7.057897937411856,0
2521,1971,Master,Married,35178.0,1,0,2013-01-10,10,23,1,13,2,2,18,1,1,1,2,7,1,0,0,0,0,0,3,11,1,43,59,1,5,535,10.46820459264593,4.0943445622221,1
9592,1983,Graduation,Together,22010.0,1,0,2013-06-30,51,11,2,9,3,0,8,2,2,0,3,8,0,0,0,0,0,0,3,11,0,31,33,1,7,364,9.999297607382104,3.5263605246161616,1
10151,1960,Graduation,Divorced,62204.0,0,2,2012-09-12,38,317,46,247,151,46,139,1,4,5,12,3,0,0,0,0,0,0,3,11,0,54,946,2,22,655,11.038190661348592,6.853299093186078,0
7381,1968,Graduation,Divorced,75693.0,0,0,2012-12-06,10,797,153,293,72,97,30,1,11,4,6,4,0,1,1,1,0,0,3,11,1,46,1442,0,22,570,11.234454176046501,7.274479558773871,0
4099,1972,Graduation,Married,30675.0,1,0,2012-11-12,14,10,2,16,11,2,21,1,1,0,3,8,0,0,0,0,0,0,3,11,0,42,62,1,5,594,10.33123586888475,4.143134726391533,1
9560,1965,Graduation,Together,83003.0,0,0,2013-03-03,18,856,61,570,40,25,122,1,7,6,8,3,0,0,1,0,0,0,3,11,1,49,1674,0,22,483,11.326644078388584,7.423568444259167,0
10172,1988,Graduation,Single,68655.0,0,0,2012-08-10,95,456,19,832,75,118,38,1,4,5,11,3,0,0,0,0,0,0,3,11,0,26,1538,0,21,688,11.136863807231306,7.338888133838879,0
11191,1986,Graduation,Divorced,41411.0,0,0,2013-12-07,11,37,32,38,11,3,18,1,2,1,4,6,0,0,0,0,0,0,3,11,0,28,139,0,8,204,10.631325972886003,4.941642422609304,0
9707,1969,PhD,Married,55212.0,0,1,2012-11-23,65,1103,0,45,0,0,34,3,4,2,11,8,0,1,0,0,1,0,3,11,0,45,1182,1,20,583,10.918953711784086,7.075808863978387,0
6245,1950,PhD,Together,59292.0,0,1,2013-06-13,71,378,14,68,19,14,14,2,3,5,8,3,0,0,0,0,0,0,3,11,0,64,507,1,18,381,10.990246534173238,6.230481447578482,0
8234,1973,Basic,Together,27190.0,1,0,2013-08-15,13,1,6,7,0,1,3,1,1,0,2,8,1,0,0,0,0,0,3,11,1,41,18,1,4,318,10.210641315177503,2.9444389791664403,1
1411,1952,Graduation,Divorced,82623.0,0,0,2013-11-10,58,204,34,204,172,153,173,1,2,9,4,1,0,0,0,0,0,0,3,11,0,62,940,0,16,231,11.322055474206314,6.846943139585379,0
8553,1965,Graduation,Married,44300.0,1,1,2013-06-23,65,30,0,9,0,0,3,2,1,0,3,6,0,0,0,0,0,0,3,11,0,49,42,2,6,371,10.698762529141884,3.7612001156935624,1
1826,1970,Graduation,Divorced,84835.0,0,0,2014-06-16,0,189,104,379,111,189,218,1,4,4,6,1,0,0,0,0,0,0,3,11,1,44,1190,0,15,13,11.348475259995237,7.0825485693553,0
8842,1971,Graduation,Widow,30372.0,1,1,2012-12-25,33,15,0,12,7,3,7,3,2,0,3,7,0,0,0,0,0,0,3,11,0,43,44,2,8,551,10.321309334853664,3.8066624897703196,1
11030,1976,Master,Married,33181.0,1,0,2014-01-03,90,9,0,3,0,0,4,1,1,0,2,6,1,0,0,0,0,0,3,11,0,38,16,1,4,177,10.409762839203301,2.833213344056216,1
2579,1957,Graduation,Married,71113.0,0,1,2013-12-17,95,495,33,255,11,33,8,4,6,7,9,4,0,0,0,0,0,0,3,11,0,57,835,1,26,194,11.172039502174462,6.728628613084702,0
175,1986,Graduation,Married,71952.0,1,0,2013-01-10,93,656,80,455,52,107,93,2,8,4,8,4,1,0,1,0,0,0,3,11,0,28,1443,1,22,535,11.183768407068236,7.275172319452771,0
9185,1966,PhD,Single,69759.0,0,0,2013-10-28,38,452,20,514,13,30,0,3,4,6,5,3,0,0,0,0,0,0,3,11,1,48,1029,0,18,244,11.15281605858286,6.937314081223682,0
11056,1974,Graduation,Married,72099.0,0,0,2012-10-27,18,546,91,410,119,0,22,1,3,4,10,1,0,0,0,0,0,0,3,11,0,40,1188,0,18,610,11.185809323273041,7.080867896690782,0
9365,1976,PhD,Single,60000.0,0,1,2012-12-22,57,1048,0,217,0,0,12,5,11,3,5,6,0,0,0,0,0,0,3,11,0,38,1277,1,24,554,11.002116507732017,7.15305163493748,0
6201,1978,Graduation,Single,38643.0,1,1,2013-11-29,45,22,2,14,0,1,10,2,2,0,3,7,0,0,0,0,0,1,3,11,0,36,49,2,7,212,10.5621468026374,3.912023005428146,1
2061,1955,Graduation,Married,50737.0,0,1,2013-05-11,61,78,0,11,0,0,10,1,2,0,4,6,0,1,0,0,0,0,3,11,0,59,99,1,7,414,10.834430415742597,4.605170185988092,1
6184,1969,PhD,Married,68462.0,0,0,2012-12-12,6,561,64,785,84,128,48,1,3,3,8,1,0,0,0,0,0,0,3,11,0,45,1670,0,15,564,11.13404873233352,7.421177528595393,0
6142,1943,Master,Married,65073.0,0,0,2013-08-20,65,629,17,177,69,0,8,1,5,3,5,2,0,0,0,0,0,1,3,11,0,71,900,0,14,313,11.08328036286033,6.803505257608338,0
4107,1948,PhD,Together,46681.0,0,2,2013-10-08,52,269,15,69,15,19,38,2,4,6,4,5,0,0,0,0,0,0,3,11,0,66,425,2,16,264,10.751113930384133,6.054439346269371,1
7274,1957,Graduation,Married,78618.0,0,0,2012-09-28,87,736,163,818,212,163,61,1,4,7,10,2,0,1,0,0,0,0,3,11,0,57,2153,0,22,639,11.27236867948514,7.675081857716334,0
9336,1969,PhD,Widow,62187.0,0,1,2014-03-22,38,512,0,83,0,0,41,3,6,2,10,4,0,0,0,0,0,0,3,11,0,45,636,1,21,99,11.03791733406963,6.456769655572163,0
2958,1978,Graduation,Married,28442.0,2,0,2014-02-24,53,19,3,10,11,8,6,3,2,1,4,4,0,0,0,0,0,0,3,11,0,36,57,2,10,125,10.255657363586069,4.060443010546419,1
933,1978,PhD,Married,37717.0,1,0,2012-11-23,31,9,0,6,4,1,5,1,1,0,2,9,0,0,0,0,0,0,3,11,0,36,25,1,4,583,10.53789271307231,3.258096538021482,1
5837,1967,Graduation,Married,51479.0,1,1,2012-12-28,67,247,8,160,6,8,65,7,6,3,6,7,0,0,0,0,0,0,3,11,0,47,494,2,22,548,10.848948661710063,6.20455776256869,1
10704,1969,Graduation,Single,54803.0,0,1,2012-08-21,65,404,0,92,28,27,142,2,6,2,9,4,0,0,0,0,0,0,3,11,0,45,693,1,19,677,10.911518462973,6.542471960506805,0
5125,1960,Graduation,Married,79530.0,0,0,2013-05-17,64,333,0,815,129,42,29,1,4,10,11,2,0,0,0,0,0,0,3,11,0,54,1348,0,26,408,11.283902161743626,7.207118856207756,0
4432,1976,Graduation,Divorced,31615.0,1,0,2013-03-16,82,2,3,20,6,11,9,2,2,0,3,7,0,0,0,0,0,0,3,11,0,38,51,1,7,470,10.361418600547594,3.9512437185814275,1
5955,1962,Graduation,Together,72025.0,0,0,2012-11-17,27,833,33,549,151,133,233,1,4,3,8,3,0,0,0,0,0,0,3,11,0,52,1932,0,16,589,11.184782443924378,7.566828479208331,0
2928,1975,PhD,Single,52614.0,0,1,2012-12-01,63,789,0,142,12,9,38,2,2,4,8,8,0,0,0,0,0,0,3,11,0,39,990,1,16,575,10.870756529174912,6.898714534329988,0
5680,1984,2n Cycle,Married,35684.0,1,0,2014-04-22,66,10,4,7,0,6,3,1,1,0,3,6,0,0,0,0,0,0,3,11,0,30,30,1,5,68,10.482485711405168,3.4339872044851463,1
10313,1975,Graduation,Married,48178.0,1,1,2012-10-28,69,159,4,45,6,2,38,6,5,1,4,8,0,0,0,0,0,0,3,11,0,39,254,2,16,609,10.782678520453256,5.541263545158426,1
2557,1970,Master,Single,29548.0,1,0,2013-08-29,52,7,1,6,3,1,11,1,1,1,2,4,1,0,0,0,0,0,3,11,0,44,29,1,5,304,10.29380518131408,3.4011973816621555,1
1245,1966,Graduation,Single,63810.0,0,1,2012-11-11,45,977,12,253,16,12,101,4,4,3,12,8,0,1,0,0,0,0,3,11,0,48,1371,1,23,595,11.063680868264434,7.22402480828583,0
1519,1972,PhD,Single,38578.0,1,1,2013-06-22,2,38,4,22,3,3,3,3,3,0,3,8,0,0,0,0,0,0,3,11,1,42,73,2,9,372,10.560463365957897,4.304065093204169,1
10703,1975,Master,Single,46098.0,1,1,2012-08-18,86,57,0,27,0,0,36,4,3,2,2,8,0,0,0,0,0,0,3,11,0,39,120,2,11,680,10.738546536775496,4.795790545596741,1
1726,1970,Graduation,Single,22585.0,0,0,2013-03-18,23,3,9,15,13,2,39,1,1,1,2,9,1,0,0,0,0,0,3,11,1,44,81,0,5,468,10.025085524283616,4.406719247264253,1
4459,1989,Graduation,Single,30279.0,1,0,2012-12-30,13,10,4,14,4,4,1,1,1,0,3,8,0,0,0,0,0,0,3,11,0,25,37,1,5,546,10.318242707551384,3.6375861597263857,1
1729,1961,PhD,Together,66426.0,0,1,2013-10-02,14,1043,24,97,32,24,157,2,3,5,10,6,0,0,0,0,0,0,3,11,0,53,1377,1,20,270,11.103858879320397,7.228388451573604,0
1517,1969,Graduation,Single,30822.0,1,0,2013-06-14,92,3,9,13,2,12,12,1,1,0,3,7,0,0,0,0,0,0,3,11,0,45,51,1,5,380,10.336016443526942,3.9512437185814275,1
2098,1969,PhD,Married,33581.0,2,0,2013-01-08,38,11,0,5,0,0,1,1,1,0,2,8,0,0,0,0,0,0,3,11,0,45,17,2,4,537,10.421745488119415,2.8903717578961645,1
9543,1985,Graduation,Married,19986.0,1,0,2013-11-14,74,3,6,5,0,2,6,1,0,0,3,7,0,0,0,0,0,0,3,11,0,29,22,1,4,227,9.902837341194541,3.1354942159291497,1
6878,1954,Graduation,Widow,27421.0,0,0,2012-12-12,14,43,12,96,78,40,55,3,4,1,6,7,0,0,0,0,0,0,3,11,0,60,324,0,14,564,10.2191008899166,5.783825182329737,0
3310,1973,2n Cycle,Married,35688.0,2,1,2012-08-22,94,73,3,90,12,1,32,7,4,1,4,8,0,0,0,0,0,0,3,11,0,41,211,3,16,676,10.482597797038709,5.356586274672012,1
2724,1981,Master,Single,36143.0,1,0,2014-03-30,33,12,0,1,0,0,6,1,0,1,2,3,0,0,0,0,0,0,3,11,0,33,19,1,4,91,10.495266238707785,2.995732273553991,1
948,1971,Graduation,Single,10245.0,1,0,2013-05-15,32,4,7,7,6,4,13,3,1,2,2,5,0,0,0,0,0,0,3,11,0,43,41,1,8,410,9.234642664499148,3.7376696182833684,1
6720,1968,Master,Together,43795.0,0,1,2013-10-16,11,314,11,53,4,3,107,3,7,3,4,7,0,1,0,0,0,0,3,11,1,46,492,1,17,256,10.687297767993316,6.20050917404269,0
6202,1960,Graduation,Together,63381.0,0,1,2012-10-05,78,571,50,142,33,50,159,4,4,5,13,2,0,0,0,0,0,0,3,11,0,54,1005,1,26,632,11.056935188442845,6.913737350659685,0
2066,1949,Graduation,Together,38823.0,0,1,2012-08-30,56,70,0,11,2,8,23,1,2,1,3,6,0,0,0,0,0,0,3,11,0,65,114,1,7,668,10.566793891085052,4.74493212836325,1
9799,1968,PhD,Divorced,83664.0,1,1,2013-05-08,57,866,21,151,28,21,86,3,2,2,12,5,0,0,0,0,0,0,3,11,0,46,1173,2,19,417,11.334576008928673,7.068172000388042,0
8318,1979,Graduation,Together,90300.0,0,0,2014-01-03,7,594,134,786,33,134,57,0,5,6,8,1,0,0,1,0,0,0,3,11,0,35,1738,0,19,177,11.410903813540878,7.461065514354283,0
5642,1979,Master,Together,62499.0,1,0,2013-12-09,0,140,4,61,0,13,4,2,3,1,6,4,0,0,0,0,0,0,3,11,0,35,222,1,12,202,11.042921835724492,5.407171771460119,0
2669,1993,Graduation,Single,74293.0,0,0,2014-05-04,66,375,152,335,93,91,81,1,5,4,6,2,0,0,0,0,0,0,3,11,0,21,1127,0,16,56,11.215785473743884,7.028201432058005,0
455,1946,PhD,Married,51012.0,0,0,2013-04-18,86,102,9,63,2,9,24,1,4,1,4,6,0,0,0,0,0,0,3,11,0,68,209,0,10,437,10.839835781185261,5.3471075307174685,0
7683,1968,Master,Married,70777.0,0,1,2014-02-25,80,554,35,113,0,7,78,3,5,3,12,3,0,0,0,0,0,0,3,11,0,46,787,1,23,124,11.167303496930577,6.669498089857879,0
3428,1991,PhD,Together,68682.0,0,0,2013-10-06,56,919,0,505,99,30,45,1,4,9,10,2,0,0,0,0,0,0,3,11,0,23,1598,0,24,266,11.137256994896104,7.377133712833954,0
7414,1971,Graduation,Married,43824.0,1,1,2012-09-15,18,96,1,42,12,3,32,4,3,1,4,8,0,0,0,0,0,0,3,11,0,43,186,2,12,652,10.687959709789435,5.231108616854587,1
6354,1984,Graduation,Together,15345.0,1,0,2012-08-31,51,5,2,16,3,2,19,2,1,1,2,8,0,0,0,0,0,0,3,11,1,30,47,1,6,667,9.638610132737611,3.8712010109078907,1
798,1987,Graduation,Single,23442.0,1,0,2012-12-24,71,2,0,6,8,6,5,1,1,0,3,7,0,0,0,0,0,0,3,11,0,27,27,1,5,552,10.062327221849518,3.332204510175204,1
8213,1980,2n Cycle,Together,14515.0,1,0,2012-11-09,71,6,4,9,6,36,35,4,2,2,3,7,0,0,0,0,0,0,3,11,1,34,96,1,11,597,9.583006768332961,4.574710978503383,1
2488,1956,2n Cycle,Divorced,31395.0,1,1,2013-03-23,80,23,1,25,0,8,7,4,2,1,3,6,0,0,0,0,0,0,3,11,0,58,64,2,10,463,10.354435775246705,4.174387269895637,1
9999,1965,Graduation,Together,75276.0,0,0,2012-09-27,2,610,105,125,137,42,21,1,9,4,9,5,0,0,0,0,0,0,3,11,0,49,1040,0,23,640,11.228929922243076,6.947937068614969,0
7617,1974,Graduation,Single,42373.0,1,1,2013-08-15,83,67,5,61,3,8,19,5,2,1,5,5,0,0,0,0,0,0,3,11,0,40,163,2,13,318,10.654290245584235,5.099866427824199,1
615,1960,Graduation,Together,30507.0,0,0,2013-03-11,29,65,36,74,38,20,110,1,5,1,4,7,0,0,0,0,0,0,3,11,0,54,343,0,11,475,10.32574422328413,5.840641657373398,0
2552,1955,PhD,Single,55521.0,1,2,2013-10-22,11,416,0,26,0,0,4,9,6,3,6,7,0,1,0,0,0,0,3,11,1,59,446,3,24,250,10.924534617586627,6.102558594613569,1
194,1965,Graduation,Married,48006.0,1,1,2014-06-09,55,23,0,11,3,2,2,1,1,0,3,6,0,0,0,0,0,0,3,11,0,49,41,2,5,20,10.779102112590714,3.7376696182833684,1
3645,1972,PhD,Single,27213.0,1,0,2012-08-30,19,19,3,26,10,9,3,3,2,0,4,8,0,0,0,0,0,0,3,11,1,42,70,1,9,668,10.211486825750804,4.2626798770413155,1
8890,1971,PhD,Divorced,65808.0,1,1,2014-05-30,1,155,7,80,13,7,10,3,5,1,5,6,0,0,0,0,0,0,3,11,0,43,272,2,14,30,11.094511886075637,5.60947179518496,1
5049,1974,PhD,Together,30351.0,1,0,2013-06-06,19,14,0,24,3,3,2,1,3,0,2,9,0,0,0,0,0,0,3,11,0,40,46,1,6,388,10.320617692174796,3.8501476017100584,1
9973,1963,Graduation,Married,50437.0,0,2,2012-10-17,28,370,9,92,6,9,4,3,7,1,8,7,0,0,0,0,0,0,3,11,0,51,490,2,19,620,10.828500138222152,6.19644412779452,1
7301,1982,2n Cycle,Single,23616.0,1,0,2012-11-17,76,4,22,11,3,7,32,2,3,0,3,8,0,0,0,0,0,0,3,11,1,32,79,1,8,589,10.069722070677152,4.382026634673881,1
10882,1976,Graduation,Married,53858.0,0,1,2012-11-09,50,407,53,221,58,150,26,4,4,3,6,4,0,0,0,0,0,0,3,11,0,38,915,1,17,597,10.894124799538938,6.82001636467413,0
7030,1955,PhD,Married,66465.0,0,1,2013-03-30,1,1200,0,204,38,29,14,3,11,9,12,6,0,0,0,1,0,0,3,11,0,59,1485,1,35,456,11.104445817701192,7.303843225277705,0
7422,1987,Graduation,Single,46923.0,1,0,2012-08-22,90,85,44,54,102,78,6,3,5,1,7,7,0,0,0,0,0,0,3,11,0,27,369,1,16,676,10.756284550625612,5.91350300563827,0
3523,1962,Graduation,Together,75072.0,0,1,2013-01-23,83,583,34,309,0,22,125,2,5,4,8,3,0,0,0,0,0,0,3,11,0,52,1073,1,19,522,11.226216252470039,6.97914527506881,0
7106,1943,PhD,Married,75865.0,0,0,2014-03-31,73,483,0,591,156,0,12,1,3,5,10,1,0,0,0,0,0,0,3,11,0,71,1242,0,19,90,11.236723905181373,7.1252830915107115,0
6504,1975,2n Cycle,Together,19789.0,1,0,2013-11-20,24,2,5,9,28,6,28,3,2,1,3,5,1,0,0,0,0,0,3,11,0,39,78,1,9,221,9.892932038596612,4.3694478524670215,1
5067,1994,Graduation,Together,80134.0,0,0,2014-02-14,11,966,26,282,52,26,26,1,2,7,11,5,0,1,1,1,1,0,3,11,0,20,1378,0,21,135,11.291467991427675,7.229113877793302,0
4216,1981,Graduation,Single,91065.0,0,0,2013-02-22,33,822,114,108,179,137,114,1,7,9,9,3,0,0,1,1,0,0,3,11,1,33,1474,0,26,492,11.41933979733965,7.29641326877392,0
8581,1971,Master,Married,49505.0,1,1,2013-03-05,4,604,0,100,19,0,28,9,10,2,8,8,0,0,0,0,0,0,3,11,0,43,751,2,29,481,10.809849153332399,6.62273632394984,1
5929,1973,PhD,Married,37401.0,1,0,2014-05-06,14,19,3,19,3,1,3,2,2,0,3,7,0,0,0,0,0,0,3,11,0,41,48,1,7,54,10.529479457908666,3.8918202981106265,1
3129,1983,Graduation,Married,30096.0,1,0,2014-05-22,30,5,3,11,12,5,9,1,2,0,3,6,0,0,0,0,0,0,3,11,0,31,45,1,6,38,10.312180777995717,3.828641396489095,1
6528,1982,Master,Together,18492.0,1,0,2014-06-05,75,2,2,2,2,1,1,1,1,0,2,8,0,0,0,0,0,0,3,11,0,32,10,1,4,24,9.825147561084876,2.3978952727983707,1
1361,1974,Master,Married,82584.0,0,0,2013-06-04,26,1076,68,103,29,91,68,1,3,4,8,1,0,1,1,0,0,0,3,11,1,40,1435,0,16,390,11.32158334495519,7.269616749608169,0
6932,1941,PhD,Married,93027.0,0,0,2013-04-13,77,1285,42,716,55,0,21,0,7,10,5,2,0,0,1,0,0,0,3,11,0,73,2119,0,22,442,11.440655802090147,7.659171367666058,0
7284,1953,Graduation,Married,48686.0,1,2,2013-12-04,8,10,0,7,2,0,1,1,1,0,2,8,0,0,0,0,0,0,3,11,0,61,20,3,4,207,10.793167332983991,3.044522437723423,1
1340,1986,Graduation,Married,92910.0,0,0,2014-04-24,42,551,137,792,179,103,33,1,6,7,13,1,0,1,1,1,0,0,3,11,0,28,1795,0,27,66,11.439397324681515,7.493317248862145,0
8746,1989,Graduation,Married,75433.0,1,0,2014-04-05,28,800,0,297,0,34,57,2,2,5,10,6,0,1,0,1,0,0,3,11,0,25,1188,1,19,85,11.231013380740361,7.080867896690782,0
5987,1989,2n Cycle,Together,10404.0,1,0,2014-05-04,52,2,2,11,10,6,12,2,1,0,4,5,0,0,0,0,0,0,3,11,0,25,43,1,7,56,9.250041738827735,3.784189633918261,1
3767,1968,Graduation,Married,61314.0,0,1,2013-04-25,1,378,0,189,97,172,172,2,5,5,12,3,0,0,0,0,0,0,3,11,0,46,1008,1,24,430,11.023779790196127,6.9167150203536085,0
3725,1961,PhD,Single,84865.0,0,0,2013-05-09,1,1248,16,349,43,16,16,1,2,4,9,4,0,1,1,1,1,0,3,11,1,53,1688,0,16,416,11.348828820946935,7.4318919168078,0
4324,1989,Graduation,Married,42387.0,1,0,2012-10-29,42,235,0,235,19,4,191,5,8,1,7,8,0,0,0,0,0,0,3,11,0,25,684,1,21,608,10.654620582294726,6.529418838262226,0
238,1967,2n Cycle,Together,67309.0,1,1,2013-01-23,76,515,47,181,149,95,95,15,9,6,9,7,0,0,0,0,0,0,3,11,0,47,1082,2,39,522,11.117064093004759,6.9874902470009905,0
6694,1964,Graduation,Married,75236.0,0,1,2013-11-25,27,438,66,400,12,38,114,1,8,3,13,4,0,0,0,0,0,0,3,11,0,50,1068,1,25,216,11.228398410211748,6.974478911025045,0
498,1970,Graduation,Single,30015.0,1,0,2014-02-02,28,25,0,22,2,3,5,2,1,0,4,5,0,0,0,0,0,0,3,11,0,44,57,1,7,147,10.30948585180595,4.060443010546419,1
9347,1956,Master,Together,50943.0,0,1,2013-06-21,49,31,0,7,2,0,6,1,1,0,3,5,0,0,0,0,0,0,3,11,0,58,46,1,5,373,10.838482269204055,3.8501476017100584,1
9699,1966,Graduation,Divorced,67272.0,0,1,2013-12-21,12,357,35,271,28,28,14,3,6,2,12,5,0,0,0,0,0,0,3,11,0,48,733,1,23,190,11.116514246427819,6.598509028614515,0
10664,1949,Master,Widow,51529.0,0,1,2013-09-07,14,400,4,35,6,0,22,2,9,1,5,8,0,0,0,0,0,0,3,11,0,65,467,1,17,295,10.84991944132227,6.148468295917647,0
5455,1971,PhD,Married,32011.0,1,0,2013-08-22,89,99,0,15,2,1,5,3,2,1,4,7,0,0,0,0,0,0,3,11,0,43,122,1,10,311,10.373866111486937,4.812184355372417,1
456,1986,2n Cycle,Married,7500.0,1,0,2013-02-07,96,1,11,5,4,6,9,2,2,0,3,8,0,0,0,0,0,0,3,11,0,28,36,1,7,507,8.922791623969637,3.6109179126442243,1
5012,1989,Graduation,Married,28691.0,1,0,2013-07-04,56,5,4,13,8,0,4,1,1,0,3,8,0,0,0,0,0,0,3,11,0,25,34,1,5,360,10.264373617246324,3.5553480614894135,1
7495,1948,PhD,Married,56223.0,0,1,2013-12-20,72,77,28,31,16,0,4,2,2,1,5,4,0,0,0,0,0,0,3,11,0,66,156,1,10,191,10.937098990986824,5.056245805348308,0
5029,1946,Graduation,Married,18100.0,0,0,2013-08-06,14,3,1,2,4,3,1,1,0,0,3,5,0,0,0,0,0,0,3,11,0,68,14,0,4,327,9.803722464346553,2.70805020110221,1
10642,1989,Graduation,Single,30279.0,1,0,2012-12-30,13,10,4,14,4,4,1,1,1,0,3,8,0,0,0,0,0,0,3,11,0,25,37,1,5,546,10.318242707551384,3.6375861597263857,1
2106,1974,2n Cycle,Married,20130.0,0,0,2014-03-17,99,0,6,3,7,6,12,1,1,0,3,8,0,0,0,0,0,0,3,11,0,40,34,0,5,104,9.910016194498828,3.5553480614894135,1
10364,1959,Graduation,Divorced,23295.0,0,0,2013-07-13,72,0,0,1,2,12,5,1,1,0,2,8,0,0,0,0,0,0,3,11,0,55,20,0,4,351,10.056036950996413,3.044522437723423,1
5954,1972,Master,Divorced,42618.0,1,0,2013-10-09,92,76,14,74,13,5,10,2,5,0,4,8,0,0,0,0,0,0,3,11,0,42,192,1,11,263,10.66005544221451,5.262690188904886,1
1137,1964,Graduation,Single,81246.0,0,0,2013-12-29,87,398,190,537,61,156,37,1,4,5,7,1,1,0,0,1,0,0,3,11,0,50,1379,0,17,182,11.305249176433387,7.22983877815125,0
2541,1976,Graduation,Married,24027.0,1,0,2013-06-09,7,14,7,11,11,0,5,2,2,0,3,8,0,0,0,0,0,0,3,11,0,38,48,1,7,385,10.086975095970052,3.8918202981106265,1
1142,1953,PhD,Married,55707.0,0,1,2013-12-22,91,208,7,82,30,66,35,2,3,2,9,3,0,0,0,0,0,0,3,11,0,61,428,1,16,189,10.927879042172982,6.061456918928017,0
2276,1955,Graduation,Single,57959.0,0,1,2013-05-02,71,430,16,322,43,24,33,5,4,7,11,3,0,0,0,0,0,0,3,11,0,59,868,1,27,423,10.967508396434619,6.767343125265392,0
2807,1969,Graduation,Married,56796.0,0,1,2013-02-16,24,656,38,161,62,47,37,3,8,9,7,7,0,0,0,0,0,0,3,11,0,45,1001,1,27,498,10.947238786412973,6.90975328164481,0
6471,1971,Master,Single,36230.0,1,0,2013-10-17,17,14,2,30,8,2,3,1,2,0,4,5,0,0,0,0,0,0,3,11,0,43,59,1,7,255,10.497670384943484,4.0943445622221,1
6131,1980,2n Cycle,Married,70829.0,1,1,2013-12-01,87,141,70,106,72,19,23,2,4,2,8,3,0,0,0,0,0,0,3,11,0,34,431,2,16,210,11.168037918747668,6.068425588244111,0
6233,1976,Graduation,Married,65991.0,0,1,2012-09-07,21,507,19,364,25,47,9,3,9,5,10,7,0,0,0,0,0,0,3,11,0,38,971,1,27,660,11.097288801540568,6.879355804460439,0
4148,1972,Graduation,Married,38988.0,1,2,2012-08-20,90,164,24,103,12,3,42,7,5,1,6,8,0,0,0,0,0,0,3,11,0,42,348,3,19,678,10.571034834045788,5.855071922202427,1
4947,1966,2n Cycle,Single,89572.0,0,0,2012-09-15,44,606,24,974,197,194,64,1,7,7,9,4,0,1,0,1,0,0,3,11,1,48,2059,0,24,652,11.402809214265503,7.630461261783627,0
3225,1984,Master,Married,42207.0,1,0,2013-04-01,71,116,11,72,3,17,46,4,4,1,5,6,1,0,0,0,0,0,3,11,1,30,265,1,14,454,10.65036505551704,5.583496308781699,1
7540,1952,Graduation,Married,50300.0,0,1,2014-05-25,52,143,15,60,24,23,5,2,2,1,8,2,0,0,0,0,0,0,3,11,0,62,270,1,13,35,10.825780236605917,5.602118820879701,0
10648,1982,2n Cycle,Together,66664.0,0,0,2012-09-25,78,398,96,447,220,96,32,1,5,7,6,3,0,0,0,0,0,0,3,11,0,32,1289,0,19,642,11.107435356549558,7.162397497355718,0
1992,1964,Graduation,Married,60597.0,0,1,2014-01-01,2,522,0,257,32,16,66,4,2,2,8,7,0,0,0,1,0,0,3,11,1,50,893,1,16,179,11.012017168212456,6.795705775173515,0
7851,1949,Graduation,Widow,70165.0,0,0,2013-09-22,60,161,0,253,199,191,122,1,3,7,11,1,0,0,0,0,0,0,3,11,0,65,926,0,22,280,11.158619142203678,6.831953565565855,0
8594,1958,PhD,Widow,50520.0,0,1,2014-01-28,25,112,0,6,2,1,14,2,3,1,3,6,0,0,0,0,0,0,3,11,0,56,135,1,9,152,10.83014437040946,4.912654885736052,1
7059,1963,Graduation,Married,80124.0,0,0,2014-06-26,47,483,84,398,205,84,241,1,3,7,8,1,1,0,0,0,0,0,3,11,0,51,1495,0,19,3,11.291343194222971,7.310550158534422,0
2815,1975,Graduation,Married,33183.0,1,0,2014-02-24,46,7,5,39,17,15,37,2,4,0,3,7,0,0,0,0,0,0,3,11,0,39,120,1,9,125,10.409823111029255,4.795790545596741,1
2416,1969,PhD,Single,66582.0,0,0,2014-03-03,83,789,25,420,16,38,0,1,2,8,9,1,0,0,0,0,0,0,3,11,0,45,1288,0,20,118,11.106204568690059,7.161622002939187,0
7999,1955,PhD,Together,75261.0,0,0,2013-04-23,17,1239,17,413,23,34,17,1,5,6,5,2,0,1,1,0,0,0,3,11,1,59,1743,0,17,432,11.22873063833592,7.463936604468925,0
9213,1970,Graduation,Widow,31880.0,1,0,2012-10-31,13,4,1,5,2,0,3,1,1,0,2,8,0,0,0,0,0,0,3,11,0,44,15,1,4,606,10.369765500040804,2.772588722239781,1
9697,1951,Graduation,Married,53790.0,0,2,2014-03-06,86,335,42,127,28,5,5,3,7,2,8,6,0,0,0,0,0,0,3,11,0,63,542,2,20,115,10.892861445910619,6.297109319933935,0
3916,1971,PhD,Together,49269.0,1,0,2012-08-15,92,639,8,166,11,8,58,3,7,3,12,7,0,0,0,0,0,0,3,11,0,43,890,1,25,683,10.805070655538008,6.792344427470809,0
2021,1975,Graduation,Married,61456.0,0,1,2013-03-27,47,563,76,384,84,192,89,4,6,10,13,4,0,0,0,0,0,0,3,11,0,39,1388,1,33,459,11.02609302225752,7.236339342754344,0
1581,1980,Graduation,Married,37406.0,1,0,2013-10-10,18,2,0,8,2,2,3,1,1,0,2,8,0,0,0,0,0,0,3,11,1,34,17,1,4,262,10.529613131664696,2.8903717578961645,1
564,1981,PhD,Together,56937.0,1,0,2012-08-04,81,746,8,125,11,8,8,7,8,6,9,6,0,1,0,0,0,0,3,11,1,33,906,1,30,694,10.949718235522482,6.810142450115136,0
6619,1978,Graduation,Married,38415.0,1,1,2013-01-02,91,22,1,13,4,0,4,2,1,0,3,7,0,0,0,0,0,0,3,11,0,36,44,2,6,543,10.556229318461034,3.8066624897703196,1
9081,1988,Graduation,Single,20518.0,1,0,2014-05-18,58,4,1,6,4,1,9,1,1,1,2,5,0,0,0,0,0,0,3,11,0,26,25,1,5,42,9.929106565153747,3.258096538021482,1
178,1956,Graduation,Married,62503.0,0,1,2013-02-18,40,478,0,193,110,75,117,4,8,3,11,5,0,0,0,0,0,0,3,11,0,58,973,1,26,496,11.04298583367658,6.881411303642535,0
916,1972,PhD,Single,41644.0,1,1,2014-05-09,67,20,3,4,2,0,2,2,1,0,3,3,0,0,0,0,0,0,3,11,0,42,31,2,6,51,10.636936592369441,3.4657359027997265,1
5512,1977,Master,Married,55842.0,0,1,2014-05-23,19,451,0,39,0,4,24,1,7,1,8,5,0,0,0,0,0,0,3,11,0,37,518,1,17,37,10.93029946092149,6.251903883165888,0
8970,1972,PhD,Married,62010.0,0,1,2012-10-23,93,371,22,39,6,0,92,4,6,2,7,5,0,0,0,0,0,0,3,11,0,42,530,1,19,614,11.035067067645114,6.274762021241939,0
10581,1977,Graduation,Married,41124.0,1,0,2012-10-31,41,281,7,84,15,0,119,7,7,3,4,8,0,0,0,0,0,0,3,11,0,37,506,1,21,606,10.624371488067673,6.2285110035911835,0
5300,1973,Master,Married,38961.0,1,0,2013-12-30,60,19,7,19,0,1,24,1,2,1,2,7,0,0,0,0,0,0,3,11,0,41,70,1,6,181,10.57034209114115,4.2626798770413155,1
5154,1972,Master,Divorced,37760.0,1,0,2013-08-11,54,26,3,13,2,10,0,1,2,0,3,6,0,0,0,0,0,0,3,11,0,42,54,1,6,322,10.539032102959615,4.007333185232471,1
8346,1974,Graduation,Single,32233.0,1,0,2012-08-19,26,138,15,35,25,11,72,2,6,2,2,9,1,0,0,0,0,0,3,11,1,40,296,1,12,679,10.380777075082664,5.6937321388027,1
1676,1975,Graduation,Married,43057.0,0,1,2013-10-30,30,213,2,44,0,2,5,4,4,2,5,5,0,0,0,0,0,0,3,11,0,39,266,1,15,242,10.670303323021274,5.58724865840025,1
9286,1960,Master,Together,83151.0,0,0,2012-10-10,93,407,28,100,120,74,18,1,5,9,4,3,0,0,0,0,0,0,3,11,0,54,747,0,19,627,11.328425537248224,6.617402977974478,0
2426,1964,PhD,Divorced,78825.0,0,0,2012-09-14,35,483,74,114,169,37,18,1,5,10,13,3,0,0,0,0,0,0,3,11,1,50,895,0,29,653,11.27499817066327,6.79794041297493,0
5172,1976,Master,Together,65104.0,0,1,2013-11-14,4,738,0,232,13,20,50,2,3,5,7,7,0,0,0,0,0,0,3,11,0,38,1053,1,17,227,11.083756630162828,6.960347729101308,0
5562,1974,Graduation,Married,60093.0,0,1,2013-06-26,92,502,12,109,16,6,90,2,7,2,10,6,0,0,0,0,0,0,3,11,0,40,735,1,21,368,11.003665281928944,6.601230118728877,0
3436,1969,Graduation,Married,14045.0,1,0,2014-01-26,24,11,0,5,2,1,1,1,1,0,3,7,0,0,0,0,0,0,3,11,0,45,20,1,5,154,9.550092936718965,3.044522437723423,1
3921,1952,2n Cycle,Widow,28457.0,0,0,2012-10-28,96,24,1,108,29,29,14,1,4,1,4,8,0,0,0,0,0,0,3,11,0,62,205,0,10,609,10.256184595105637,5.327876168789581,1
3403,1958,PhD,Together,78952.0,0,1,2012-09-24,11,1170,19,594,99,76,134,2,2,5,12,6,0,0,0,0,0,0,3,11,0,56,2092,1,21,643,11.27660801769523,7.646353722445999,0
22,1976,Graduation,Divorced,46310.0,1,0,2012-12-03,99,185,2,88,15,5,14,2,6,1,5,8,0,0,0,0,0,0,3,11,0,38,309,1,14,573,10.74313479284995,5.736572297479192,0
10965,1955,Graduation,Together,76005.0,0,0,2013-02-22,72,983,20,389,240,50,40,1,3,5,13,6,0,0,0,1,0,0,3,11,0,59,1722,0,22,492,11.238567563520709,7.45182223652793,0
9426,1964,Master,Single,58308.0,0,1,2013-01-12,77,691,0,69,10,0,130,4,2,6,3,8,0,0,0,0,0,0,3,11,0,50,900,1,15,533,10.973511734352114,6.803505257608338,0
6605,1944,PhD,Divorced,55614.0,0,0,2013-11-27,85,504,13,131,8,0,26,1,9,4,6,7,0,1,0,0,0,0,3,11,0,70,682,0,20,214,10.92620822802613,6.52649485957079,0
3136,1962,Master,Divorced,59432.0,0,1,2013-04-13,88,317,25,265,25,19,12,3,5,3,11,5,0,0,0,0,0,0,3,11,0,52,663,1,22,442,10.992604906642436,6.498282149476434,0
8737,1978,Graduation,Divorced,55563.0,0,1,2014-04-05,22,29,1,9,2,0,2,1,2,0,3,3,0,0,0,0,0,0,3,11,0,36,43,1,6,85,10.92529078851728,3.784189633918261,1
11088,1971,PhD,Together,78642.0,0,1,2013-04-21,83,1396,0,322,46,35,17,1,4,9,4,6,0,0,0,0,0,0,3,11,0,43,1816,1,18,434,11.272673902618335,7.504942068396171,0
716,1949,PhD,Together,67911.0,0,1,2014-05-22,63,529,0,356,63,28,0,3,6,7,11,3,0,0,0,0,0,0,3,11,0,65,976,1,27,38,11.125968028417804,6.884486652042782,0
466,1944,Graduation,Married,65275.0,0,0,2013-04-03,9,388,14,218,91,14,21,1,4,3,13,2,0,0,0,0,0,0,3,11,0,70,746,0,21,452,11.086379713250825,6.616065185132817,0
9135,1950,Graduation,Together,27203.0,1,1,2012-08-06,92,13,2,21,4,0,24,2,1,1,2,8,0,0,0,0,0,0,3,11,0,64,64,2,6,692,10.211119300295529,4.174387269895637,1
10623,1961,Master,Together,48330.0,0,1,2013-11-15,2,28,0,4,0,0,0,1,1,0,3,5,0,0,0,0,0,0,3,11,0,53,32,1,5,226,10.785828455707216,3.4965075614664802,1
8151,1990,Basic,Married,24279.0,0,0,2012-12-29,6,16,36,21,20,62,108,1,4,1,3,8,0,0,0,0,0,0,3,11,0,24,263,0,9,547,10.097408245173435,5.575949103146316,1
5140,1985,PhD,Married,64355.0,1,0,2012-08-24,66,1047,0,140,67,38,153,2,4,3,12,8,0,0,0,0,0,0,3,11,0,29,1445,1,21,674,11.072185448770925,7.27655640271871,0
10160,1956,Master,Together,50943.0,0,1,2013-06-21,49,31,0,7,2,0,6,1,1,0,3,5,0,0,0,0,0,0,3,11,0,58,46,1,5,373,10.838482269204055,3.8501476017100584,1
4945,1953,Graduation,Widow,53653.0,0,0,2012-11-07,29,815,10,239,28,10,108,2,10,4,12,6,0,0,0,0,0,0,3,11,0,61,1210,0,28,599,10.890311302595522,7.099201743553092,0
10584,1976,Graduation,Married,65665.0,0,1,2013-12-02,77,225,162,387,106,36,29,1,5,10,8,3,0,0,0,0,0,0,3,11,0,38,945,1,24,209,11.092336566716217,6.852242569051878,0
6071,1989,Graduation,Single,81217.0,0,0,2013-07-19,77,493,70,324,146,40,84,1,3,7,11,1,0,0,0,0,0,0,3,11,0,25,1157,0,22,345,11.304892176460372,7.05444965813294,0
3386,1992,Graduation,Married,34935.0,0,0,2013-06-21,71,34,4,66,3,10,20,1,2,1,4,7,0,0,0,0,0,0,3,11,0,22,137,0,8,373,10.461273095165398,4.927253685157205,0
8939,1959,Graduation,Divorced,61250.0,0,1,2012-12-16,49,382,138,65,60,26,59,6,5,2,12,5,0,0,0,0,0,0,3,11,0,55,730,1,25,560,11.022735454804309,6.594413459749778,0
9925,1981,PhD,Together,39665.0,1,0,2013-05-25,97,127,1,56,0,1,31,3,4,2,3,7,1,0,0,0,0,0,3,11,0,33,216,1,12,400,10.588249676561633,5.37989735354046,1
4320,1979,Graduation,Single,60152.0,0,1,2013-03-28,6,325,83,300,86,58,91,1,6,4,12,3,0,0,0,0,0,0,3,11,0,35,943,1,23,458,11.004646595470813,6.8501261661455,0
5389,1964,Graduation,Married,48920.0,0,2,2013-10-20,93,238,17,68,8,10,6,3,6,2,5,7,0,1,0,0,0,0,3,11,0,50,347,2,16,252,10.797962031129387,5.8522024797744745,1
6036,1959,Master,Together,89120.0,0,0,2014-03-17,78,1168,92,408,72,129,55,1,5,6,7,1,0,0,1,0,0,0,3,11,0,55,1924,0,19,104,11.397750275924011,7.562681246721884,0
182,1946,PhD,Together,44124.0,0,1,2013-05-11,62,284,0,55,0,6,52,4,6,2,5,8,0,0,0,0,0,0,3,11,0,68,397,1,17,414,10.694781794235597,5.986452005284438,0
203,1975,Master,Single,81169.0,0,0,2013-04-14,47,1288,20,613,80,61,27,1,5,7,9,2,0,0,0,0,0,0,3,11,0,39,2089,0,22,441,11.304300999755222,7.644919344958857,0
11025,1961,Graduation,Married,36443.0,1,1,2013-02-03,9,65,0,46,4,3,20,4,3,1,3,8,0,0,0,0,0,0,3,11,0,53,138,2,11,511,10.50353211483375,4.9344739331306915,1
10203,1990,Graduation,Single,26095.0,1,0,2013-06-30,77,11,7,9,3,1,11,1,1,0,3,7,0,0,0,0,0,0,3,11,0,24,42,1,5,364,10.169537324860794,3.7612001156935624,1
4607,1959,Graduation,Together,71367.0,0,0,2013-08-23,24,227,23,389,42,21,75,1,4,5,7,2,0,0,0,0,0,0,3,11,0,55,777,0,17,310,11.17560486859362,6.656726524178391,0
3711,1944,Master,Married,80184.0,0,0,2014-03-01,19,1035,134,670,25,38,0,1,6,3,10,3,0,0,1,1,0,0,3,11,0,70,1902,0,20,120,11.29209174394291,7.551186867296149,0
3696,1965,Graduation,Divorced,30630.0,1,1,2014-01-27,67,27,1,12,2,0,10,2,2,0,3,7,0,0,0,0,0,0,3,11,0,49,52,2,7,153,10.329767847024877,3.970291913552122,1
2532,1987,Master,Single,73454.0,0,0,2014-03-01,95,982,73,351,56,14,175,1,2,4,6,5,1,0,0,0,0,0,3,11,0,27,1651,0,13,120,11.204428252804528,7.409741954080923,0
9214,1991,Graduation,Married,42691.0,0,0,2013-08-16,48,179,2,64,38,17,58,1,5,1,6,5,0,0,0,0,0,0,3,11,0,23,358,0,13,317,10.661766828033855,5.883322388488279,0
4943,1953,Graduation,Married,70503.0,0,0,2012-09-30,73,1379,33,216,0,33,66,1,2,4,9,6,0,1,1,0,0,0,3,11,0,61,1727,0,16,637,11.163424724779496,7.454719949364001,0
35,1987,Graduation,Married,25545.0,1,0,2012-09-08,35,32,1,64,16,12,85,3,2,2,3,6,0,0,0,0,0,0,3,11,1,27,210,1,10,659,10.148236027602723,5.351858133476067,1
2258,1986,Graduation,Married,32880.0,1,0,2012-12-04,76,8,4,15,7,6,2,1,1,0,3,8,0,0,0,0,0,0,3,11,0,28,42,1,5,572,10.400650262332935,3.7612001156935624,1
4322,1958,PhD,Together,77863.0,0,0,2013-11-27,20,881,38,319,16,25,12,1,4,5,10,2,0,0,0,0,0,0,3,11,0,56,1291,0,20,214,11.26271899410633,7.163946684342547,0
713,1977,Master,Married,50353.0,0,0,2014-06-08,72,141,15,153,67,31,35,1,4,4,6,3,0,0,0,0,0,0,3,11,0,37,442,0,15,21,10.82683333888396,6.093569770045136,0
4702,1964,Graduation,Single,61839.0,0,0,2012-08-12,20,1000,155,379,224,17,120,1,4,8,4,8,0,0,0,0,0,0,3,11,0,50,1895,0,17,686,11.032305683261304,7.547501682814967,0
3281,1960,PhD,Married,49154.0,1,1,2013-11-03,69,206,10,67,30,27,71,6,4,1,8,6,0,0,0,0,0,0,3,11,0,54,411,2,19,238,10.802733849801024,6.021023349349527,1
702,1975,2n Cycle,Widow,47682.0,0,1,2013-02-15,80,162,61,83,97,57,61,4,4,3,8,5,0,0,0,0,0,0,3,11,0,39,521,1,19,499,10.772330219222972,6.257667587882639,0
2004,1969,Graduation,Single,72679.0,0,1,2013-09-18,65,619,54,260,127,54,54,1,4,7,5,1,0,0,0,0,0,0,3,11,0,45,1168,1,17,284,11.193821522510108,7.063903961472068,0
4769,1977,Master,Together,57954.0,1,1,2014-06-18,52,456,4,24,0,0,9,7,8,2,6,7,0,1,0,0,0,0,3,11,0,37,493,2,23,11,10.967422126322845,6.202535517187923,0
4437,1962,Graduation,Married,65316.0,1,1,2013-04-24,65,112,6,92,3,9,38,2,3,2,5,4,0,0,0,0,0,0,3,11,0,52,260,2,12,431,11.087007618289336,5.564520407322694,1
8724,1982,Graduation,Single,28567.0,1,0,2013-06-17,57,11,3,22,2,2,6,2,2,0,3,6,0,0,0,0,0,0,3,11,0,32,46,1,7,377,10.260042489274284,3.8501476017100584,1
10741,1951,Master,Together,47352.0,0,1,2013-04-11,70,172,12,112,8,0,15,4,6,1,5,7,0,0,0,0,0,0,3,11,0,63,319,1,16,444,10.765385454579738,5.768320995793772,0
1991,1967,Graduation,Together,44931.0,0,1,2014-01-18,0,78,0,11,0,0,7,1,2,1,3,5,0,0,0,0,0,0,3,11,0,47,96,1,7,162,10.71290551476146,4.574710978503383,1
6931,1967,Graduation,Divorced,76982.0,0,0,2014-02-15,19,464,151,292,65,60,30,1,8,3,4,4,0,0,1,0,0,0,3,11,1,47,1062,0,16,134,11.251339897239722,6.968850378341948,0
11096,1952,2n Cycle,Together,57247.0,0,1,2013-08-08,50,99,4,32,37,54,6,2,2,1,7,2,0,0,0,0,0,0,3,11,0,62,232,1,12,325,10.955147986308445,5.4510384535657,0
304,1981,Master,Single,22944.0,1,0,2013-12-23,67,19,3,19,4,5,26,3,3,0,3,7,0,0,0,0,0,0,3,11,0,33,76,1,9,188,10.040855326828934,4.343805421853684,1
3665,1977,2n Cycle,Together,25315.0,1,0,2013-11-07,46,1,9,8,11,3,22,3,3,0,3,8,0,0,0,0,0,0,3,11,0,37,54,1,9,234,10.139191885895196,4.007333185232471,1
10591,1969,Graduation,Widow,43638.0,0,1,2012-08-06,37,63,10,83,7,19,19,2,4,1,4,7,0,0,0,0,0,0,3,11,0,45,201,1,11,692,10.683706524927356,5.308267697401205,1
5036,1984,PhD,Single,42710.0,1,0,2012-11-28,38,252,3,42,4,3,102,2,4,5,3,6,0,0,0,0,0,0,3,11,0,30,406,1,14,578,10.662211777281856,6.008813185442595,0
5547,1982,PhD,Married,84169.0,0,0,2013-08-07,9,1478,19,403,0,19,0,1,7,6,6,3,0,1,1,0,0,0,3,11,1,32,1919,0,20,326,11.340593842205621,7.560080465021827,0
7822,1976,Graduation,Together,54058.0,0,1,2013-06-04,56,198,18,252,32,108,54,2,4,6,8,3,0,0,0,0,0,0,3,11,0,38,662,1,20,390,10.897831321694126,6.4967749901858625,0
8541,1990,2n Cycle,Married,24683.0,1,0,2014-03-08,98,8,4,10,6,7,6,2,2,0,4,5,0,0,0,0,0,0,3,11,0,24,41,1,8,113,10.113910539440958,3.7376696182833684,1
10955,1964,Graduation,Widow,85620.0,0,0,2014-01-07,68,416,46,925,60,107,46,1,3,6,4,1,0,0,0,0,0,0,3,11,1,50,1600,0,14,173,11.357685859144864,7.3783837129967145,0
4368,1980,Graduation,Married,47850.0,1,0,2013-12-03,72,42,7,43,20,12,10,1,3,0,4,6,0,0,0,0,0,0,3,11,0,34,134,1,8,208,10.775847295304315,4.90527477843843,1
9671,1968,Graduation,Married,19514.0,1,1,2014-01-26,47,14,3,21,2,1,28,4,3,1,2,8,1,0,0,0,0,0,3,11,1,46,69,2,10,154,9.878938679614715,4.248495242049359,1
2256,1973,Master,Married,27159.0,1,1,2014-03-29,33,17,0,3,0,0,1,2,1,0,3,6,0,0,0,0,0,0,3,11,0,41,21,2,6,92,10.209500581672632,3.091042453358316,1
4279,1963,2n Cycle,Single,39548.0,1,1,2014-03-31,87,15,4,10,3,4,18,2,1,1,3,3,0,0,0,0,0,0,3,11,0,51,54,2,7,90,10.58529568842608,4.007333185232471,1
5371,1989,Graduation,Single,21474.0,1,0,2014-04-08,0,6,16,24,11,0,34,2,3,1,2,7,1,0,0,0,0,0,3,11,1,25,91,1,8,82,9.974644746852457,4.5217885770490405,1
9240,1971,PhD,Single,60504.0,0,1,2014-02-07,73,458,0,24,6,4,34,2,6,2,8,6,0,0,0,0,0,0,3,11,0,43,526,1,18,142,11.010481285232153,6.267200548541362,0
9460,1963,Graduation,Married,22419.0,0,0,2013-04-18,74,30,3,47,19,21,42,1,3,2,2,8,0,0,0,0,0,0,3,11,0,51,162,0,8,437,10.017708696626151,5.093750200806762,1
9504,1949,Master,Married,81698.0,0,0,2013-11-06,4,179,28,520,111,123,47,1,3,8,13,1,0,0,0,0,0,0,3,11,1,65,1008,0,25,235,11.310797040871105,6.9167150203536085,0
8692,1952,Graduation,Together,43462.0,1,1,2012-09-12,50,90,17,97,15,6,15,6,4,1,5,8,0,0,0,0,0,0,3,11,0,62,240,2,16,655,10.679665280420206,5.484796933490655,1
448,1978,PhD,Single,54880.0,1,0,2013-03-01,57,308,85,137,102,45,118,2,6,2,11,5,0,0,0,0,0,0,3,11,0,36,795,1,21,485,10.9129224838081,6.679599185844383,0
8314,1982,Graduation,Married,79908.0,0,0,2013-04-05,30,557,129,761,29,185,111,1,5,6,7,2,0,0,1,0,0,0,3,11,0,32,1772,0,19,450,11.28864376621187,7.480428306074208,0
8420,1970,2n Cycle,Married,15315.0,0,0,2013-08-03,27,7,4,13,15,8,17,2,2,0,4,5,0,0,0,0,0,0,3,11,0,44,64,0,8,330,9.636653312597184,4.174387269895637,1
3174,1959,Graduation,Together,87771.0,0,1,2013-05-22,61,1492,38,287,50,57,33,1,5,10,4,6,0,1,1,1,1,0,3,11,1,55,1957,1,20,403,11.38249782215576,7.579678823090456,0
7685,1978,Graduation,Married,33039.0,1,0,2013-09-09,4,30,8,12,8,8,12,1,2,0,4,5,0,0,0,0,0,0,3,11,0,36,78,1,7,293,10.405474227634915,4.3694478524670215,1
3179,1980,Graduation,Single,81741.0,0,0,2013-06-16,75,249,153,940,58,134,38,0,6,6,7,2,0,0,0,0,0,0,3,11,0,34,1572,0,19,378,11.311323224643747,7.360739903058278,0
9780,1971,Master,Together,71499.0,0,1,2013-06-25,12,465,25,132,136,0,37,2,8,3,13,4,0,0,0,0,0,0,3,11,0,43,795,1,26,369,11.177452728682098,6.679599185844383,0
10681,1970,2n Cycle,Married,62466.0,0,1,2014-01-15,13,129,129,259,168,121,83,5,6,3,12,4,0,0,0,0,0,0,3,11,0,44,889,1,26,165,11.042393696283407,6.7912214627261855,0
10232,1963,PhD,Divorced,48799.0,0,1,2013-11-05,9,174,18,81,28,6,24,3,3,2,7,3,0,0,0,0,0,0,3,11,0,51,331,1,15,236,10.795485591841238,5.805134968916488,0
4184,1950,PhD,Together,52157.0,0,1,2014-06-07,48,189,2,29,3,2,40,2,3,2,5,4,0,0,0,0,0,0,3,11,0,64,265,1,12,22,10.86203285230712,5.583496308781699,0
9120,1962,Graduation,Single,66565.0,0,1,2012-12-05,80,747,10,161,65,40,42,4,4,2,9,8,0,0,0,0,0,0,3,11,0,52,1065,1,19,571,11.105949215663113,6.97166860472579,0
891,1951,Master,Together,29298.0,1,1,2013-09-07,60,6,0,2,2,0,1,1,1,0,2,5,0,0,0,0,0,0,3,11,0,63,11,2,4,295,10.285308664729895,2.4849066497880004,1
10381,1979,Graduation,Single,47691.0,0,1,2013-07-05,43,14,0,3,0,0,4,1,1,0,2,6,0,0,0,0,0,0,3,11,0,35,21,1,4,359,10.772518947926022,3.091042453358316,1
3525,1970,Graduation,Together,38200.0,1,1,2012-12-07,19,12,0,4,0,0,1,1,1,0,2,7,0,0,0,0,0,0,3,11,0,44,17,2,4,569,10.5506169722625,2.8903717578961645,1
6818,1974,Graduation,Married,44989.0,0,1,2012-09-12,26,98,0,106,49,10,106,5,5,1,5,6,0,0,0,0,0,0,3,11,0,40,369,1,16,655,10.714195521835219,5.91350300563827,0
3526,1968,PhD,Married,38443.0,1,1,2014-01-27,58,32,0,5,0,0,1,2,1,0,3,7,0,0,0,0,0,0,3,11,0,46,38,2,6,153,10.556957915943174,3.6635616461296463,1
8181,1978,2n Cycle,Single,38593.0,1,0,2013-09-13,42,51,12,49,17,24,24,3,4,1,3,8,0,0,0,0,0,0,3,11,0,36,177,1,11,289,10.560852102956302,5.181783550292085,1
1029,1970,PhD,Together,64413.0,0,1,2013-08-01,27,200,5,44,0,10,20,1,5,1,5,5,0,0,0,0,0,0,3,11,0,44,279,1,12,332,11.073086279770727,5.634789603169249,0
7369,1981,Master,Married,36959.0,1,0,2013-10-02,56,25,6,25,6,0,0,2,2,0,3,8,0,0,0,0,0,0,3,11,0,33,62,1,7,270,10.51759152575562,4.143134726391533,1
2574,1977,PhD,Married,61996.0,0,1,2013-01-31,27,1050,12,144,0,0,24,3,6,4,8,5,0,1,0,1,1,0,3,11,1,37,1230,1,21,514,11.034841275759762,7.115582126184454,0
8159,1968,Graduation,Married,51287.0,1,1,2014-04-01,10,117,0,22,13,0,30,3,4,1,3,7,0,0,0,0,0,0,3,11,0,46,182,2,11,89,10.845212085667093,5.209486152841421,1
1160,1970,Graduation,Married,13260.0,1,1,2013-08-23,48,9,4,17,10,2,7,4,3,0,3,8,0,0,0,0,0,0,3,11,0,44,49,2,10,310,9.4925826756776,3.912023005428146,1
10242,1966,PhD,Together,47472.0,1,1,2013-09-16,39,56,0,11,0,0,8,2,2,0,4,5,0,0,0,0,0,0,3,11,0,48,75,2,8,286,10.767916407357609,4.330733340286331,1
5253,1956,Master,Together,54603.0,1,1,2013-07-09,85,145,13,46,17,2,4,6,4,2,4,7,0,0,0,0,0,0,3,11,0,58,227,2,16,355,10.907862419122868,5.429345628954441,1
5966,1974,PhD,Married,45207.0,1,1,2012-11-10,64,203,0,10,0,0,2,5,3,1,6,6,0,1,0,0,0,0,3,11,0,40,215,2,15,596,10.71902934130968,5.375278407684165,1
5314,1951,Graduation,Together,40689.0,0,1,2013-03-18,69,270,3,27,39,6,99,7,7,1,5,8,0,0,0,0,0,0,3,11,0,63,444,1,20,468,10.613737640995735,6.09807428216624,0
5081,1967,2n Cycle,Together,47821.0,1,1,2013-10-20,54,9,0,16,6,6,10,1,1,0,3,8,0,0,0,0,0,0,3,11,0,47,47,2,5,252,10.775241063642547,3.8712010109078907,1
5123,1951,Master,Married,27450.0,0,0,2013-04-15,57,37,12,23,8,11,52,1,2,1,3,7,0,0,0,0,0,0,3,11,0,63,143,0,7,440,10.22015787614662,4.969813299576001,1
5756,1983,Graduation,Together,39453.0,1,0,2014-04-03,64,46,0,7,0,0,2,2,2,0,3,6,0,0,0,0,0,0,3,11,0,31,55,1,7,87,10.582890715303813,4.02535169073515,1
8036,1971,2n Cycle,Together,26850.0,1,1,2014-04-18,10,31,1,13,7,2,9,4,2,1,4,4,0,0,0,0,0,0,3,11,0,43,63,2,11,72,10.198058343191331,4.1588830833596715,1
9058,1955,Graduation,Widow,79800.0,0,0,2012-09-23,65,1060,21,530,32,0,224,1,5,11,5,3,1,0,1,1,0,0,3,11,1,59,1867,0,22,644,11.287291314687705,7.532623618788788,0
5057,1961,Master,Married,61794.0,0,1,2013-09-14,74,264,47,188,54,47,11,2,4,4,10,2,0,0,0,0,0,0,3,11,0,53,611,1,20,288,11.031577734023836,6.416732282512326,0
254,1955,Graduation,Together,53863.0,0,1,2014-05-17,4,399,4,30,6,4,30,3,7,1,7,7,0,1,0,0,0,0,3,11,0,59,473,1,18,43,10.894217630225118,6.161207321695077,0
4179,1959,Graduation,Together,24221.0,0,0,2013-08-20,94,8,9,9,2,5,22,1,1,1,3,4,0,0,0,0,0,0,3,11,0,55,55,0,6,313,10.095016590080995,4.02535169073515,1
3710,1984,PhD,Single,39684.0,1,0,2012-10-12,41,19,0,35,6,4,17,2,2,1,2,7,0,0,0,0,0,1,3,11,1,30,81,1,7,625,10.588728561524976,4.406719247264253,1
7627,1975,Master,Married,92163.0,0,0,2012-12-12,25,817,183,797,106,163,20,0,5,11,5,2,0,0,1,1,0,0,3,11,1,39,2086,0,21,564,11.431324877765622,7.643482907077201,0
4501,1965,Master,Single,69882.0,0,0,2013-11-10,94,292,127,635,132,127,165,1,3,7,9,1,0,0,0,0,0,0,3,11,0,49,1478,0,20,231,11.154577694064903,7.2991214627108,0
6424,1977,Graduation,Together,33178.0,1,0,2014-01-30,9,12,6,2,11,2,16,1,1,0,3,4,0,0,0,0,0,0,3,11,0,37,49,1,5,150,10.409672424652523,3.912023005428146,1
3075,1972,PhD,Married,59973.0,0,0,2013-09-11,47,130,30,168,20,34,0,1,3,4,7,1,0,0,0,0,0,0,3,11,0,42,382,0,15,291,11.001666413954883,5.948034989180646,0
4992,1975,Master,Together,17459.0,1,0,2013-09-19,12,6,4,16,3,10,30,3,3,1,2,7,0,0,0,0,0,0,3,11,1,39,69,1,9,283,9.767667829393593,4.248495242049359,1
5252,1969,Graduation,Divorced,23910.0,1,0,2012-10-26,80,16,12,18,7,1,13,1,2,0,3,7,0,0,0,0,0,0,3,11,0,45,67,1,6,611,10.082093883082601,4.219507705176107,1
7444,1969,Master,Married,42169.0,1,1,2013-10-19,20,19,0,9,0,0,2,2,1,0,3,8,0,0,0,0,0,0,3,11,0,45,30,2,6,253,10.649464346740606,3.4339872044851463,1
6919,1978,2n Cycle,Married,26224.0,1,0,2013-06-04,39,4,7,15,13,9,15,3,2,1,3,6,0,0,0,0,0,0,3,11,0,36,63,1,9,390,10.174468433264497,4.1588830833596715,1
3537,1981,Graduation,Together,31089.0,1,0,2012-08-17,57,31,3,31,2,8,4,3,3,0,4,8,0,0,0,0,0,0,3,11,0,33,79,1,10,681,10.344641503052799,4.382026634673881,1
10277,1961,Graduation,Single,30081.0,0,1,2013-02-21,27,36,0,2,0,0,4,1,1,0,3,7,0,0,0,0,0,0,3,11,0,53,42,1,5,493,10.31168226521516,3.7612001156935624,1
2453,1960,Graduation,Together,62807.0,0,1,2012-08-31,83,526,28,135,10,21,99,3,5,3,12,5,0,0,0,0,0,0,3,11,0,54,819,1,23,667,11.047837732878092,6.709304340258299,0
7972,1955,Graduation,Single,72906.0,0,0,2013-09-17,79,400,32,519,71,75,54,1,3,4,9,1,0,0,0,0,0,0,3,11,0,59,1151,0,17,285,11.196939935334811,7.049254841255837,0
895,1948,PhD,Married,61467.0,0,2,2012-12-09,69,410,16,114,0,5,49,3,5,2,10,5,0,0,0,0,0,0,3,11,0,66,594,2,20,567,11.026271993175223,6.38856140554563,0
1177,1966,Master,Together,49618.0,1,1,2013-01-26,77,80,3,26,4,2,14,4,3,1,3,7,0,0,0,0,0,0,3,11,0,48,129,2,11,519,10.812129103878668,4.867534450455582,1
7141,1986,Master,Single,21888.0,1,0,2012-12-29,15,88,10,46,2,3,64,4,5,1,2,10,0,0,0,0,0,0,3,11,1,28,213,1,12,547,9.993739506513155,5.365976015021851,1
7232,1973,Graduation,Widow,42429.0,0,1,2014-02-11,99,55,0,6,2,0,4,2,1,1,3,5,0,0,0,0,0,0,3,11,0,41,67,1,7,138,10.65561093819637,4.219507705176107,1
8477,1956,Graduation,Divorced,26150.0,2,1,2013-03-11,61,5,1,13,3,5,1,1,1,0,3,7,0,0,0,0,0,0,3,11,0,58,28,3,5,475,10.171642709679686,3.367295829986474,1
2457,1975,Basic,Married,30801.0,0,1,2012-10-26,23,8,4,5,15,2,11,2,1,0,3,7,0,0,0,0,0,0,3,11,0,39,45,1,6,611,10.335334901918412,3.828641396489095,1
988,1965,Graduation,Married,81168.0,0,0,2014-05-07,84,410,0,592,147,22,22,1,6,4,7,3,0,0,0,1,0,0,3,11,0,49,1193,0,18,53,11.304288679856738,7.085064293952548,0
7930,1969,Master,Single,26877.0,0,0,2013-08-19,74,101,13,76,20,18,40,2,3,1,6,6,0,0,0,0,0,0,3,11,0,45,268,0,12,314,10.19906338710701,5.594711379601839,1
4587,1944,Master,Widow,45006.0,0,0,2013-07-18,90,162,25,53,16,0,10,1,3,1,7,3,0,0,0,0,0,0,3,11,0,70,266,0,12,346,10.7145733122105,5.58724865840025,0
6682,1973,Basic,Married,18978.0,1,0,2012-12-11,41,2,8,1,4,7,15,1,1,0,3,8,0,0,0,0,0,0,3,11,0,41,37,1,5,565,9.85108838373692,3.6375861597263857,1
6222,1967,Graduation,Married,22574.0,2,1,2013-10-28,28,25,0,8,2,0,2,2,2,0,3,7,0,0,0,0,0,0,3,11,0,47,37,3,7,244,10.024598378285186,3.6375861597263857,1
10299,1969,PhD,Single,48240.0,0,0,2012-11-09,73,389,91,248,64,49,41,3,6,3,13,5,0,0,0,0,0,0,3,11,1,45,882,0,25,597,10.78396456087112,6.78332520060396,0
3083,1974,Graduation,Married,45837.0,1,1,2013-07-26,88,215,13,87,17,17,24,5,6,2,5,7,0,0,0,0,0,0,3,11,0,40,373,2,18,338,10.732868720419352,5.924255797414532,1
8953,1965,Master,Single,35791.0,2,1,2013-05-06,94,27,0,5,0,0,3,2,1,0,3,8,0,0,0,0,0,0,3,11,0,49,35,3,6,419,10.485479683729912,3.58351893845611,1
1503,1976,PhD,Together,162397.0,1,1,2013-06-03,31,85,1,16,2,1,2,0,0,0,1,1,0,0,0,0,0,0,3,11,0,38,107,2,1,391,11.997805391362945,4.68213122712422,0
8650,1978,Graduation,Widow,54162.0,1,1,2013-03-18,31,5,6,10,6,5,10,1,1,0,3,4,0,0,0,0,0,0,3,11,0,36,42,2,5,468,10.8997532974849,3.7612001156935624,1
10862,1960,Master,Married,30522.0,0,1,2012-08-17,6,179,8,83,19,11,26,5,1,2,9,2,0,0,0,0,0,0,3,11,0,54,326,1,17,681,10.326235776766852,5.7899601708972535,1
2782,1961,PhD,Married,54456.0,0,1,2013-07-11,23,352,0,27,10,0,15,3,6,1,7,6,0,0,0,0,0,0,3,11,0,53,404,1,17,353,10.905166678408571,6.003887067106539,0
6941,1971,Graduation,Single,31632.0,0,0,2013-07-14,92,17,8,12,11,15,32,1,2,1,2,7,0,0,0,0,0,0,3,11,0,43,95,0,6,350,10.361956158466594,4.564348191467836,1
10972,1949,Graduation,Widow,72298.0,0,0,2014-03-10,52,625,35,169,58,17,35,1,4,3,6,1,0,1,1,0,0,0,3,11,0,65,939,0,14,111,11.18856557679256,6.84587987526405,0
10708,1978,2n Cycle,Single,36975.0,1,0,2013-12-28,50,10,6,11,0,4,2,1,1,0,3,7,0,0,0,0,0,0,3,11,0,36,33,1,5,183,10.518024332514162,3.5263605246161616,1
6583,1955,2n Cycle,Married,72635.0,0,0,2013-06-03,54,390,22,323,104,35,107,1,6,8,6,3,0,0,0,1,0,0,3,11,0,59,981,0,21,391,11.193215945679688,6.889591308354466,0
3641,1976,Graduation,Married,13624.0,1,0,2013-01-20,93,10,2,15,2,1,6,2,2,0,3,6,0,0,0,0,0,0,3,11,0,38,36,1,7,525,9.519661619531444,3.6109179126442243,1
10156,1975,Graduation,Single,84196.0,0,1,2013-06-03,56,215,63,507,231,31,190,1,8,4,7,3,0,0,0,0,0,0,3,11,0,39,1237,1,20,391,11.340914570141992,7.121252453244542,0
4299,1960,Graduation,Together,70971.0,0,1,2012-09-21,28,1001,17,572,93,125,17,7,11,11,5,7,0,0,0,0,0,0,3,11,1,54,1825,1,34,646,11.17004071204347,7.509883061154913,0
3469,1977,PhD,Divorced,34487.0,1,1,2012-09-06,94,19,18,33,24,1,8,3,3,0,3,9,0,0,0,0,0,0,3,11,0,37,103,2,9,661,10.448366716426971,4.6443908991413725,1
5063,1977,Graduation,Single,28769.0,1,0,2012-12-18,76,41,5,129,10,3,3,3,4,1,4,9,0,0,0,0,0,0,3,11,0,37,191,1,12,558,10.267088456545594,5.2574953720277815,1
10727,1970,PhD,Married,69084.0,1,0,2013-11-19,43,1181,107,199,39,30,30,2,7,3,13,8,0,0,0,0,0,0,3,11,0,44,1586,1,25,222,11.14309290949077,7.369600720526409,0
9624,1958,PhD,Together,65488.0,0,0,2014-06-13,46,603,45,207,36,18,54,1,3,4,6,1,0,0,0,0,0,0,3,11,0,56,963,0,14,16,11.089637468588725,6.871091294610546,0
5156,1970,2n Cycle,Married,62466.0,0,1,2014-01-15,13,129,129,259,168,121,83,5,6,3,12,4,0,0,0,0,0,0,3,11,0,44,889,1,26,165,11.042393696283407,6.7912214627261855,0
4376,1960,2n Cycle,Single,32218.0,0,0,2014-02-15,27,10,24,15,13,1,30,1,2,1,3,7,1,0,0,0,0,0,3,11,1,54,93,0,7,134,10.380311619626104,4.543294782270004,1
8923,1973,Graduation,Single,83917.0,0,0,2013-04-18,12,514,22,732,42,198,79,1,6,7,7,3,0,0,0,0,0,0,3,11,1,41,1587,0,21,437,11.337595410565024,7.370230641807081,0
8461,1962,Graduation,Divorced,46102.0,2,1,2014-03-10,3,14,0,1,0,0,1,1,1,0,2,7,0,0,0,0,0,0,3,11,0,52,16,3,4,111,10.738633302789303,2.833213344056216,1
6945,1952,Graduation,Single,84574.0,0,0,2013-06-04,72,387,20,713,38,54,163,1,9,11,11,5,0,0,0,0,0,0,3,11,0,62,1375,0,32,390,11.345393993648909,7.226936018493289,0
944,1962,Graduation,Married,56181.0,0,1,2013-01-08,6,121,103,69,8,44,48,1,4,2,7,4,0,0,0,0,0,0,3,11,0,52,393,1,14,537,10.936351699882175,5.976350909297934,0
1907,1950,Master,Divorced,63120.0,0,1,2012-09-28,53,965,69,279,54,41,69,5,8,4,9,7,0,0,0,0,0,0,3,11,1,64,1477,1,26,639,11.052808798233297,7.298445101508147,0
701,1971,Graduation,Married,73691.0,0,1,2013-11-06,58,707,21,250,85,43,73,2,6,2,8,2,1,0,0,0,0,0,3,11,0,43,1179,1,18,235,11.2076495241174,7.07326971745971,0
3856,1960,Graduation,Together,63381.0,0,1,2012-10-05,78,571,50,142,33,50,159,4,4,5,13,2,0,0,0,0,0,0,3,11,0,54,1005,1,26,632,11.056935188442845,6.913737350659685,0
4149,1948,PhD,Together,76140.0,0,0,2014-05-13,57,586,66,653,17,0,26,1,5,9,6,2,0,0,0,0,0,0,3,11,0,66,1348,0,21,47,11.240342163551318,7.207118856207756,0
2131,1959,PhD,Divorced,62859.0,0,1,2012-12-30,37,1063,89,102,16,12,25,4,9,4,6,6,0,0,0,0,0,0,3,11,0,55,1307,1,23,546,11.04866531035156,7.176254532017144,0
2942,1964,Graduation,Single,45906.0,0,1,2013-05-07,20,305,3,27,4,3,144,2,5,4,4,5,1,0,0,0,0,0,3,11,0,50,486,1,15,418,10.734372889867487,6.18826412308259,0
1173,1947,Master,Together,77632.0,0,0,2013-03-10,73,1200,105,758,0,42,147,1,4,2,6,2,0,1,1,0,0,0,3,11,1,67,2252,0,13,476,11.259747873506827,7.720017940432244,0
4381,1971,PhD,Married,46463.0,1,1,2013-08-18,56,163,2,40,8,11,11,7,3,1,6,6,0,0,0,0,0,0,3,11,0,43,235,2,17,315,10.746433098184468,5.4638318050256105,1
4611,1970,Graduation,Together,105471.0,0,0,2013-01-21,36,1009,181,104,202,21,207,0,9,8,13,3,0,0,1,1,0,0,3,11,1,44,1724,0,30,524,11.566200793829088,7.45298232946546,0
3376,1970,Master,Divorced,55282.0,1,0,2013-12-13,9,125,6,73,8,4,19,1,3,1,6,4,0,0,0,0,0,0,3,11,0,44,235,1,11,198,10.92022072614414,5.4638318050256105,0
4679,1977,Master,Married,78710.0,0,1,2014-05-23,42,721,0,152,119,50,50,3,7,6,12,4,0,0,0,0,0,0,3,11,0,37,1092,1,28,37,11.273538195921754,6.996681488176539,0
10928,1958,Graduation,Together,66886.0,0,1,2013-09-16,28,315,4,62,41,31,146,2,7,1,7,5,0,0,0,0,0,0,3,11,0,56,599,1,17,286,11.110759907353348,6.396929655216146,0
4248,1960,Master,Single,98777.0,0,0,2014-02-17,23,1000,19,711,125,115,38,0,4,6,9,1,0,1,0,0,0,0,3,11,0,54,2008,0,19,132,11.500630186876077,7.605392364814934,0
6728,1985,Graduation,Together,29103.0,1,0,2012-08-27,38,16,0,17,6,3,6,2,1,0,3,9,0,0,0,0,0,0,3,11,0,29,48,1,6,671,10.278630900757904,3.8918202981106265,1
6661,1974,Graduation,Married,67445.0,0,1,2012-08-12,63,757,80,217,29,80,11,5,9,6,12,6,0,0,0,0,0,0,3,11,0,40,1174,1,32,686,11.119082556689852,7.069023426578259,0
4725,1950,PhD,Together,50616.0,0,1,2014-04-13,71,30,2,25,0,1,9,1,1,1,4,2,0,0,0,0,0,0,3,11,0,64,67,1,7,77,10.832042767230265,4.219507705176107,1
3277,1955,Graduation,Divorced,49431.0,0,1,2012-08-03,9,219,3,100,26,0,17,2,7,1,5,8,0,0,0,0,0,0,3,11,0,59,365,1,15,695,10.808353266740815,5.902633333401366,0
5555,1975,Graduation,Divorced,153924.0,0,0,2014-02-07,81,1,1,1,1,1,1,0,0,0,0,0,0,0,0,0,0,0,3,11,0,39,6,0,0,142,11.944220749779412,1.9459101490553132,0
2564,1953,Graduation,Together,61278.0,0,1,2014-01-04,87,111,3,28,2,6,15,2,3,1,4,6,0,0,0,0,0,0,3,11,0,61,165,1,10,176,11.023192485743465,5.111987788356544,0
946,1958,2n Cycle,Together,26490.0,0,0,2012-09-22,92,45,47,52,21,20,25,2,3,1,5,6,0,0,0,0,0,0,3,11,0,56,210,0,11,645,10.184560331647974,5.351858133476067,1
3867,1947,PhD,Together,73059.0,0,1,2013-08-31,36,410,112,420,0,82,71,1,9,3,13,4,0,0,0,0,0,0,3,11,0,67,1095,1,26,302,11.199036300349274,6.999422467507961,0
6940,1966,PhD,Single,46734.0,1,2,2013-10-21,86,100,1,39,6,1,76,4,3,2,3,6,1,0,0,0,0,0,3,11,0,48,223,3,12,251,10.752248627616684,5.4116460518550396,1
55,1963,Graduation,Together,56253.0,0,1,2012-12-07,83,509,0,65,7,11,5,4,7,2,9,6,0,0,0,0,0,0,3,11,0,51,597,1,22,569,10.937632428649502,6.393590753950631,0
7093,1985,Graduation,Married,19986.0,1,0,2013-11-14,74,3,6,5,0,2,6,1,0,0,3,7,0,0,0,0,0,0,3,11,0,29,22,1,4,227,9.902837341194541,3.1354942159291497,1
5084,1975,Graduation,Widow,58330.0,0,1,2013-12-25,87,445,53,213,104,98,151,1,6,4,13,4,0,0,0,0,0,0,3,11,0,39,1064,1,24,186,10.97388896343752,6.970730078143525,0
1777,1980,Basic,Married,25965.0,0,0,2012-09-07,29,2,2,11,41,7,11,1,2,0,3,8,0,0,0,0,0,0,3,11,0,34,74,0,6,660,10.164543268920198,4.31748811353631,1
8162,1956,Master,Together,14661.0,0,0,2013-01-01,88,4,1,11,6,2,2,1,1,0,3,6,0,0,0,0,0,0,3,11,0,58,26,0,5,544,9.593014391783532,3.295836866004329,1
10826,1959,Graduation,Married,18690.0,0,0,2012-12-28,77,6,1,7,23,4,19,1,1,1,2,8,0,0,0,0,0,0,3,11,0,55,60,0,5,548,9.835797403566177,4.110873864173311,1
8754,1974,PhD,Together,45068.0,0,1,2013-05-16,25,14,0,3,0,0,3,1,1,0,2,7,0,0,0,0,0,0,3,11,0,40,20,1,4,409,10.715949927730533,3.044522437723423,1
1987,1987,Basic,Single,21063.0,1,0,2013-09-25,34,1,10,11,19,3,15,2,2,0,3,6,0,0,0,0,0,0,3,11,0,27,59,1,7,277,9.955320701176145,4.0943445622221,1
11007,1968,PhD,Married,29187.0,1,0,2013-05-09,43,26,0,6,0,0,2,1,1,0,3,8,0,0,0,0,0,0,3,11,0,46,34,1,5,416,10.281512944885511,3.5553480614894135,1
7426,1971,2n Cycle,Married,54690.0,1,1,2013-11-07,76,111,16,37,7,9,18,3,3,1,5,3,0,0,0,0,0,0,3,11,0,43,198,2,12,234,10.909454441052057,5.293304824724492,1
9153,1964,PhD,Married,59304.0,0,1,2013-07-29,81,418,61,428,80,51,10,3,7,8,10,5,0,0,0,0,0,0,3,11,0,50,1048,1,28,335,10.990448898463375,6.955592608396297,0
10379,1962,Master,Single,59247.0,0,2,2013-11-08,87,327,9,122,19,14,83,5,5,2,9,6,0,0,0,0,0,0,3,11,0,52,574,2,21,233,10.989487303153394,6.354370040797351,0
9204,1970,Graduation,Widow,66731.0,0,1,2012-09-12,33,371,159,194,58,106,141,4,4,3,6,3,0,0,0,0,0,0,3,11,0,44,1029,1,17,655,11.108439876975565,6.937314081223682,0
3197,1980,Graduation,Married,77353.0,0,1,2013-12-16,38,275,59,107,69,101,59,2,6,4,8,4,0,0,0,0,0,0,3,11,0,34,670,1,20,195,11.256147567657031,6.508769136971682,0
2920,1975,PhD,Single,52614.0,0,1,2012-12-01,63,789,0,142,12,9,38,2,2,4,8,8,0,0,0,0,0,0,3,11,0,39,990,1,16,575,10.870756529174912,6.898714534329988,0
6961,1974,Graduation,Married,26751.0,2,0,2014-05-22,26,1,1,5,0,3,1,1,1,0,2,8,0,0,0,0,0,0,3,11,0,40,11,2,4,38,10.194364515884429,2.4849066497880004,1
4673,1963,PhD,Married,81300.0,0,1,2012-10-30,17,1004,12,145,32,12,36,3,10,3,5,5,0,0,0,1,0,0,3,11,1,51,1241,1,21,607,11.305913595583258,7.124478262493424,0
9937,1979,Graduation,Single,70337.0,0,0,2014-01-02,75,187,81,149,25,43,91,1,2,2,12,1,0,0,0,0,0,0,3,11,0,35,576,0,17,178,11.161067472299884,6.3578422665081,0
8779,1985,2n Cycle,Married,36145.0,1,0,2013-06-16,13,56,4,76,17,1,18,4,4,1,3,9,1,0,0,0,0,0,3,11,1,29,172,1,12,378,10.495321571395584,5.153291594497779,1
9596,1980,PhD,Single,65295.0,0,0,2013-12-23,19,365,32,117,34,110,6,1,3,3,13,2,0,0,0,0,0,0,3,11,0,34,664,0,20,188,11.086686057645586,6.499787040655854,0
2891,1963,Graduation,Divorced,68118.0,0,1,2013-10-18,51,595,23,123,10,23,154,2,8,9,4,6,0,0,0,0,0,0,3,11,0,51,928,1,23,254,11.12901145469236,6.834108738813838,0
4910,1967,Graduation,Divorced,68743.0,0,0,2012-08-30,81,1132,134,384,175,134,115,1,11,5,13,7,0,0,0,0,0,0,3,11,0,47,2074,0,30,668,11.13814473899306,7.637716432664798,0
75,1982,2n Cycle,Together,41039.0,0,0,2013-07-25,32,34,11,137,179,61,45,1,8,1,5,8,0,0,0,0,0,0,3,11,0,32,467,0,15,339,10.62230247984465,6.148468295917647,0
10120,1955,Graduation,Together,38946.0,0,1,2013-10-24,84,116,6,82,6,6,41,2,3,1,6,5,0,0,0,0,0,0,3,11,0,59,257,1,12,248,10.569957026509712,5.552959584921617,1
6327,1967,Graduation,Together,65777.0,0,0,2013-12-19,87,565,32,435,28,32,54,1,2,8,6,1,0,0,0,0,0,0,3,11,0,47,1146,0,17,192,11.094040714902595,7.044905117129371,0
10142,1976,PhD,Divorced,66476.0,0,1,2013-03-07,99,372,18,126,47,48,78,2,5,2,11,4,0,0,0,0,0,0,3,11,0,38,689,1,20,479,11.104611302157315,6.536691597591305,0
9826,1972,PhD,Single,86857.0,0,0,2012-09-12,96,899,102,838,133,102,40,1,5,6,10,2,0,0,0,0,0,0,3,11,1,42,2114,0,22,655,11.372029880265352,7.656810091480378,0
1501,1982,PhD,Married,160803.0,0,0,2012-08-04,21,55,16,1622,17,3,4,15,0,28,1,0,0,0,0,0,0,0,3,11,0,32,1717,0,44,694,11.9879415110395,7.4489161025442,0
10767,1989,PhD,Together,77845.0,0,0,2014-05-16,40,760,40,480,0,40,26,1,3,5,12,1,0,0,1,1,0,0,3,11,0,25,1346,0,21,44,11.262487795081473,7.205635176410364,0
7279,1969,PhD,Together,69476.0,0,0,2013-09-30,3,260,86,559,63,9,67,1,4,6,4,2,0,0,0,0,0,0,3,11,0,45,1044,0,15,272,11.14875104152993,6.951772164398911,0
7230,1960,PhD,Divorced,50611.0,0,1,2012-10-04,98,459,0,24,6,0,4,6,4,5,7,6,0,1,0,0,0,0,3,11,1,54,493,1,22,633,10.831943981309154,6.202535517187923,0
143,1970,Graduation,Single,61209.0,0,0,2013-08-25,73,466,0,224,119,49,99,1,5,3,4,2,0,0,0,0,0,0,3,11,0,44,957,0,13,308,11.022065853845115,6.86484777797086,0
450,1958,Master,Together,42315.0,0,1,2013-07-12,90,67,15,80,17,11,80,3,1,4,4,3,0,0,0,0,0,0,3,11,0,56,270,1,12,352,10.652920544106665,5.602118820879701,1
9316,1952,Basic,Together,13084.0,0,0,2013-11-02,29,2,0,7,3,7,10,1,1,0,3,6,0,0,0,0,0,0,3,11,0,62,29,0,5,239,9.479221814964246,3.4011973816621555,1
6379,1949,Master,Widow,47570.0,1,1,2013-05-29,3,67,1,20,0,2,31,3,2,2,2,7,0,0,0,0,0,0,3,11,1,65,121,2,9,396,10.769978610857677,4.804021044733257,1
9239,1961,Master,Married,61923.0,0,2,2013-07-26,94,92,4,18,3,3,6,1,2,1,4,3,0,0,0,0,0,0,3,11,0,53,126,2,8,338,11.033663105660356,4.844187086458591,1
8315,1995,Graduation,Single,34824.0,0,0,2014-03-26,65,4,2,11,2,0,4,1,1,0,2,6,0,0,0,0,0,0,3,11,0,19,23,0,4,95,10.458090798648007,3.1780538303479458,1
2868,1949,PhD,Single,26518.0,1,1,2013-04-08,33,20,1,28,3,3,2,3,2,0,3,8,0,0,0,0,0,0,3,11,1,65,57,2,8,447,10.18561673619821,4.060443010546419,1
10888,1961,Graduation,Single,45938.0,0,0,2013-11-03,46,273,11,178,62,83,29,2,8,4,6,6,0,0,0,0,0,0,3,11,0,53,636,0,20,238,10.735069708483318,6.456769655572163,0
1277,1960,Graduation,Together,78468.0,0,0,2014-04-09,29,434,22,388,104,22,34,1,10,7,10,4,0,0,0,1,0,0,3,11,0,54,1004,0,28,81,11.270458921316601,6.912742820493176,0
9977,1973,Graduation,Divorced,78901.0,0,1,2013-09-17,99,321,11,309,33,26,34,3,9,3,5,4,0,0,0,0,0,0,3,11,0,41,734,1,20,285,11.275961855055156,6.5998704992128365,0
10196,1978,Graduation,Married,71427.0,2,0,2014-03-12,26,212,123,177,15,64,23,2,8,2,8,4,0,0,0,0,0,0,3,11,0,36,614,2,20,109,11.176445228317016,6.421622267806518,0
6384,1978,Graduation,Divorced,71022.0,0,1,2014-02-11,30,909,12,278,0,12,242,3,5,2,11,8,1,0,0,0,0,0,3,11,0,36,1453,1,21,138,11.170759047227005,7.282073658093465,0
8029,1988,Master,Single,90247.0,0,0,2014-04-29,27,1184,32,352,21,16,16,1,3,4,7,1,0,1,1,1,0,0,3,11,1,26,1621,0,15,61,11.410316715284756,7.3914152346753585,0
968,1968,Master,Divorced,41335.0,1,0,2013-12-26,24,112,19,21,16,14,5,3,4,1,4,7,0,0,0,0,0,0,3,11,0,46,187,1,12,185,10.62948906996702,5.236441962829949,1
6988,1986,Graduation,Married,71952.0,1,0,2013-01-10,93,656,80,455,52,107,93,2,8,4,8,4,1,0,1,0,0,0,3,11,0,28,1443,1,22,535,11.183768407068236,7.275172319452771,0
4472,1970,PhD,Divorced,35682.0,1,0,2014-06-27,34,23,0,8,6,2,18,1,1,1,3,2,0,0,0,0,0,0,3,11,0,44,57,1,6,2,10.482429663876848,4.060443010546419,1
6991,1951,Graduation,Divorced,43185.0,0,1,2013-04-10,88,537,6,42,16,6,30,2,9,3,6,8,0,0,0,0,0,0,3,11,0,63,637,1,20,445,10.673271647634778,6.45833828334479,0
3336,1948,PhD,Together,66375.0,0,1,2013-11-21,96,712,0,45,0,0,191,3,2,4,5,7,1,0,0,0,0,0,3,11,0,66,948,1,14,220,11.103090824344122,6.855408798609928,0
4301,1971,Master,Married,35178.0,1,0,2013-01-10,10,23,1,13,2,2,18,1,1,1,2,7,1,0,0,0,0,0,3,11,1,43,59,1,5,535,10.46820459264593,4.0943445622221,1
1940,1986,Graduation,Married,25252.0,1,0,2013-07-12,26,1,3,4,2,2,6,1,1,0,2,8,0,0,0,0,0,0,3,11,0,28,18,1,4,352,10.136700239527121,2.9444389791664403,1
1272,1965,Master,Single,55250.0,0,1,2012-10-21,49,664,58,83,32,0,66,4,7,5,10,5,0,0,0,0,0,0,3,11,0,49,903,1,26,616,10.919641718763716,6.806829360392176,0
1388,1975,Graduation,Single,33249.0,1,0,2013-02-20,11,6,10,21,19,14,42,2,2,1,3,6,0,0,0,0,0,0,3,11,0,39,112,1,8,494,10.411810046084,4.727387818712341,1
1044,1953,Graduation,Together,58398.0,0,0,2013-05-14,44,299,5,201,21,21,49,3,5,4,8,4,0,0,0,0,0,0,3,11,0,61,596,0,20,411,10.975054045382041,6.391917113392602,0
6969,1982,Graduation,Together,50272.0,1,0,2013-08-07,75,99,13,66,43,8,4,3,4,1,5,7,0,0,0,0,0,0,3,11,0,32,233,1,13,326,10.825223432646178,5.455321115357702,0
10479,1975,PhD,Married,76618.0,0,0,2012-12-07,64,749,40,294,121,160,147,1,3,2,5,1,0,0,0,0,0,0,3,11,0,39,1511,0,11,569,11.246600366746865,7.321188556739479,0
3619,1960,2n Cycle,Divorced,87305.0,0,0,2012-09-23,19,345,25,501,63,138,80,1,5,3,8,2,0,0,1,0,0,0,3,11,1,54,1152,0,17,644,11.377174467988334,7.050122520269059,0
1715,1978,Graduation,Together,25851.0,1,0,2013-02-11,45,9,4,18,7,5,5,2,2,0,3,7,0,0,0,0,0,0,3,11,0,36,48,1,7,503,10.160143246382786,3.8918202981106265,1
10159,1970,Graduation,Divorced,58710.0,0,1,2013-03-31,77,440,81,368,0,122,174,6,11,5,9,6,0,0,0,0,0,0,3,11,0,44,1185,1,31,455,10.980382381786619,7.078341579557671,0
1463,1958,Graduation,Single,45160.0,1,1,2014-03-29,9,8,2,5,3,0,3,1,1,0,2,7,0,0,0,0,0,0,3,11,0,56,21,2,4,92,10.71798916150825,3.091042453358316,1
5114,1965,Master,Married,74806.0,0,1,2012-12-19,1,670,9,249,0,28,9,2,5,4,5,4,0,0,0,0,0,0,3,11,0,49,965,1,16,557,11.222666742471663,6.873163834212518,0
4990,1954,Graduation,Married,59111.0,0,0,2013-05-02,90,524,0,134,28,28,155,1,11,1,8,7,0,0,0,0,0,0,3,11,0,60,869,0,21,423,10.987189228468484,6.76849321164863,0
4329,1984,PhD,Married,18988.0,1,0,2014-05-23,43,6,0,6,2,1,1,2,1,0,3,7,0,0,0,0,0,0,3,11,0,30,16,1,6,37,9.851615143125416,2.833213344056216,1
10936,1965,Graduation,Married,72190.0,0,0,2013-02-13,79,597,166,597,172,166,249,1,5,6,4,3,0,0,0,0,0,0,3,11,0,49,1947,0,16,501,11.187070663371383,7.5745584842024805,0
4692,1976,Graduation,Married,7500.0,1,0,2012-08-01,19,7,0,12,13,7,32,5,4,1,2,9,1,0,0,0,0,0,3,11,1,38,71,1,12,697,8.922791623969637,4.276666119016055,1
7212,1966,Graduation,Married,44794.0,0,1,2014-06-08,99,54,0,7,0,0,4,1,2,0,3,6,0,0,0,0,0,0,3,11,0,48,65,1,6,21,10.709851805031679,4.189654742026425,1
6086,1955,Graduation,Married,80395.0,0,0,2013-11-23,62,445,25,706,80,76,48,1,6,5,12,2,0,0,0,1,0,0,3,11,0,59,1380,0,24,218,11.294719702685642,7.2305631534092925,0
437,1976,Master,Divorced,75012.0,0,0,2014-01-25,41,294,142,218,164,58,151,1,3,8,11,1,0,0,0,0,0,0,3,11,0,38,1027,0,23,155,11.225416710831293,6.93537044601511,0
11171,1965,Master,Married,56962.0,2,1,2013-10-11,60,292,3,77,10,3,26,7,6,3,5,7,0,0,0,0,0,0,3,11,0,49,411,3,21,261,10.950157213238244,6.021023349349527,1
11101,1991,Graduation,Together,89891.0,0,0,2013-04-15,17,412,22,132,59,28,183,1,11,6,8,4,0,0,1,0,0,0,3,11,0,23,836,0,26,440,11.406364228735884,6.729824070489475,0
5329,1949,PhD,Divorced,35946.0,1,1,2013-09-27,24,8,0,3,0,0,0,1,0,0,3,5,0,0,0,0,0,0,3,11,0,65,11,2,4,275,10.489800910432063,2.4849066497880004,1
610,1953,PhD,Together,53593.0,1,1,2012-08-07,60,349,4,78,6,0,43,8,7,2,6,8,0,0,0,0,0,0,3,11,0,61,480,2,23,691,10.889192400494602,6.175867270105761,1
9384,1978,Graduation,Married,66373.0,1,1,2013-06-12,57,328,9,124,12,24,109,7,4,2,10,3,0,0,0,0,0,0,3,11,0,36,606,2,23,382,11.103060692517378,6.408528791059498,0
5956,1948,PhD,Divorced,45072.0,1,2,2013-10-16,74,144,2,99,7,2,30,5,6,1,4,8,0,0,0,0,0,0,3,11,0,66,284,3,16,256,10.716038676593497,5.652489180268651,1
10430,1973,Graduation,Divorced,89694.0,1,1,2013-10-09,22,1126,28,211,37,28,42,3,4,3,4,5,0,1,1,1,0,0,3,11,0,41,1472,2,14,263,11.40417030513319,7.29505641646263,0
7875,1949,Graduation,Married,72025.0,0,0,2014-04-29,46,967,0,617,43,50,0,1,4,8,13,2,0,1,1,1,0,0,3,11,1,65,1677,0,26,61,11.184782443924378,7.425357887027151,0
7072,1973,Graduation,Married,67432.0,0,1,2013-03-29,69,432,79,341,177,136,170,2,8,5,4,4,0,0,0,0,0,0,3,11,0,41,1335,1,19,457,11.118889791321777,7.197435354096591,0
6255,1952,Master,Together,70545.0,0,1,2014-06-03,29,138,39,63,55,18,21,1,4,1,7,2,0,0,0,0,0,0,3,11,0,62,334,1,13,26,11.164020258295857,5.814130531825066,0
6516,1989,Basic,Married,17487.0,1,0,2013-03-18,37,0,0,1,7,4,6,1,1,0,2,7,0,0,0,0,0,0,3,11,0,25,18,1,4,468,9.76927021041632,2.9444389791664403,1
5564,1969,Graduation,Together,62882.0,0,1,2012-08-09,26,509,133,497,78,24,97,2,7,5,6,4,0,0,0,0,0,0,3,11,0,45,1338,1,20,689,11.04903113588867,7.199678345691172,0
5682,1953,PhD,Single,64108.0,0,1,2013-03-23,8,948,10,86,13,21,21,4,6,9,11,5,0,0,0,0,0,0,3,11,0,61,1099,1,30,463,11.06834003866904,7.003065458786462,0
7458,1956,Master,Together,34941.0,1,1,2013-03-06,26,39,2,25,4,3,24,2,3,0,3,8,0,0,0,0,0,0,3,11,0,58,97,2,8,480,10.46144482303439,4.584967478670572,1
5237,1950,PhD,Single,48767.0,1,2,2014-01-01,79,28,1,21,3,0,10,3,2,1,3,5,0,0,0,0,0,0,3,11,0,64,63,3,9,179,10.794829639046318,4.1588830833596715,1
7761,1978,2n Cycle,Together,38702.0,1,0,2013-08-01,71,13,11,24,13,8,40,2,3,0,4,6,0,0,0,0,0,0,3,11,0,36,109,1,9,332,10.563672395393246,4.700480365792417,1
5278,1964,Graduation,Married,82224.0,0,0,2014-01-25,83,307,26,360,138,31,40,1,6,9,5,3,0,0,0,1,0,0,3,11,0,50,902,0,21,155,11.317214671057258,6.805722553416985,0
3560,1952,Graduation,Together,83844.0,0,0,2013-05-12,57,901,31,345,75,31,191,1,4,4,11,1,0,0,1,0,0,0,3,11,0,62,1574,0,20,413,11.33672513518121,7.362010551259734,0
7235,1975,2n Cycle,Married,17003.0,1,0,2013-12-09,37,2,5,12,4,8,7,3,2,0,4,5,0,0,0,0,0,0,3,11,0,39,38,1,9,202,9.741203889478681,3.6635616461296463,1
10548,1995,Graduation,Single,71163.0,0,0,2014-03-09,30,283,17,372,138,106,44,1,3,8,12,1,0,0,0,0,0,0,3,11,0,19,960,0,24,112,11.172742351554666,6.8679744089702925,0
2281,1970,Graduation,Single,33697.0,1,0,2013-09-15,34,4,3,7,0,3,11,1,1,0,2,7,1,0,0,0,0,0,3,11,0,44,28,1,4,287,10.42519376739833,3.367295829986474,1
4073,1954,2n Cycle,Married,63564.0,0,0,2014-01-29,0,769,80,252,15,34,65,1,10,10,7,6,1,0,0,0,0,0,3,11,1,60,1215,0,28,151,11.059818283384223,7.103322062526113,0
6974,1972,PhD,Together,83443.0,0,0,2013-12-31,89,518,42,742,55,56,84,1,6,10,5,2,0,0,0,0,0,0,3,11,0,42,1497,0,22,180,11.331931027164178,7.311886164077165,0
7938,1958,PhD,Together,51518.0,0,1,2013-10-03,92,350,8,66,17,4,4,2,3,2,10,3,0,0,0,0,0,0,3,11,0,56,449,1,17,269,10.849705950651972,6.1092475827643655,0
7094,1975,Graduation,Widow,58330.0,0,1,2013-12-25,87,445,53,213,104,98,151,1,6,4,13,4,0,0,0,0,0,0,3,11,0,39,1064,1,24,186,10.97388896343752,6.970730078143525,0
3667,1969,Graduation,Married,80952.0,0,0,2013-02-28,20,778,178,689,41,27,44,1,8,5,11,8,0,1,1,1,0,0,3,11,1,45,1757,0,25,486,11.301624018332607,7.471932078245122,0
7723,1979,Graduation,Together,75507.0,0,0,2014-05-02,56,709,93,374,104,80,80,1,8,6,6,3,0,0,0,0,0,0,3,11,0,35,1440,0,21,58,11.231993889888624,7.273092595999522,0
3870,1978,2n Cycle,Together,63855.0,0,0,2013-02-09,28,359,35,314,93,116,89,1,7,3,13,4,0,0,0,0,0,0,3,11,0,36,1006,0,24,505,11.064385827288515,6.914730892718563,0
4012,1972,PhD,Together,62220.0,0,1,2012-08-11,55,799,12,375,16,12,12,5,7,6,5,6,0,0,0,0,0,0,3,11,1,42,1226,1,23,687,11.038447842325047,7.112327444710911,0
5909,1964,Graduation,Married,58512.0,0,1,2013-09-19,25,895,10,101,13,0,152,5,3,4,8,8,0,0,0,0,0,0,3,11,0,50,1171,1,20,283,10.977004230754469,7.066466970136958,0
10470,1979,Master,Married,40662.0,1,0,2013-03-15,0,40,2,23,0,4,23,2,2,1,3,4,0,0,0,0,0,0,3,11,0,35,92,1,8,471,10.613073867047845,4.532599493153256,1
6488,1959,PhD,Married,38829.0,0,1,2014-04-06,86,76,0,7,0,0,16,1,3,2,2,5,0,0,0,0,0,0,3,11,0,55,99,1,8,84,10.566948422725712,4.605170185988092,1
10270,1981,2n Cycle,Married,35523.0,1,0,2013-10-03,8,11,5,22,12,5,11,2,3,0,3,7,0,0,0,0,0,0,3,11,0,33,66,1,8,269,10.477963803378394,4.204692619390966,1
6887,1967,Graduation,Single,79146.0,1,1,2014-04-24,33,245,16,223,21,43,16,2,8,1,8,6,0,0,0,0,0,0,3,11,0,47,564,2,19,66,11.27906216187447,6.336825731146441,0
6406,1988,Master,Married,78285.0,0,0,2013-10-28,13,647,107,391,175,67,40,1,6,4,10,3,0,0,0,0,0,0,3,11,0,26,1427,0,21,244,11.268124066503216,7.2640301428995295,0
7573,1978,PhD,Single,31626.0,1,0,2013-05-10,12,39,1,9,2,1,34,1,2,1,2,7,1,0,0,0,0,0,3,11,1,36,86,1,6,415,10.361766465136906,4.465908118654584,1
4508,1952,Graduation,Single,75127.0,0,0,2014-05-22,92,203,35,305,46,17,227,1,2,11,5,1,0,0,0,0,0,0,3,11,0,62,833,0,19,38,11.22694860448445,6.726233402358747,0
221,1955,Graduation,Married,48726.0,0,1,2013-04-27,90,138,3,38,4,0,59,3,3,2,4,6,0,0,0,0,0,0,3,11,0,59,242,1,12,428,10.79398857022398,5.493061443340548,0
5331,1977,Graduation,Married,74985.0,0,0,2012-09-11,8,587,51,898,247,0,86,1,3,6,7,2,0,0,0,0,0,0,3,11,0,37,1869,0,17,656,11.22505670842739,7.533693709848633,0
1911,1987,Graduation,Together,67430.0,0,0,2012-09-05,6,595,97,291,127,133,121,1,11,5,12,6,0,0,0,0,0,0,3,11,0,27,1364,0,29,662,11.118860131812937,7.21890970761906,0
20,1965,2n Cycle,Married,46891.0,0,1,2013-09-01,91,43,12,23,29,15,61,1,2,1,4,4,0,0,0,0,0,0,3,11,0,49,183,1,8,301,10.755602364191718,5.214935757608986,1
8786,1956,Master,Married,62058.0,0,1,2013-05-26,52,301,7,74,10,0,58,4,6,1,7,6,0,0,0,0,0,0,3,11,0,58,450,1,18,399,11.03584082443394,6.111467339502679,0
10582,1979,Graduation,Married,72063.0,0,1,2013-07-03,3,180,32,348,76,32,90,2,5,2,12,2,0,0,0,0,0,0,3,11,0,35,758,1,21,361,11.185309892059308,6.6320017773956295,0
1915,1951,PhD,Married,78939.0,0,0,2013-12-12,57,794,115,243,150,0,205,1,8,5,6,3,0,0,0,0,0,0,3,11,0,63,1507,0,20,199,11.276443349216837,7.318539548567902,0
8897,1965,Graduation,Single,42720.0,1,1,2013-04-24,9,392,5,91,28,26,112,8,7,3,7,8,0,0,0,0,0,0,3,11,1,49,654,2,25,431,10.662445881599808,6.484635235635252,1
2371,1972,Graduation,Married,33622.0,1,1,2013-04-13,22,39,1,22,3,4,12,3,2,0,4,7,0,0,0,0,0,0,3,11,0,42,81,2,9,442,10.422965635581258,4.406719247264253,1
4303,1957,PhD,Together,6835.0,0,1,2012-12-08,76,107,2,12,2,2,12,0,0,0,1,20,0,0,0,0,0,0,3,11,0,57,137,1,1,568,8.829958044235482,4.927253685157205,1
6825,1953,Graduation,Together,41452.0,1,1,2013-03-06,86,13,0,3,0,0,0,1,1,0,2,7,0,0,0,0,0,0,3,11,0,61,16,2,4,480,10.632315534301455,2.833213344056216,1
1072,1965,PhD,Single,40760.0,0,1,2013-08-30,64,70,0,17,0,0,6,2,2,1,3,6,0,0,0,0,0,0,3,11,0,49,93,1,8,303,10.615481020892434,4.543294782270004,1
4964,1958,PhD,Together,74250.0,0,0,2014-01-26,90,680,11,392,75,0,0,1,2,11,4,1,0,0,0,0,0,0,3,11,0,56,1158,0,18,154,11.215206524587721,7.055312843339752,0
2461,1955,Master,Single,51124.0,1,1,2013-12-18,79,26,1,11,0,1,4,2,1,0,3,3,0,0,0,0,0,0,3,11,0,59,43,2,6,193,10.842028893345104,3.784189633918261,1
10736,1971,Graduation,Single,72258.0,0,1,2013-09-12,28,522,0,522,227,120,134,2,6,9,5,2,0,0,0,0,0,0,3,11,0,43,1525,1,22,290,11.188012165690843,7.330405211844402,0
3194,1974,PhD,Single,71466.0,0,0,2014-04-05,86,412,12,546,78,182,0,1,4,4,10,1,0,0,0,0,0,0,3,11,0,40,1230,0,19,85,11.176991083678901,7.115582126184454,0
10839,1976,Graduation,Together,36283.0,1,1,2014-04-14,42,6,5,5,8,0,5,2,1,0,3,4,0,0,0,0,0,0,3,11,0,38,29,2,6,76,10.499132151734834,3.4011973816621555,1
49,1970,Graduation,Single,20587.0,1,0,2014-05-11,39,2,3,6,4,1,9,1,1,1,2,7,0,0,0,0,0,0,3,11,0,44,25,1,5,49,9.932463660772646,3.258096538021482,1
4290,1972,Graduation,Married,30467.0,1,0,2014-03-19,8,1,3,8,2,5,5,1,1,0,2,7,0,0,0,0,0,0,3,11,0,42,24,1,4,102,10.324432231492679,3.2188758248682006,1
10219,1972,Graduation,Together,31590.0,1,0,2013-06-18,40,6,2,15,6,6,3,1,1,0,3,8,0,0,0,0,0,0,3,11,0,42,38,1,5,376,10.360627548882315,3.6635616461296463,1
4211,1986,Basic,Married,20425.0,1,0,2012-10-29,5,4,12,5,3,16,17,2,2,0,3,7,0,0,0,0,0,0,3,11,0,28,57,1,7,608,9.924563878138045,4.060443010546419,1
1135,1960,Master,Together,17144.0,1,1,2014-02-15,96,18,2,19,0,2,6,5,3,0,4,7,0,0,0,0,0,0,3,11,0,54,47,2,12,134,9.74946186489702,3.8712010109078907,1
6299,1968,PhD,Divorced,42564.0,0,1,2013-01-02,28,324,48,186,39,18,198,6,6,8,4,7,1,0,0,0,0,0,3,11,1,46,813,1,24,543,10.658787598318158,6.70196036600254,0
10846,1978,Master,Married,43783.0,1,0,2014-05-29,22,327,9,125,25,4,139,6,7,1,8,7,1,0,0,0,0,0,3,11,0,36,629,1,22,31,10.687023732823754,6.4457198193855785,0
347,1976,Graduation,Divorced,40780.0,0,1,2012-09-08,30,229,27,71,13,3,34,4,7,1,5,9,0,0,0,0,0,0,3,11,0,38,377,1,17,659,10.615971565652215,5.934894195619588,0
6543,1945,Master,Together,62847.0,0,0,2013-01-15,45,521,168,706,80,76,61,1,3,6,4,2,0,0,0,0,0,0,3,11,0,69,1612,0,14,530,11.048474391714137,7.385851078125209,0
10446,1957,PhD,Married,82017.0,0,0,2012-11-07,58,184,23,446,30,23,23,1,5,4,7,2,0,1,1,1,0,0,3,11,1,57,729,0,17,599,11.314694014352236,6.593044534142437,0
3479,1950,Graduation,Single,16813.0,0,0,2013-07-19,49,4,8,11,12,2,13,1,2,0,3,7,1,0,0,0,0,0,3,11,0,64,50,0,6,345,9.729967151695242,3.9318256327243257,1
11075,1978,Graduation,Married,51267.0,1,1,2013-10-29,37,183,2,64,7,2,12,4,3,3,5,4,0,0,0,0,0,0,3,11,0,36,270,2,15,243,10.844822054849715,5.602118820879701,1
4442,1961,Graduation,Single,46524.0,0,1,2013-04-05,70,31,19,35,26,14,52,2,1,1,5,3,0,0,0,0,0,0,3,11,0,53,177,1,9,450,10.747745081510452,5.181783550292085,1
199,1962,Master,Single,45183.0,0,0,2013-01-20,33,219,3,60,12,9,12,1,4,1,7,7,0,1,0,0,0,0,3,11,0,52,315,0,13,525,10.718498320852914,5.755742213586912,0
6722,1954,PhD,Married,70421.0,0,1,2014-06-28,98,479,28,136,75,14,35,3,10,3,7,6,0,0,0,0,0,0,3,11,0,60,767,1,23,1,11.162260993328179,6.643789733147672,0
796,1965,2n Cycle,Divorced,60161.0,0,1,2012-10-23,17,584,44,212,46,8,177,3,11,4,8,8,0,0,0,0,0,0,3,11,0,49,1071,1,26,614,11.00479620275198,6.977281341630747,0
3749,1973,Graduation,Together,73926.0,0,0,2013-03-02,54,627,91,597,159,91,15,1,6,5,12,3,0,0,0,0,0,0,3,11,0,41,1580,0,24,484,11.210833398801787,7.3658128372094716,0
8523,1968,Graduation,Married,19329.0,1,0,2013-12-14,39,24,1,16,12,2,5,3,4,0,3,8,0,0,0,0,0,0,3,11,0,46,60,1,10,197,9.869413572202376,4.110873864173311,1
310,1970,Master,Married,61872.0,0,1,2013-12-13,81,330,5,159,36,27,16,4,4,4,9,4,0,0,0,0,0,0,3,11,0,44,573,1,21,198,11.032839176116262,6.352629396319567,0
8629,1956,Graduation,Widow,46984.0,1,1,2013-03-26,71,19,1,10,2,1,8,1,1,0,3,5,0,0,0,0,0,0,3,11,0,58,41,2,5,460,10.757583680817165,3.7376696182833684,1
236,1951,Graduation,Married,34838.0,1,1,2013-01-19,62,28,23,29,29,14,47,3,2,1,4,6,0,0,0,0,0,0,3,11,0,63,170,2,10,526,10.458492727913868,5.14166355650266,1
9930,1944,PhD,Single,82716.0,0,0,2013-11-05,8,606,148,228,15,148,22,1,6,8,13,2,0,0,0,0,0,0,3,11,0,70,1167,0,28,236,11.32318042216003,7.0630481633881725,0
3483,1958,Graduation,Married,48192.0,0,0,2013-04-06,76,1039,43,204,153,58,29,3,2,8,12,8,0,1,0,1,1,0,3,11,1,56,1526,0,25,449,10.782969061276285,7.3310603052186325,0
4599,1976,Master,Married,49681.0,0,2,2013-11-04,66,411,0,26,0,0,21,6,7,1,7,7,0,0,0,0,0,0,3,11,0,38,458,2,21,237,10.813397973445996,6.129050210060545,1
7326,1971,Master,Married,56850.0,0,1,2014-03-23,83,34,1,19,2,7,0,1,1,1,3,2,0,0,0,0,0,0,3,11,0,43,63,1,6,98,10.948189089173493,4.1588830833596715,1
7352,1957,Graduation,Married,55267.0,0,1,2013-10-21,28,161,28,136,32,3,45,4,3,4,6,3,0,0,0,0,0,0,3,11,0,57,405,1,17,251,10.91994935817656,6.0063531596017325,0
2350,1972,Graduation,Married,59666.0,1,1,2013-03-22,87,623,53,178,23,17,133,7,3,2,8,8,0,1,0,0,0,0,3,11,0,42,1027,2,20,464,10.996534382731356,6.93537044601511,0
9145,1972,Graduation,Single,72504.0,0,1,2013-04-06,43,604,26,470,123,161,94,2,5,9,6,2,0,0,0,0,0,0,3,11,0,42,1478,1,22,449,11.191410803981995,7.2991214627108,0
2964,1981,Graduation,Married,26872.0,0,0,2013-10-16,0,3,10,8,3,16,32,1,1,1,2,6,0,0,0,0,0,0,3,11,0,33,72,0,5,256,10.198877344056111,4.290459441148391,1
5585,1972,Graduation,Single,21359.0,1,0,2013-04-20,1,12,2,17,6,1,10,2,2,0,3,8,0,0,0,0,0,0,3,11,1,42,48,1,7,435,9.969275293074132,3.8918202981106265,1
9687,1975,Graduation,Single,73170.0,0,0,2014-05-31,1,184,174,256,50,30,32,1,5,4,6,2,0,0,0,0,0,0,3,11,0,39,726,0,16,29,11.20055444658802,6.588926477533519,0
3732,1955,Master,Married,52750.0,0,1,2013-02-04,72,393,0,239,90,69,69,6,5,7,9,4,0,0,0,0,0,0,3,11,0,59,860,1,27,510,10.873338008504597,6.7580945044277305,0
6303,1986,PhD,Together,91820.0,0,0,2013-11-23,72,410,73,747,76,161,30,0,5,5,12,1,0,0,0,0,0,0,3,11,0,28,1497,0,22,218,11.427596308617357,7.311886164077165,0
11176,1970,PhD,Together,65968.0,0,1,2014-05-12,12,376,9,83,19,4,4,2,5,4,7,3,0,0,0,0,0,0,3,11,0,44,495,1,18,48,11.09694021369669,6.206575926724928,0
2986,1976,Graduation,Married,30772.0,1,1,2014-03-12,89,7,2,4,2,1,4,1,1,0,2,6,0,0,0,0,0,0,3,11,0,38,20,2,4,109,10.33439296112607,3.044522437723423,1
7462,1954,Graduation,Single,22507.0,0,0,2012-11-24,67,68,0,226,51,157,68,3,10,2,4,9,0,0,0,0,0,0,3,11,0,60,570,0,19,582,10.021626080553169,6.3473892096560105,0
3900,1972,Graduation,Married,65685.0,0,1,2014-03-29,54,642,14,49,0,7,57,1,9,2,9,5,0,0,0,0,0,0,3,11,0,42,769,1,21,92,11.092641091963714,6.646390514847729,0
7034,1978,2n Cycle,Married,25804.0,1,0,2013-09-01,34,8,7,9,13,6,12,2,2,0,3,8,0,0,0,0,0,0,3,11,0,36,55,1,7,301,10.158323550582827,4.02535169073515,1
9493,1980,PhD,Single,76412.0,0,0,2013-05-05,15,840,53,804,23,71,17,1,5,4,8,3,0,0,1,1,0,0,3,11,1,34,1808,0,18,420,11.243908117747603,7.500529485395295,0
1143,1972,Graduation,Married,22063.0,1,0,2013-08-08,43,7,10,13,3,11,11,2,2,0,3,7,0,0,0,0,0,0,3,11,0,42,55,1,7,325,10.001702600033083,4.02535169073515,1
1,1961,Graduation,Single,57091.0,0,0,2014-06-15,0,464,5,64,7,0,37,1,7,3,7,5,0,0,0,0,1,0,3,11,1,53,577,0,18,14,10.952419280749659,6.359573868672378,0
3855,1963,Graduation,Married,22419.0,0,0,2013-04-18,74,30,3,47,19,21,42,1,3,2,2,8,0,0,0,0,0,0,3,11,0,51,162,0,8,437,10.017708696626151,5.093750200806762,1
5536,1959,Graduation,Together,87771.0,0,1,2013-05-22,61,1492,38,287,50,57,33,1,5,10,4,6,0,1,1,1,1,0,3,11,1,55,1957,1,20,403,11.38249782215576,7.579678823090456,0
5989,1959,2n Cycle,Divorced,78353.0,0,1,2013-04-16,51,752,122,476,39,153,34,1,10,2,11,8,0,0,0,0,0,0,3,11,0,55,1576,1,24,439,11.268992299448461,7.3632795869630385,0
9499,1954,Graduation,Married,93404.0,1,2,2013-05-07,97,1279,15,287,20,0,15,3,3,4,7,5,0,1,1,0,0,0,3,11,0,60,1616,3,17,418,11.444700155974662,7.388327859577107,0
6768,1962,Graduation,Divorced,37859.0,1,2,2013-01-12,75,22,1,8,2,1,2,2,1,0,3,8,0,0,0,0,0,0,3,11,0,52,36,3,6,533,10.541650424763313,3.6109179126442243,1
2150,1958,PhD,Widow,80995.0,0,1,2013-05-11,83,860,28,409,73,56,56,1,8,9,4,4,0,0,0,0,0,0,3,11,0,56,1482,1,22,414,11.30215504971916,7.301822342137932,0
6646,1984,Graduation,Together,16529.0,1,0,2014-03-01,23,3,0,5,13,0,1,1,1,0,3,6,0,0,0,0,0,0,3,11,0,30,22,1,5,120,9.712932190815069,3.1354942159291497,1
4887,1976,PhD,Divorced,55412.0,1,1,2013-11-22,65,10,5,28,11,1,8,1,2,0,3,5,0,0,0,0,0,0,3,11,0,38,63,2,6,219,10.922569502247429,4.1588830833596715,1
8560,1992,Graduation,Single,48789.0,0,0,2012-09-10,94,351,16,156,7,5,145,1,6,4,7,6,0,0,0,0,0,0,3,11,0,22,680,0,18,657,10.795280652809883,6.523562306149512,0
3321,1967,PhD,Together,56575.0,0,2,2013-05-05,42,421,5,90,0,16,10,3,7,3,7,5,0,0,0,0,0,0,3,11,0,47,542,2,20,420,10.943340145997315,6.297109319933935,0
11003,1980,2n Cycle,Together,25130.0,1,0,2013-10-02,10,2,5,7,0,18,18,2,2,0,3,7,0,0,0,0,0,0,3,11,0,34,50,1,7,270,10.13185742282192,3.9318256327243257,1
10402,1967,Graduation,Married,35441.0,1,1,2013-02-14,94,25,1,9,2,1,1,2,1,0,3,8,0,0,0,0,0,0,3,11,0,47,39,2,6,500,10.475652836535291,3.6888794541139363,1
9904,1956,Graduation,Married,71391.0,0,1,2013-03-29,50,336,123,274,46,123,141,5,6,5,12,3,0,0,0,0,0,0,3,11,0,58,1043,1,28,457,11.17594109723226,6.950814768442584,0
6141,1972,Master,Single,49494.0,1,0,2013-04-25,46,191,9,97,0,6,82,2,6,1,5,7,0,0,0,0,0,0,3,11,0,42,385,1,14,430,10.809626933353908,5.955837369464831,0
5687,1980,Graduation,Divorced,81702.0,0,0,2012-09-23,98,563,50,774,28,31,187,1,7,7,12,3,0,0,0,0,0,0,3,11,0,34,1633,0,27,644,11.310845999880184,7.3987862754199485,0
10856,1980,2n Cycle,Single,45889.0,0,1,2013-07-02,42,31,0,6,0,1,8,1,1,0,3,6,0,0,0,0,0,0,3,11,0,34,46,1,5,362,10.73400250738888,3.8501476017100584,1
5121,1977,Graduation,Single,56628.0,0,1,2014-03-21,30,479,5,82,7,17,171,2,7,6,5,5,1,0,0,0,0,0,3,11,0,37,761,1,20,100,10.944276500467035,6.635946555686647,0
4186,1950,Graduation,Together,34026.0,1,1,2013-08-05,11,18,6,15,12,8,17,3,2,1,3,5,0,0,0,0,0,0,3,11,0,64,76,2,9,328,10.434909606100769,4.343805421853684,1
368,1974,Graduation,Married,40049.0,0,1,2012-11-29,61,91,65,52,10,44,28,3,3,2,6,5,0,0,0,0,0,0,3,11,0,40,290,1,14,577,10.597883952496506,5.673323267171493,1
3312,1988,Graduation,Single,34176.0,1,0,2014-05-12,12,5,7,24,19,14,20,4,3,0,4,6,0,0,0,0,0,0,3,11,0,26,89,1,11,48,10.439308182191418,4.499809670330265,1
11121,1981,Graduation,Married,19419.0,1,0,2012-11-10,76,2,14,28,16,3,7,4,4,0,3,9,0,0,0,0,0,0,3,11,0,33,70,1,11,596,9.874058741845316,4.2626798770413155,1
5332,1960,2n Cycle,Married,82504.0,0,0,2013-07-27,2,362,50,431,134,35,54,1,3,6,7,1,0,0,0,0,0,0,3,11,0,54,1066,0,17,337,11.320614176546906,6.9726062513017535,0
5848,1970,Graduation,Together,81205.0,0,0,2014-01-13,43,724,74,929,97,55,130,1,5,6,7,2,1,0,1,0,1,0,3,11,1,44,2009,0,19,167,11.304744415045533,7.605890001053122,0
10343,1991,2n Cycle,Single,61618.0,0,0,2012-09-29,27,605,91,399,0,45,205,2,3,6,8,3,0,0,0,0,0,0,3,11,0,23,1345,0,19,638,11.028725543521734,7.204892510204673,0
5935,1956,Master,Single,55284.0,0,1,2012-12-24,60,547,7,140,0,7,63,3,7,5,8,5,0,0,0,0,0,0,3,11,0,58,764,1,23,552,10.920256902976503,6.639875833826536,0
2895,1963,Graduation,Single,49980.0,0,1,2013-10-23,79,104,1,54,13,9,14,2,3,1,5,5,0,0,0,0,0,0,3,11,0,51,195,1,11,249,10.819398212191988,5.278114659230518,0
10262,1980,Graduation,Married,15072.0,2,0,2013-05-10,96,8,2,15,0,10,18,4,3,1,3,5,0,0,0,0,0,0,3,11,0,34,53,2,11,415,9.62066034281053,3.9889840465642745,1
7848,1974,Graduation,Single,49166.0,0,1,2013-06-13,17,224,2,25,7,0,110,2,5,3,3,6,0,0,0,0,0,0,3,11,0,40,368,1,13,381,10.802977945731937,5.910796644040527,0
9477,1954,PhD,Married,65324.0,0,1,2014-01-11,0,384,0,102,21,32,5,3,6,2,9,4,0,0,0,0,0,0,3,11,0,60,544,1,20,169,11.087130090388813,6.300785794663244,0
4856,1957,2n Cycle,Married,82347.0,0,0,2012-11-06,38,556,54,845,202,133,63,1,7,7,10,3,1,0,0,1,0,0,3,11,0,57,1853,0,25,600,11.3187094487292,7.5251007461258,0
7186,1966,PhD,Together,30843.0,1,1,2014-05-26,43,24,0,2,0,0,9,2,1,1,2,5,1,0,0,0,0,0,3,11,0,48,35,2,6,34,10.336697520952852,3.58351893845611,1
5794,1974,PhD,Married,46374.0,0,1,2014-03-17,1,408,0,21,0,0,17,3,7,1,7,8,0,1,0,1,0,0,3,11,1,40,446,1,18,104,10.744515799909736,6.102558594613569,0
1456,1979,Graduation,Single,60474.0,0,1,2013-04-01,25,265,199,303,234,9,170,7,10,2,12,7,0,0,0,0,0,0,3,11,0,35,1180,1,31,454,11.009985335478229,7.074116816197362,0
4877,1973,Master,Married,38576.0,0,1,2014-03-04,2,34,0,7,0,0,0,1,1,0,3,7,0,0,0,0,0,0,3,11,0,41,41,1,5,117,10.560411522938548,3.7376696182833684,1
425,1985,Graduation,Married,55357.0,2,0,2013-02-19,66,374,64,116,84,25,64,3,6,2,11,5,0,0,0,0,0,0,3,11,0,29,727,2,22,495,10.92157646247132,6.590301048196686,0
3007,1966,Graduation,Together,37758.0,1,1,2012-10-04,49,27,2,10,0,0,1,2,1,0,3,8,0,0,0,0,0,0,3,11,0,48,40,2,6,633,10.538979136857908,3.713572066704308,1
1031,1989,2n Cycle,Married,85710.0,0,0,2013-05-05,5,600,20,350,29,30,33,1,6,9,10,2,0,0,1,0,0,0,3,11,0,25,1062,0,26,420,11.358736451074895,6.968850378341948,0
4297,1969,Graduation,Together,23228.0,1,0,2014-01-26,71,13,2,18,6,1,0,2,2,0,3,8,0,0,0,0,0,0,3,11,0,45,40,1,7,154,10.053156777054832,3.713572066704308,1
807,1969,Master,Together,44602.0,1,1,2014-02-15,35,167,2,89,0,0,34,6,6,1,4,8,0,0,0,0,0,0,3,11,0,45,292,2,17,134,10.705556400319987,5.680172609017068,1
9553,1987,Graduation,Married,7500.0,0,0,2013-01-09,94,0,2,3,4,1,5,1,0,0,3,6,0,0,0,0,0,0,3,11,0,27,15,0,4,536,8.922791623969637,2.772588722239781,1
4271,1989,2n Cycle,Together,38683.0,1,0,2012-10-04,80,46,35,69,84,41,66,6,4,1,6,7,0,0,0,0,0,0,3,11,0,25,341,1,17,633,10.563181356836854,5.834810737062605,1
4120,1975,2n Cycle,Single,49514.0,1,0,2013-12-17,61,88,39,78,58,13,93,2,6,1,4,7,0,0,0,0,0,0,3,11,0,39,369,1,13,194,10.810030932955403,5.91350300563827,0
2036,1973,PhD,Together,57906.0,0,1,2013-06-11,29,243,11,119,10,3,15,3,4,2,8,4,0,0,0,0,0,0,3,11,0,41,401,1,17,383,10.966593554353674,5.996452088619021,0
115,1966,Master,Single,43456.0,0,1,2013-03-26,0,275,11,68,25,7,7,3,5,1,8,5,0,0,0,0,0,0,3,11,0,48,393,1,17,460,10.679527222435633,5.976350909297934,0
4259,1986,Master,Single,19485.0,2,0,2013-09-24,80,6,0,4,0,0,0,1,1,0,2,7,0,0,0,0,0,0,3,11,0,28,10,2,4,278,9.877451537985287,2.3978952727983707,1
8687,1978,Graduation,Together,53172.0,0,1,2013-05-06,54,121,62,90,68,20,125,3,2,3,8,3,0,0,0,0,0,0,3,11,0,36,486,1,16,419,10.881306027701488,6.18826412308259,0
2447,1979,Graduation,Together,30545.0,1,0,2012-10-17,71,4,12,15,19,7,12,2,2,0,3,7,0,0,0,0,0,0,3,11,0,35,69,1,7,620,10.326989023130391,4.248495242049359,1
10140,1983,PhD,Together,70123.0,0,0,2013-09-28,27,1308,0,396,23,0,0,1,5,7,4,3,0,1,0,0,1,0,3,11,0,31,1727,0,17,274,11.158020382473765,7.454719949364001,0
9353,1959,Graduation,Single,62450.0,0,1,2014-01-06,61,515,47,267,62,66,38,2,5,5,4,3,0,1,0,0,0,0,3,11,0,55,995,1,16,174,11.042137528235768,6.903747257584598,0
3623,1976,Graduation,Together,21675.0,1,0,2014-06-11,55,4,0,16,17,4,4,3,4,0,3,7,0,0,0,0,0,0,3,11,0,38,45,1,10,18,9.983960936686005,3.828641396489095,1
738,1981,2n Cycle,Single,42395.0,1,1,2014-04-04,35,48,13,57,24,15,25,4,3,1,4,7,0,0,0,0,0,0,3,11,0,33,182,2,12,86,10.654809297147146,5.209486152841421,1
7631,1978,Master,Together,61346.0,1,0,2013-10-06,34,562,58,168,43,16,142,1,5,7,10,3,0,0,0,0,0,0,3,11,0,36,989,1,23,266,11.024301549187925,6.897704943128636,0
4789,1953,Graduation,Together,80812.0,0,0,2013-09-17,95,769,22,500,210,143,33,1,4,8,5,2,1,0,1,1,0,0,3,11,0,61,1677,0,18,285,11.299893122656712,7.425357887027151,0
773,1971,Master,Divorced,42835.0,1,1,2013-06-30,64,379,4,93,12,9,98,7,6,6,4,6,0,0,0,0,0,0,3,11,0,43,595,2,23,364,10.665134149520766,6.39024066706535,1
10602,1983,Graduation,Married,39922.0,1,0,2013-02-14,30,29,12,59,19,1,36,2,3,0,4,8,0,0,0,0,0,0,3,11,0,31,156,1,9,500,10.594707877902358,5.056245805348308,1
1446,1956,Master,Single,86424.0,0,0,2014-04-05,12,387,68,569,89,45,68,1,6,9,12,1,0,0,0,0,0,0,3,11,0,58,1226,0,28,85,11.367032264789826,7.112327444710911,0
3270,1978,2n Cycle,Together,17117.0,1,0,2013-01-17,96,12,23,38,30,18,7,4,3,1,3,9,0,0,0,0,0,0,3,11,0,36,128,1,11,528,9.747885820441555,4.859812404361672,1
8443,1972,Graduation,Single,24762.0,1,0,2014-02-10,16,6,10,12,3,15,40,3,3,1,2,8,1,0,0,0,0,0,3,11,1,42,86,1,9,139,10.117105882625266,4.465908118654584,1
9653,1975,Graduation,Married,35797.0,0,1,2012-10-16,16,27,1,14,4,1,21,2,2,0,3,8,0,0,0,0,0,0,3,11,0,39,68,1,7,621,10.485647304906445,4.23410650459726,1
8916,1975,Graduation,Divorced,36627.0,2,0,2013-07-23,78,9,1,5,0,0,1,1,0,0,3,5,0,0,0,0,0,0,3,11,0,39,16,2,4,341,10.508568254227622,2.833213344056216,1
8017,1981,2n Cycle,Married,51111.0,1,1,2014-06-19,83,22,0,19,6,5,3,2,2,0,3,6,0,0,0,0,0,0,3,11,0,33,55,2,7,10,10.841774582282179,4.02535169073515,1
5830,1972,PhD,Single,86857.0,0,0,2012-09-12,96,899,102,838,133,102,40,1,5,6,10,2,0,0,0,0,0,0,3,11,1,42,2114,0,22,655,11.372029880265352,7.656810091480378,0
4597,1970,PhD,Together,82072.0,0,0,2013-07-02,67,889,55,685,168,92,129,1,3,2,13,1,0,0,0,0,0,0,3,11,0,44,2018,0,19,362,11.315364374116752,7.610357618312838,0
7023,1953,PhD,Single,46231.0,2,1,2012-11-26,87,189,2,55,0,5,12,4,6,1,4,9,0,0,0,0,0,0,3,11,0,61,263,3,15,580,10.741427477997615,5.575949103146316,1
8086,1959,Graduation,Married,42243.0,1,1,2013-12-11,34,48,0,2,0,0,5,2,2,0,3,7,0,0,0,0,0,0,3,11,0,55,55,2,7,200,10.651217610866365,4.02535169073515,1
8825,1962,Graduation,Together,51195.0,1,1,2013-04-01,46,230,14,156,82,24,58,8,9,2,5,8,0,0,0,0,0,0,3,11,0,52,564,2,24,454,10.843416682975683,6.336825731146441,1
2930,1978,Master,Single,68092.0,0,0,2013-12-16,7,852,60,207,78,36,48,2,2,6,10,5,0,0,0,0,0,0,3,11,0,36,1281,0,20,195,11.128629696839663,7.156176637480615,0
1928,1973,Graduation,Married,31814.0,1,0,2013-02-09,73,35,3,20,4,1,20,2,2,0,3,9,1,0,0,0,0,0,3,11,0,41,83,1,7,505,10.367693155666892,4.430816798843313,1
7108,1965,Master,Widow,51390.0,1,1,2012-09-08,54,205,20,47,23,2,56,6,5,2,5,5,0,0,0,0,0,0,3,11,0,49,353,2,18,659,10.847218338835674,5.869296913133774,1
10925,1983,Graduation,Married,76630.0,0,0,2014-01-14,93,255,31,446,40,56,175,1,3,10,11,1,0,0,0,0,0,0,3,11,0,31,1003,0,25,166,11.246756973598734,6.911747300251674,0
9960,1991,Basic,Single,26868.0,1,0,2014-04-30,52,0,0,1,8,3,2,1,1,0,2,7,0,0,0,0,0,0,3,11,0,23,14,1,4,60,10.19872848469072,2.70805020110221,1
8800,1943,PhD,Divorced,48948.0,0,0,2013-02-01,53,437,8,206,160,49,42,2,7,10,5,6,1,0,0,0,0,0,3,11,1,71,902,0,24,513,10.79853421874079,6.805722553416985,0
9224,1972,PhD,Single,55260.0,0,1,2012-12-12,81,825,8,53,11,0,242,2,8,10,5,6,0,0,0,0,0,0,3,11,0,42,1139,1,25,564,10.91982269458584,7.038783541388542,0
5519,1956,Graduation,Together,64090.0,0,1,2013-08-07,8,316,58,161,76,51,135,1,6,9,4,5,0,0,0,0,0,0,3,11,1,58,797,1,20,326,11.068059227434745,6.682108597449809,0
5046,1958,Graduation,Divorced,78331.0,0,1,2014-01-23,97,756,138,354,160,169,61,2,10,6,7,4,0,0,0,0,0,0,3,11,0,56,1638,1,25,157,11.268711483036727,7.40184157874383,0
7037,1974,PhD,Married,37087.0,1,0,2013-08-11,50,194,55,134,15,0,3,3,4,2,8,6,0,0,0,0,0,0,3,11,0,40,401,1,17,322,10.521048746139478,5.996452088619021,1
905,1986,Graduation,Divorced,21846.0,1,0,2013-10-22,38,7,17,18,6,10,26,4,4,0,3,8,0,0,0,0,0,0,3,11,0,28,84,1,11,250,9.991818891326092,4.442651256490317,1
8624,1958,Graduation,Married,81320.0,0,0,2013-02-06,61,183,33,493,59,103,57,1,4,3,10,2,0,0,0,0,0,0,3,11,0,56,928,0,18,508,11.30615956476456,6.834108738813838,0
8945,1970,Graduation,Divorced,54137.0,0,1,2013-08-16,46,171,0,11,0,1,20,2,4,1,4,6,0,0,0,0,0,0,3,11,0,44,203,1,11,317,10.899291621222556,5.318119993844216,0
6445,1967,Graduation,Together,66825.0,0,0,2013-07-14,73,243,101,405,29,40,40,1,4,5,6,2,0,0,0,0,0,0,3,11,0,47,858,0,16,350,11.109847505354562,6.755768921984256,0
2727,1973,Graduation,Together,57100.0,0,0,2013-12-04,19,181,21,69,39,3,96,1,3,3,6,3,0,0,0,0,0,0,3,11,0,41,409,0,13,207,10.9525769086256,6.016157159698354,0
6404,1969,Graduation,Together,58917.0,1,2,2013-03-24,10,151,7,89,0,7,28,5,4,1,6,5,0,0,0,0,0,0,3,11,0,45,282,3,16,462,10.983901925669148,5.645446897643238,1
11074,1977,Graduation,Single,85072.0,0,0,2014-04-09,94,494,92,391,194,11,241,1,3,4,10,0,0,0,0,0,0,0,3,11,0,37,1423,0,18,81,11.351264990423951,7.261225091971921,0
10150,1961,Graduation,Single,86429.0,0,0,2013-11-21,10,464,28,873,29,18,37,0,7,4,7,2,0,0,0,1,0,0,3,11,1,53,1449,0,18,220,11.367090116746684,7.27931883541462,0
1968,1971,Graduation,Widow,45684.0,1,0,2013-12-02,37,5,1,5,10,0,7,1,1,0,2,7,0,0,0,0,0,0,3,11,0,43,28,1,4,209,10.72952529543272,3.367295829986474,1
6534,1974,Graduation,Together,47889.0,1,0,2014-01-04,94,29,0,29,0,5,4,1,2,0,3,5,0,0,0,0,0,0,3,11,0,40,67,1,6,176,10.776661993336655,4.219507705176107,1
9485,1986,PhD,Married,45921.0,0,0,2014-03-10,23,102,9,49,24,3,12,1,2,1,6,4,0,0,0,0,0,0,3,11,0,28,199,0,10,111,10.734699584051969,5.298317366548036,0
7053,1966,PhD,Single,78420.0,0,0,2013-06-29,75,604,28,674,91,28,28,1,3,10,8,1,0,0,0,0,0,0,3,11,0,48,1453,0,22,365,11.269847027614036,7.282073658093465,0
4654,1992,Graduation,Together,75114.0,0,0,2013-11-07,40,571,12,523,63,60,24,1,3,10,5,2,0,0,0,0,0,0,3,11,0,22,1253,0,19,234,11.226775551496525,7.134093721192866,0
9760,1963,PhD,Widow,52278.0,0,1,2013-01-25,24,953,0,71,0,0,174,6,10,5,10,8,0,0,0,0,0,0,3,11,1,51,1198,1,31,520,10.864350039781693,7.089243155027514,0
1048,1972,Master,Married,35641.0,1,0,2013-07-14,11,63,3,67,8,9,28,2,3,1,4,7,0,0,0,0,0,0,3,11,1,42,178,1,10,350,10.481279996733045,5.187385805840755,1
10619,1994,Graduation,Single,95529.0,0,0,2012-12-03,29,770,29,890,250,27,24,1,7,3,7,3,0,0,1,0,0,0,3,11,1,20,1990,0,18,573,11.467195613264055,7.596392304064196,0
9308,1954,Graduation,Married,62820.0,0,0,2013-05-11,51,398,61,265,138,61,53,1,3,4,6,1,0,0,0,0,0,0,3,11,0,60,976,0,14,414,11.048044691463234,6.884486652042782,0
10505,1960,Master,Together,73113.0,0,0,2013-12-26,86,741,19,154,50,9,28,1,3,4,7,2,0,0,0,0,0,0,3,11,0,54,1001,0,15,185,11.1997751458684,6.90975328164481,0
8362,1982,PhD,Married,84169.0,0,0,2013-08-07,9,1478,19,403,0,19,0,1,7,6,6,3,0,1,1,0,0,0,3,11,1,32,1919,0,20,326,11.340593842205621,7.560080465021827,0
2625,1954,2n Cycle,Single,42607.0,0,1,2013-11-17,30,156,29,56,30,32,47,2,3,2,7,3,0,0,0,0,0,0,3,11,0,60,350,1,14,224,10.659797308053713,5.860786223465865,0
4637,1954,PhD,Single,74637.0,0,0,2013-05-18,73,960,64,464,146,0,16,1,6,9,9,3,0,0,0,1,0,0,3,11,0,60,1650,0,25,407,11.220405039878196,7.409136443920128,0
9972,1955,PhD,Together,46015.0,1,1,2014-04-13,25,38,0,2,0,0,6,1,1,0,3,7,1,0,0,0,1,0,3,11,0,59,46,2,5,77,10.736744441080718,3.8501476017100584,1
4483,1993,Graduation,Single,72354.0,0,0,2013-04-17,67,315,26,473,220,12,182,1,2,10,6,1,0,0,0,0,0,0,3,11,0,21,1228,0,19,438,11.189339838172094,7.113956109566034,0
4487,1969,Master,Single,39858.0,1,0,2013-01-24,67,15,20,25,2,7,26,1,2,0,4,6,0,0,0,0,0,0,3,11,1,45,95,1,7,521,10.593103505644756,4.564348191467836,1
4988,1948,PhD,Married,34469.0,1,1,2014-05-04,58,19,6,20,0,5,12,3,1,1,4,4,0,0,0,0,0,0,3,11,0,66,62,2,9,56,10.447844659510912,4.143134726391533,1
8931,1986,Graduation,Together,83033.0,1,0,2014-05-18,82,812,99,431,237,149,33,1,11,4,10,5,0,0,0,1,0,0,3,11,0,28,1761,1,26,42,11.327005441453986,7.474204806496124,0
5871,1979,Master,Together,24401.0,0,0,2012-08-31,98,73,28,217,10,24,115,3,6,1,6,8,0,0,0,0,0,0,3,11,0,35,467,0,16,667,10.10242037513528,6.148468295917647,0
2008,1978,Graduation,Married,77583.0,0,0,2014-02-10,93,372,23,384,250,12,108,1,4,5,9,2,0,0,0,1,0,0,3,11,0,36,1149,0,19,139,11.259116499345133,7.047517221357296,0
3139,1982,2n Cycle,Single,74116.0,0,0,2013-12-30,53,871,111,704,145,55,166,1,4,4,10,2,0,1,0,0,0,0,3,11,0,32,2052,0,19,181,11.213400204674606,7.627057417018934,0
10037,1993,Graduation,Single,74293.0,0,0,2014-05-04,66,375,152,335,93,91,81,1,5,4,6,2,0,0,0,0,0,0,3,11,0,21,1127,0,16,56,11.215785473743884,7.028201432058005,0
10673,1976,PhD,Married,68397.0,0,1,2013-11-17,6,760,80,466,17,13,80,1,6,9,5,3,0,0,0,0,0,0,3,11,0,38,1416,1,21,224,11.13309886341707,7.256297239690681,0
5303,1974,PhD,Together,79632.0,0,0,2014-04-08,42,471,0,510,99,21,12,1,6,4,9,2,0,0,0,0,0,0,3,11,0,40,1113,0,20,82,11.28518385878521,7.01571242048723,0
538,1989,Graduation,Single,46107.0,1,0,2014-02-10,78,31,9,27,16,9,33,1,1,1,4,3,0,0,0,0,0,0,3,11,0,25,125,1,7,139,10.738741749720903,4.836281906951478,1
7922,1951,PhD,Single,64950.0,0,1,2012-08-12,29,819,0,72,12,0,63,2,11,2,10,7,0,1,0,0,0,0,3,11,0,63,966,1,25,686,11.081388418439035,6.874198495453294,0
5692,1989,Basic,Married,25443.0,1,0,2012-12-22,82,1,4,3,8,9,7,1,1,0,3,8,0,0,0,0,0,0,3,11,0,25,32,1,5,554,10.144235237798695,3.4965075614664802,1
4843,1952,Graduation,Single,75127.0,0,0,2014-05-22,92,203,35,305,46,17,227,1,2,11,5,1,0,0,0,0,0,0,3,11,0,62,833,0,19,38,11.22694860448445,6.726233402358747,0
6383,1971,PhD,Together,32892.0,1,0,2014-05-25,78,26,0,15,2,1,2,2,3,0,3,8,0,0,0,0,0,0,3,11,0,43,46,1,8,35,10.401015148158129,3.8501476017100584,1
1628,1971,Graduation,Together,71796.0,0,0,2013-10-24,54,354,21,311,167,75,32,1,9,3,4,4,0,0,0,0,0,0,3,11,0,43,960,0,17,248,11.181597971433588,6.8679744089702925,0
1204,1970,PhD,Married,67536.0,0,1,2013-05-22,45,1253,0,447,23,71,35,3,11,5,11,8,0,0,0,1,0,0,3,11,0,44,1829,1,30,403,11.12043087483045,7.512071245835466,0
3673,1971,Graduation,Single,55239.0,0,1,2013-07-14,59,371,17,238,23,24,106,3,7,5,11,5,0,0,0,0,0,0,3,11,0,43,779,1,26,350,10.919442607523228,6.659293919683638,0
760,1975,PhD,Divorced,60554.0,1,0,2013-08-09,8,588,7,76,110,15,15,2,8,4,9,6,0,0,0,0,0,0,3,11,0,39,811,1,23,324,11.011307321955151,6.699500340161678,0
8957,1952,2n Cycle,Single,64831.0,1,1,2013-06-10,51,480,86,249,75,86,144,8,6,3,5,6,0,0,0,0,0,0,3,11,0,62,1120,2,22,384,11.079554587608355,7.02197642307216,0
4128,1962,PhD,Together,56067.0,0,1,2013-07-20,51,517,12,54,16,6,120,2,7,4,7,5,0,0,0,0,0,0,3,11,0,52,725,1,20,344,10.934320518782949,6.587550014824796,0
6810,1983,Graduation,Divorced,82025.0,0,0,2013-05-28,76,267,98,606,48,70,98,1,3,2,6,1,0,0,1,0,0,0,3,11,1,31,1187,0,12,397,11.314791549160047,7.080026499922591,0
5386,1953,Graduation,Together,94384.0,0,0,2013-03-04,62,1111,24,790,160,45,172,0,5,8,5,2,0,1,1,1,0,0,3,11,1,61,2302,0,18,482,11.455137441202835,7.741967899820685,0
8700,1986,Basic,Single,14906.0,0,0,2012-12-22,86,7,7,14,7,16,15,3,2,1,3,7,0,0,0,0,0,0,3,11,0,28,66,0,9,554,9.60958618027043,4.204692619390966,1
3202,1987,PhD,Married,51563.0,0,0,2012-10-01,60,1166,0,48,0,0,36,1,4,4,10,8,0,1,1,0,0,0,3,11,0,27,1250,0,19,636,10.850579033562996,7.1316985104669115,0
1328,1982,2n Cycle,Married,57937.0,0,1,2014-02-16,56,261,42,144,55,48,133,3,4,4,9,3,0,0,0,0,0,0,3,11,0,32,683,1,20,133,10.967128752260185,6.52795791762255,0
8405,1979,Graduation,Divorced,68274.0,1,1,2013-09-30,83,135,25,51,23,25,46,2,4,2,5,3,0,0,0,0,0,0,3,11,0,35,305,2,13,272,11.131298946341905,5.723585101952381,0
6515,1977,Graduation,Together,39771.0,1,0,2013-12-06,92,6,2,18,2,8,14,1,2,0,3,4,0,0,0,0,0,0,3,11,0,37,50,1,6,205,10.590918426099964,3.9318256327243257,1
2882,1975,2n Cycle,Divorced,67893.0,0,1,2012-10-01,31,711,28,142,49,18,47,2,3,2,9,8,0,0,0,0,0,0,3,11,0,39,995,1,16,636,11.125702944399345,6.903747257584598,0
7574,1979,PhD,Together,27922.0,1,0,2014-05-10,80,11,0,13,2,4,11,1,2,0,3,4,0,0,0,0,0,0,3,11,0,35,41,1,6,50,10.23720600096072,3.7376696182833684,1
6387,1976,PhD,Together,52190.0,1,1,2014-05-08,39,42,0,17,0,0,18,3,2,1,3,5,1,0,0,0,0,0,3,11,0,38,77,2,9,52,10.86266534521266,4.356708826689592,1
5320,1973,Master,Divorced,44051.0,1,1,2013-01-29,20,79,7,58,6,3,18,4,3,1,4,6,0,0,0,0,0,0,3,11,1,41,171,2,12,516,10.693126033284834,5.147494476813453,1
5048,1971,PhD,Single,42767.0,2,0,2013-05-11,53,20,6,43,19,5,38,1,3,1,2,8,0,0,0,0,0,0,3,11,0,43,131,2,7,414,10.6635454383787,4.882801922586371,1
8146,1976,Master,Together,46106.0,1,1,2014-05-11,84,30,0,8,2,0,14,1,1,1,2,6,0,0,0,0,0,0,3,11,0,38,54,2,5,49,10.738720061275421,4.007333185232471,1
10031,1976,PhD,Married,16927.0,1,1,2013-02-10,50,20,2,23,3,1,4,5,3,0,4,8,0,0,0,0,0,0,3,11,0,38,53,2,12,504,9.736724334658026,3.9889840465642745,1
5748,1965,Graduation,Married,59754.0,0,1,2012-12-01,96,115,27,44,4,146,139,3,5,2,6,5,0,0,0,0,0,0,3,11,1,49,475,1,16,575,10.99800814830098,6.16541785423142,0
2134,1952,Graduation,Single,53700.0,0,1,2012-08-17,94,263,5,233,69,41,83,4,5,5,8,5,0,0,0,0,0,0,3,11,0,62,694,1,22,681,10.891186902297498,6.543911845564792,0
1523,1973,Graduation,Married,59041.0,1,1,2014-05-07,25,69,2,15,2,2,6,2,2,0,4,5,0,0,0,0,0,0,3,11,0,41,96,2,8,53,10.98600433403935,4.574710978503383,1
9665,1957,PhD,Divorced,54237.0,0,1,2013-04-27,48,267,3,30,4,0,57,4,5,2,5,6,0,0,0,0,0,0,3,11,0,57,361,1,16,428,10.901137048778104,5.891644211825771,0
4640,1967,Graduation,Divorced,70647.0,0,1,2012-09-21,65,561,85,171,25,123,114,2,4,7,13,2,0,0,0,0,0,0,3,11,0,47,1079,1,26,646,11.165465079148639,6.984716320118265,0
3635,1962,PhD,Single,52597.0,0,1,2014-05-07,69,492,0,37,7,0,42,3,6,3,8,5,0,0,0,0,0,0,3,11,0,52,578,1,20,53,10.870433375189227,6.361302477572996,0
3547,1969,Master,Together,41021.0,1,0,2012-12-30,12,14,7,9,6,16,12,2,2,0,3,6,0,0,0,0,0,0,3,11,1,45,64,1,7,546,10.62186378714185,4.174387269895637,1
2456,1975,PhD,Married,40233.0,0,1,2013-10-14,84,80,4,46,0,17,2,5,2,1,5,6,0,0,0,0,0,0,3,11,0,39,149,1,13,258,10.602467688288517,5.0106352940962555,1
5633,1980,Graduation,Married,50183.0,1,1,2014-06-25,47,97,12,84,13,10,15,7,3,1,6,5,0,0,0,0,0,0,3,11,0,34,231,2,17,4,10.823451529776579,5.44673737166631,1
7801,1959,Graduation,Together,54753.0,0,1,2013-09-12,87,197,107,227,7,59,131,3,5,2,11,4,0,0,0,0,0,0,3,11,0,55,728,1,21,290,10.910605704370774,6.591673732008658,0
10489,1973,Graduation,Married,92955.0,0,0,2013-08-19,35,693,21,925,31,24,84,1,6,7,9,2,0,0,1,1,0,0,3,11,1,41,1778,0,23,314,11.439881541900057,7.483806687665835,0
7011,1973,Graduation,Married,33471.0,1,0,2012-10-12,47,43,2,27,0,9,12,3,3,0,4,7,0,0,0,0,0,0,3,11,0,41,93,1,10,625,10.418464547424595,4.543294782270004,1
2620,1974,PhD,Married,34596.0,1,0,2013-04-13,48,14,0,2,0,0,7,1,1,0,2,8,0,0,0,0,0,0,3,11,1,40,23,1,4,442,10.45152225208439,3.1780538303479458,1
3933,1980,Graduation,Together,44010.0,1,0,2012-10-13,46,186,36,234,86,72,48,6,10,2,6,9,0,0,0,0,0,0,3,11,0,34,662,1,24,624,10.692194881655606,6.4967749901858625,0
10981,1988,Graduation,Married,84219.0,0,0,2014-02-02,27,434,137,400,45,137,45,1,3,4,10,1,0,0,0,0,0,0,3,11,0,26,1198,0,18,147,11.341187701715919,7.089243155027514,0
1734,1968,PhD,Together,40706.0,2,1,2013-01-17,37,59,0,11,4,2,5,4,3,0,4,7,0,0,0,0,0,0,3,11,0,46,81,3,11,528,10.614155346814062,4.406719247264253,1
10995,1988,2n Cycle,Married,15716.0,1,0,2012-11-12,8,16,5,30,8,7,26,3,3,0,4,8,0,0,0,0,0,1,3,11,0,26,92,1,10,594,9.662498208076329,4.532599493153256,1
6357,1959,2n Cycle,Divorced,59052.0,0,1,2013-11-17,29,230,35,75,63,57,31,3,7,1,7,5,0,0,0,0,0,0,3,11,0,55,491,1,18,224,10.986190624738057,6.198478716492308,0
9209,1971,Master,Together,80573.0,0,0,2012-10-14,85,829,138,430,60,92,15,1,4,6,13,2,0,0,0,0,0,0,3,11,0,43,1564,0,24,623,11.29693129580923,7.355641102974253,0
10286,1962,Graduation,Married,83715.0,0,0,2014-02-03,2,318,8,407,150,35,8,1,2,8,13,0,0,0,0,0,0,0,3,11,0,52,926,0,24,146,11.335185397109868,6.831953565565855,0
2611,1959,Master,Together,82576.0,0,0,2012-08-01,66,1206,55,445,168,18,18,1,2,4,12,1,0,0,1,0,0,0,3,11,0,55,1910,0,19,697,11.321486470371372,7.555381944240273,0
1600,1965,Master,Married,56962.0,2,1,2013-10-11,60,292,3,77,10,3,26,7,6,3,5,7,0,0,0,0,0,0,3,11,0,49,411,3,21,261,10.950157213238244,6.021023349349527,1
3308,1952,Graduation,Married,35704.0,1,1,2014-01-03,54,30,9,12,2,11,30,3,2,0,4,4,0,0,0,0,0,0,3,11,0,62,94,2,9,177,10.483046013983211,4.553876891600541,1
5407,1954,Graduation,Together,53103.0,0,1,2013-09-12,70,729,17,133,11,0,195,5,10,6,7,7,1,0,0,0,0,0,3,11,0,60,1085,1,28,290,10.880007533959756,6.990256500493881,0
2166,1960,2n Cycle,Widow,46779.0,1,1,2013-07-12,55,12,1,3,0,0,7,1,0,1,2,4,0,0,0,0,0,0,3,11,0,54,23,2,4,352,10.75321104013817,3.1780538303479458,1
3955,1965,Graduation,Divorced,4861.0,0,0,2014-06-22,20,2,1,1,1,0,1,0,0,0,0,14,0,0,0,0,0,0,3,11,0,49,6,0,0,7,8.48920515487607,1.9459101490553132,1
6634,1979,Master,Divorced,33462.0,1,0,2013-08-07,78,22,3,18,0,0,11,1,2,0,3,7,0,0,0,0,0,0,3,11,0,35,54,1,6,326,10.41819562981634,4.007333185232471,1
3056,1978,Graduation,Divorced,63693.0,0,1,2013-10-14,63,587,43,337,42,87,54,3,11,6,9,6,0,0,0,0,0,0,3,11,0,36,1150,1,29,258,11.061845645601192,7.048386408721883,0
5718,1950,Graduation,Married,80763.0,0,0,2013-08-15,17,674,168,108,192,42,231,1,5,11,6,3,0,0,1,1,0,0,3,11,1,64,1415,0,23,318,11.299286600670264,7.255591274253665,0
6872,1974,PhD,Married,65352.0,0,1,2013-08-21,43,284,3,84,4,7,23,2,4,2,8,4,0,0,0,0,0,0,3,11,0,40,405,1,16,312,11.087558624655156,6.0063531596017325,0
8164,1978,PhD,Married,82170.0,0,0,2013-11-25,13,1023,93,651,49,55,37,1,5,6,7,2,0,0,0,0,0,0,3,11,0,36,1908,0,19,216,11.31655772074287,7.554334823725748,0
4580,1969,Graduation,Married,75759.0,0,0,2013-10-25,46,1394,22,708,89,91,182,1,9,7,9,5,1,0,1,1,0,0,3,11,1,45,2486,0,26,247,11.23532572785996,7.818832443803404,0
9305,1976,2n Cycle,Single,79689.0,0,0,2013-05-12,65,311,26,640,180,37,121,1,4,9,13,2,0,0,0,0,0,0,3,11,0,38,1315,0,27,413,11.285899386391794,7.182352111885263,0
453,1956,PhD,Widow,35340.0,1,1,2014-06-29,1,27,0,12,0,1,5,2,2,0,3,5,0,0,0,0,0,0,3,11,0,58,45,2,7,0,10.472799042021169,3.828641396489095,1
8545,1954,Graduation,Divorced,85683.0,0,0,2014-03-21,6,1296,17,311,45,69,51,1,2,4,10,1,0,1,1,1,1,0,3,11,1,60,1789,0,17,100,11.358421389372706,7.489970898834801,0
9850,1972,2n Cycle,Married,24884.0,1,0,2012-11-29,32,3,6,7,0,0,3,1,0,0,3,7,0,0,0,0,0,0,3,11,0,42,19,1,4,577,10.122020491292655,2.995732273553991,1
7378,1981,Master,Together,42021.0,1,0,2012-08-31,34,393,5,136,7,5,27,5,10,1,6,9,1,0,0,0,0,0,3,11,0,33,573,1,22,667,10.645948569648995,6.352629396319567,0
7646,1989,Graduation,Single,64449.0,1,0,2014-02-18,70,218,63,282,137,35,70,4,5,3,12,4,0,0,0,0,0,0,3,11,0,25,805,1,24,131,11.073645008367333,6.692083742506628,0
1640,1954,Graduation,Divorced,64587.0,1,1,2014-06-22,49,66,0,16,0,6,20,2,1,1,4,3,0,0,0,0,0,0,3,11,0,60,108,2,8,7,11.075783914001512,4.6913478822291435,1
5184,1995,Graduation,Single,34824.0,0,0,2014-03-26,65,4,2,11,2,0,4,1,1,0,2,6,0,0,0,0,0,0,3,11,0,19,23,0,4,95,10.458090798648007,3.1780538303479458,1
8492,1978,Graduation,Together,75437.0,0,0,2013-11-09,25,795,0,545,95,58,0,1,8,4,10,6,0,0,0,1,0,0,3,11,0,36,1493,0,23,232,11.231066405821236,7.309212365692763,0
11188,1957,Graduation,Together,26091.0,1,1,2014-02-25,84,15,10,19,8,17,20,3,2,1,3,5,0,0,0,0,0,0,3,11,0,57,89,2,9,124,10.169384032915987,4.499809670330265,1
1212,1973,Graduation,Married,52845.0,1,0,2013-08-13,7,384,25,292,130,41,64,3,8,8,6,6,1,0,0,0,0,0,3,11,0,41,936,1,25,320,10.875137302530561,6.842683282238422,0
9097,1956,Graduation,Divorced,46086.0,0,1,2013-11-03,34,244,8,32,7,2,50,4,3,1,8,4,0,0,0,0,0,0,3,11,0,58,343,1,16,238,10.738286193554881,5.840641657373398,0
10473,1956,PhD,Widow,78028.0,0,1,2012-09-10,38,158,19,288,25,0,38,1,6,4,9,7,0,1,1,0,0,0,3,11,1,58,528,1,20,657,11.264835831444937,6.270988431858299,0
7962,1987,PhD,Single,95169.0,0,0,2013-10-09,1,1285,21,449,106,20,20,1,4,3,4,1,0,0,1,1,0,0,3,11,1,27,1901,0,12,263,11.463420045066389,7.550661243105336,0
9984,1981,2n Cycle,Married,56337.0,1,1,2013-03-27,25,349,16,144,28,5,182,5,8,5,4,8,1,0,0,1,0,0,3,11,1,33,724,2,22,459,10.939124542042725,6.586171654854675,0
5527,1987,Graduation,Together,22434.0,1,0,2013-02-13,25,4,12,11,3,13,15,2,2,0,3,8,0,0,0,0,0,0,3,11,0,27,58,1,7,501,10.018377518410084,4.07753744390572,1
6374,1954,PhD,Married,36930.0,0,1,2013-05-17,50,223,2,31,0,2,39,5,5,2,4,8,0,0,0,0,0,0,3,11,0,60,297,1,16,408,10.516806585736159,5.697093486505405,1
7453,1954,Graduation,Single,36130.0,0,1,2013-02-02,46,157,43,127,68,56,37,6,3,8,4,4,1,0,0,0,0,0,3,11,1,60,488,1,21,512,10.49490650158872,6.192362489474872,0
8952,1953,Master,Married,65569.0,0,1,2012-11-05,96,397,46,288,20,38,70,2,6,5,10,3,0,0,0,0,0,0,3,11,0,61,859,1,23,601,11.090873553257666,6.756932389247553,0
241,1952,Graduation,Together,83844.0,0,0,2013-05-12,57,901,31,345,75,31,191,1,4,4,11,1,0,0,1,0,0,0,3,11,0,62,1574,0,20,413,11.33672513518121,7.362010551259734,0
8975,1968,Graduation,Married,19514.0,1,1,2014-01-26,47,14,3,21,2,1,28,4,3,1,2,8,1,0,0,0,0,0,3,11,0,46,69,2,10,154,9.878938679614715,4.248495242049359,1
6119,1963,PhD,Single,36736.0,1,1,2013-05-10,52,10,0,3,0,0,4,1,1,0,2,6,0,0,0,0,0,0,3,11,0,51,17,2,4,415,10.511539700563102,2.8903717578961645,1
5236,1979,Graduation,Together,77568.0,0,1,2012-08-25,30,1230,0,396,232,178,158,1,10,2,8,5,0,1,1,1,0,0,3,11,0,35,2194,1,21,673,11.258923141820024,7.693937325509272,0
5723,1976,PhD,Together,49187.0,0,1,2014-01-11,63,81,1,31,2,1,0,1,1,1,5,2,0,0,0,0,0,0,3,11,0,38,116,1,8,169,10.803404970292338,4.762173934797756,1
1710,1978,Graduation,Single,30168.0,1,0,2013-03-07,51,154,20,66,0,12,27,7,6,1,4,9,0,0,0,0,0,0,3,11,0,36,279,1,18,479,10.314570186094999,5.634789603169249,1
1970,1968,Master,Together,34053.0,0,1,2012-09-10,14,63,0,21,7,0,12,1,3,0,3,8,0,0,0,0,0,0,3,11,0,46,103,1,7,657,10.43570277898059,4.6443908991413725,1
5313,1971,Master,Married,38196.0,1,1,2014-04-18,20,30,0,11,0,0,3,3,2,0,4,5,0,0,0,0,0,0,3,11,0,43,44,2,9,72,10.550512257479294,3.8066624897703196,1
10634,1951,Master,Married,59412.0,0,0,2014-04-19,56,90,67,165,30,43,11,1,4,2,8,3,0,0,0,0,0,0,3,11,0,63,406,0,15,71,10.992268336624281,6.008813185442595,0
7010,1965,2n Cycle,Married,70924.0,0,0,2014-04-07,41,635,114,254,132,152,76,1,6,6,7,3,0,0,1,0,0,0,3,11,0,49,1363,0,20,83,11.169378259677051,7.218176838403408,0
8562,1969,Graduation,Together,54165.0,0,0,2013-05-28,72,127,4,73,15,6,11,1,2,1,7,2,0,0,0,0,0,0,3,11,0,45,236,0,11,397,10.899808684315772,5.4680601411351315,0
3158,1973,Graduation,Married,32300.0,1,0,2013-01-03,1,13,3,6,6,5,6,1,1,0,3,8,0,0,0,0,0,0,3,11,0,41,39,1,5,542,10.382853468483827,3.6888794541139363,1
4436,1976,Graduation,Single,20180.0,0,0,2013-02-20,27,18,42,24,15,20,18,1,2,1,4,7,0,0,0,0,0,0,3,11,0,38,137,0,8,494,9.912496846693715,4.927253685157205,1
5287,1973,Graduation,Married,34961.0,1,0,2014-06-19,77,45,2,26,4,1,1,3,3,1,3,7,0,0,0,0,0,0,3,11,0,41,79,1,10,10,10.46201703637113,4.382026634673881,1
2445,1974,PhD,Together,28440.0,1,0,2013-07-07,87,38,1,24,0,0,0,1,2,0,3,8,0,0,0,0,0,0,3,11,0,40,63,1,6,357,10.25558704504304,4.1588830833596715,1
6059,1953,PhD,Together,64504.0,1,2,2013-03-04,81,986,36,168,16,0,108,7,11,3,4,7,0,0,0,0,0,0,3,11,1,61,1314,3,25,482,11.074498019159236,7.181591944611865,0
4550,1966,Master,Together,33564.0,0,1,2014-06-24,51,61,0,3,0,0,7,1,1,1,3,5,0,0,0,0,0,0,3,11,0,48,71,1,6,5,10.421239136372852,4.276666119016055,1
4240,1978,Graduation,Married,17345.0,1,0,2012-11-03,79,4,9,16,17,0,12,2,2,1,2,8,0,0,0,0,0,0,3,11,0,36,58,1,7,603,9.7611172112444,4.07753744390572,1
8911,1967,PhD,Married,56320.0,0,1,2013-04-08,11,201,53,172,116,77,83,3,5,4,9,4,0,0,0,0,0,0,3,11,0,47,702,1,21,447,10.938822746356111,6.555356891810665,0
3706,1978,Graduation,Single,28647.0,1,0,2013-08-21,54,19,8,29,0,12,26,1,2,2,2,7,1,0,0,0,0,0,3,11,1,36,94,1,7,312,10.26283891167827,4.553876891600541,1
3628,1987,Basic,Single,15038.0,1,0,2013-01-29,93,4,8,11,19,12,26,2,2,1,2,9,0,0,0,0,0,0,3,11,0,27,80,1,7,516,9.618402105931613,4.394449154672439,1
10175,1958,PhD,Divorced,32173.0,0,1,2013-08-01,0,18,0,2,0,0,2,1,1,0,3,4,0,0,0,0,0,0,3,11,0,56,22,1,5,332,10.378913951950253,3.1354942159291497,1
8985,1964,2n Cycle,Together,68316.0,0,1,2012-11-04,54,806,80,161,120,11,33,5,10,7,10,6,0,0,0,0,0,0,3,11,0,50,1211,1,32,602,11.131913916491309,7.10002716662926,0
5204,1971,Graduation,Together,74538.0,0,0,2013-06-29,21,380,98,733,110,112,28,1,8,8,5,3,0,0,1,0,0,0,3,11,1,43,1461,0,22,365,11.219077757327483,7.2875606403097235,0
9220,1971,Graduation,Single,91700.0,0,0,2013-01-17,58,576,172,961,125,115,19,1,8,6,5,3,0,0,0,0,0,0,3,11,1,43,1968,0,20,528,11.426288563310505,7.585281078639126,0
9888,1969,Graduation,Together,68695.0,0,0,2014-06-25,3,458,81,356,106,50,40,1,4,4,7,2,0,0,0,0,0,0,3,11,0,45,1091,0,16,4,11.137446252352321,6.9957661563048505,0
5263,1977,2n Cycle,Married,31056.0,1,0,2013-01-22,99,5,10,13,3,8,16,1,1,0,3,8,0,0,0,0,0,0,3,11,0,37,55,1,5,523,10.343579504787346,4.02535169073515,1
1020,1973,Graduation,Married,79593.0,0,0,2014-05-12,70,350,60,568,110,133,145,1,5,6,7,2,0,0,1,0,0,0,3,11,0,41,1366,0,19,48,11.284693992107073,7.220373836723949,0
9503,1980,Graduation,Single,28071.0,0,0,2012-08-29,65,39,33,130,41,26,44,2,5,1,5,8,0,0,0,0,0,0,3,11,0,34,313,0,13,669,10.24252791726305,5.749392985908253,0
10613,1958,PhD,Together,37334.0,1,1,2014-02-26,44,26,1,16,2,2,15,4,3,0,4,4,0,0,0,0,0,0,3,11,0,56,62,2,11,123,10.527686503469802,4.143134726391533,1
67,1972,Master,Single,46423.0,1,1,2013-09-18,6,68,0,16,0,0,8,3,2,0,4,7,0,0,0,0,0,0,3,11,0,42,92,2,9,284,10.745571845870444,4.532599493153256,1
6019,1971,PhD,Married,37126.0,1,0,2014-03-30,9,45,3,9,4,4,7,1,1,2,2,6,1,0,0,0,0,0,3,11,1,43,72,1,6,91,10.522099746707825,4.290459441148391,1
5863,1953,Graduation,Married,47703.0,0,1,2013-05-29,95,359,0,134,13,26,123,4,6,3,8,5,0,0,0,0,0,0,3,11,0,61,655,1,21,396,10.772770530802942,6.486160788944089,0
3717,1959,Graduation,Married,61180.0,0,1,2014-04-23,70,403,24,29,6,24,218,2,5,5,6,3,1,0,0,0,0,0,3,11,0,55,704,1,18,67,11.021591962782166,6.558197802812269,0
6730,1954,Graduation,Married,38998.0,1,1,2012-11-03,92,34,1,14,0,0,5,3,2,0,3,8,0,0,0,0,0,1,3,11,0,60,54,2,8,603,10.571291283757406,4.007333185232471,1
10749,1991,Graduation,Single,8028.0,0,0,2012-09-18,62,73,18,66,7,12,2,15,0,1,0,19,0,0,0,0,0,0,3,11,0,23,178,0,16,649,8.990815266184685,5.187385805840755,1
4998,1962,Graduation,Together,76081.0,0,0,2014-05-23,85,292,30,415,63,33,200,1,4,5,4,2,0,0,0,1,0,0,3,11,0,52,1033,0,14,37,11.239566984991516,6.9411900550683745,0
6287,1986,Graduation,Together,34728.0,1,0,2013-07-30,2,14,0,16,0,0,6,1,1,1,2,6,0,0,0,0,0,0,3,11,1,28,36,1,5,334,10.455330351773332,3.6109179126442243,1
5985,1965,Master,Single,33168.0,0,1,2012-10-13,0,80,1,37,0,1,3,3,2,1,4,7,0,0,0,0,0,0,3,11,0,49,122,1,10,624,10.4093709837628,4.812184355372417,1
4754,1966,Master,Married,33585.0,0,1,2013-09-25,91,30,11,33,13,6,29,1,2,0,4,4,0,0,0,0,0,0,3,11,0,48,122,1,7,277,10.421864592454954,4.812184355372417,1
4002,1960,PhD,Married,77037.0,0,1,2013-10-13,3,463,96,333,168,53,10,1,7,7,12,3,0,0,0,0,0,0,3,11,0,54,1123,1,27,259,11.252054085595047,7.024649030453636,0
8870,1984,Graduation,Together,35196.0,1,0,2012-11-13,68,75,12,141,43,39,187,6,6,1,5,8,0,0,0,0,0,0,3,11,1,30,497,1,18,593,10.468716130681411,6.210600077024653,0
966,1966,Graduation,Married,44529.0,0,1,2013-07-05,98,538,13,91,17,6,26,6,6,2,11,5,0,1,0,0,0,0,3,11,0,48,691,1,25,359,10.703918398315748,6.539585955617669,0
4767,1965,2n Cycle,Married,70924.0,0,0,2014-04-07,41,635,114,254,132,152,76,1,6,6,7,3,0,0,1,0,0,0,3,11,0,49,1363,0,20,83,11.169378259677051,7.218176838403408,0
9725,1966,PhD,Together,28764.0,1,1,2014-06-05,16,8,0,3,0,0,1,1,1,0,2,8,1,0,0,0,0,0,3,11,0,48,12,2,4,24,10.266914649297394,2.5649493574615367,1
4475,1949,PhD,Married,69098.0,0,0,2013-02-16,82,1315,22,780,145,0,178,1,7,8,9,5,0,0,0,0,0,0,3,11,0,65,2440,0,25,498,11.143295537871015,7.80016307039296,0
5740,1970,2n Cycle,Divorced,25959.0,1,1,2013-02-14,1,4,2,12,7,5,26,2,1,2,2,6,0,0,0,0,0,0,3,11,1,44,56,2,7,500,10.164312170818027,4.04305126783455,1
5731,1983,Master,Married,27100.0,1,0,2013-04-05,64,12,0,13,2,0,10,1,1,0,3,7,0,0,0,0,0,0,3,11,0,31,37,1,5,450,10.207325906555994,3.6375861597263857,1
7290,1985,Graduation,Single,70596.0,0,0,2012-10-05,68,347,44,534,17,0,26,1,3,5,12,2,0,0,0,0,0,0,3,11,0,29,968,0,21,632,11.164742929660637,6.876264611890766,0
3846,1974,Graduation,Married,42557.0,0,1,2012-08-29,98,192,5,53,0,5,15,4,6,1,4,8,0,0,0,0,0,0,3,11,0,40,270,1,15,669,10.658623130430142,5.602118820879701,1
8104,1951,PhD,Married,53312.0,0,0,2013-08-09,32,241,0,12,0,0,25,1,5,1,5,7,0,0,0,0,0,0,3,11,0,63,278,0,12,324,10.883935482853596,5.631211781821365,0
4507,1952,Graduation,Single,72228.0,0,0,2012-11-27,87,631,28,491,30,14,56,1,6,7,8,3,0,0,0,0,0,0,3,11,0,62,1250,0,22,579,11.187596906286172,7.1316985104669115,0
11013,1987,Graduation,Together,67605.0,0,0,2013-03-31,84,336,28,282,184,54,54,1,2,8,6,1,0,0,0,0,0,0,3,11,0,27,938,0,17,455,11.121452015488801,6.844815479208263,0
4491,1949,Master,Married,62845.0,1,1,2012-10-01,3,1099,0,45,0,0,34,11,3,4,10,8,0,1,0,0,0,0,3,11,0,65,1178,2,28,636,11.04844256839719,7.072421900537371,0
3759,1958,Graduation,Together,65196.0,0,2,2013-07-25,34,743,19,181,12,0,200,2,7,6,11,5,1,0,0,0,0,0,3,11,0,56,1155,2,26,339,11.085168734586208,7.052721049232323,0
1162,1987,PhD,Single,42000.0,0,0,2013-01-10,23,124,83,267,85,59,35,2,5,2,11,5,0,0,0,0,0,0,3,11,1,27,653,0,20,535,10.645448706505872,6.483107351457199,0
2055,1973,PhD,Divorced,35860.0,1,1,2014-05-19,37,15,0,8,4,2,20,2,1,1,2,5,1,0,0,0,0,0,3,11,0,41,49,2,6,41,10.487405632994516,3.912023005428146,1
10766,1964,PhD,Married,65526.0,0,1,2014-04-11,22,397,19,69,12,0,9,1,4,4,8,2,0,0,0,0,0,0,3,11,0,50,506,1,17,79,11.090217550427058,6.2285110035911835,0
4415,1961,Graduation,Married,16860.0,1,1,2012-09-12,19,10,4,4,3,3,14,3,1,1,3,7,0,0,0,0,0,0,3,11,0,53,38,2,8,655,9.732758541777981,3.6635616461296463,1
3005,1992,Graduation,Single,83528.0,0,0,2014-05-01,7,530,117,678,134,44,147,1,4,10,8,1,1,0,0,1,0,0,3,11,1,22,1650,0,23,59,11.332949155931612,7.409136443920128,0
2223,1965,2n Cycle,Divorced,64176.0,0,1,2012-08-03,52,1215,33,249,64,116,149,8,8,9,8,6,0,0,0,0,0,0,3,11,0,49,1826,1,33,695,11.069400170037524,7.510430556378006,0
4817,1956,Graduation,Divorced,22304.0,0,0,2012-08-04,91,3,2,7,0,4,2,1,1,0,2,8,0,0,0,0,0,0,3,11,0,58,18,0,4,694,10.012566147562366,2.9444389791664403,1
2875,1978,Graduation,Married,67023.0,0,0,2014-03-04,93,444,44,382,11,8,17,1,3,7,13,2,0,0,0,0,0,1,3,11,0,36,906,0,24,117,11.112806043186817,6.810142450115136,0
10536,1971,PhD,Together,32892.0,1,0,2014-05-25,78,26,0,15,2,1,2,2,3,0,3,8,0,0,0,0,0,0,3,11,0,43,46,1,8,35,10.401015148158129,3.8501476017100584,1
11112,1966,Graduation,Together,70713.0,0,1,2012-12-03,23,736,114,279,82,76,190,6,5,6,8,3,0,0,0,0,0,0,3,11,0,48,1477,1,25,573,11.166398852083312,7.298445101508147,0
3807,1955,Graduation,Together,59925.0,0,1,2012-11-30,83,473,21,176,19,21,56,3,9,2,9,6,0,0,0,0,0,0,3,11,0,59,766,1,23,576,11.000865746689424,6.642486801367256,0
9197,1953,Graduation,Married,39722.0,0,1,2014-02-24,92,32,0,5,2,0,8,2,2,0,3,5,0,0,0,0,0,0,3,11,0,61,47,1,7,125,10.589685644007867,3.8712010109078907,1
10832,1958,Graduation,Together,46610.0,0,0,2013-07-18,4,288,10,30,4,10,125,1,6,1,6,6,0,0,0,0,0,0,3,11,0,56,467,0,14,346,10.749591843760111,6.148468295917647,0
6421,1961,Graduation,Together,88347.0,0,0,2013-07-03,32,1050,178,555,77,138,118,1,4,7,9,1,0,0,0,1,0,0,3,11,0,53,2116,0,21,361,11.38903884025336,7.6577552711348655,0
4207,1981,PhD,Married,87171.0,0,0,2013-05-01,27,1001,44,107,58,44,44,1,6,7,11,2,1,0,1,0,0,0,3,11,0,33,1298,0,25,424,11.375638457415702,7.1693500166706,0
577,1976,2n Cycle,Together,26907.0,1,1,2013-08-20,10,9,1,7,0,3,2,2,1,0,3,7,0,0,0,0,0,0,3,11,0,38,22,2,6,313,10.200178919145497,3.1354942159291497,1
10855,1968,Master,Single,50014.0,1,0,2014-01-22,9,234,14,77,19,10,42,2,4,1,8,5,0,0,0,0,0,0,3,11,0,46,396,1,15,158,10.820078239419281,5.983936280687191,0
3081,1978,PhD,Married,41014.0,1,0,2013-04-22,65,7,2,6,2,0,3,1,1,0,2,7,0,0,0,0,0,0,3,11,0,36,20,1,4,433,10.62169313243685,3.044522437723423,1
3535,1965,Graduation,Single,66294.0,0,0,2014-03-17,68,251,108,334,65,92,117,1,4,3,5,2,0,0,0,0,0,0,3,11,0,49,967,0,13,104,11.101869758548819,6.875232087276577,0
247,1971,Graduation,Married,36715.0,1,0,2012-11-17,16,172,10,125,21,13,16,6,7,2,4,9,0,0,0,0,0,0,3,11,1,43,357,1,19,589,10.510967906338982,5.8805329864007,1
8707,1956,Graduation,Married,79456.0,0,0,2012-08-22,12,565,42,548,64,83,99,1,5,6,4,3,0,0,0,0,0,0,3,11,1,58,1401,0,16,676,11.282971273810652,7.2456550675945355,0
9523,1982,Graduation,Together,40479.0,1,0,2013-08-17,95,5,0,8,2,0,0,1,0,0,3,4,0,0,0,0,0,0,3,11,0,32,15,1,4,316,10.608563303961347,2.772588722239781,1
6072,1970,Master,Single,75345.0,0,0,2013-02-02,16,918,57,842,99,38,133,1,5,8,6,3,0,0,0,1,0,0,3,11,1,44,2087,0,20,512,11.229846117045021,7.643961949002529,0
6295,1977,Graduation,Married,54233.0,0,1,2013-02-04,46,652,8,158,21,0,142,4,11,6,5,8,0,0,0,0,0,0,3,11,0,37,981,1,26,510,10.901063297026466,6.889591308354466,0
10914,1970,Graduation,Single,24163.0,1,1,2013-10-12,3,4,1,7,2,1,2,2,1,0,3,4,0,0,0,0,0,0,3,11,0,44,17,2,6,260,10.092619201258632,2.8903717578961645,1
1509,1958,PhD,Together,84460.0,0,0,2013-01-04,80,152,27,103,106,54,81,0,9,9,4,5,0,1,1,1,1,0,3,11,1,56,523,0,22,541,11.344045168342067,6.261491684321042,0
5577,1983,Graduation,Together,43776.0,1,0,2014-05-03,77,8,0,9,2,1,3,1,1,0,2,6,0,0,0,0,0,0,3,11,0,31,23,1,4,57,10.686863844288563,3.1780538303479458,1
7348,1958,PhD,Single,71691.0,0,0,2014-03-17,0,336,130,411,240,32,43,1,4,7,5,2,0,0,0,0,0,0,3,11,1,56,1192,0,17,104,11.180134444351488,7.084226422097916,0
1127,1973,PhD,Married,85844.0,0,0,2014-05-29,62,938,19,843,25,95,38,1,6,6,7,2,0,0,1,0,0,0,3,11,0,41,1958,0,20,31,11.360298623511312,7.580189417944541,0
1833,1974,PhD,Single,39190.0,1,0,2014-04-26,91,68,8,18,19,8,12,2,2,1,4,5,0,0,0,0,0,0,3,11,0,40,133,1,9,64,10.57620240758158,4.897839799950911,1
4944,1959,Graduation,Together,71367.0,0,0,2013-08-23,24,227,23,389,42,21,75,1,4,5,7,2,0,0,0,0,0,0,3,11,0,55,777,0,17,310,11.17560486859362,6.656726524178391,0
9080,1972,PhD,Single,38578.0,1,1,2013-06-22,2,38,4,22,3,3,3,3,3,0,3,8,0,0,0,0,0,0,3,11,0,42,73,2,9,372,10.560463365957897,4.304065093204169,1
6466,1965,PhD,Married,57236.0,1,1,2014-03-12,22,105,0,9,2,1,4,3,2,1,4,3,0,0,0,0,0,0,3,11,0,49,121,2,10,109,10.954955821395421,4.804021044733257,1
9964,1979,Graduation,Single,61825.0,0,1,2013-08-07,56,162,50,100,55,30,27,1,4,2,8,4,0,0,0,0,0,0,3,11,0,35,424,1,15,326,11.032079266945424,6.052089168924417,0
4790,1958,Graduation,Divorced,79803.0,0,1,2014-06-02,54,574,8,216,21,16,33,1,4,3,5,1,0,0,0,0,0,0,3,11,0,56,868,1,13,27,11.287328907494953,6.767343125265392,0
10245,1986,2n Cycle,Single,80910.0,0,0,2012-10-31,71,160,80,369,67,39,41,1,3,3,8,1,0,0,0,0,0,0,3,11,0,28,756,0,15,606,11.3011050641372,6.6293632534374485,0
1109,1982,Master,Together,27590.0,1,0,2013-04-23,38,6,0,5,0,0,1,1,1,0,2,7,0,0,0,0,0,0,3,11,0,32,12,1,4,432,10.225244911570808,2.5649493574615367,1
6001,1979,Graduation,Married,56775.0,0,1,2013-01-02,62,614,35,160,58,35,35,2,5,8,10,5,0,0,0,0,0,0,3,11,0,35,937,1,25,543,10.946868980204819,6.843749949006225,0
5538,1975,Graduation,Divorced,83829.0,0,0,2013-10-08,78,897,161,430,186,161,27,0,4,7,6,1,1,0,1,1,0,0,3,11,1,39,1862,0,17,264,11.336546217631904,7.529943370601589,0
10552,1979,2n Cycle,Married,54210.0,0,1,2013-05-20,18,70,54,109,80,9,45,2,4,1,7,5,0,0,0,0,0,0,3,11,0,35,367,1,14,405,10.90063911886528,5.908082938168931,0
1545,1986,Graduation,Married,38508.0,1,0,2013-08-02,95,120,19,206,25,19,54,6,7,2,5,8,0,0,0,0,0,0,3,11,0,28,443,1,20,331,10.558647259190574,6.095824562432225,0
7409,1970,Graduation,Together,53187.0,1,0,2013-10-26,66,211,2,30,7,7,10,2,4,1,6,5,0,0,0,0,0,0,3,11,0,44,267,1,13,246,10.881588085976597,5.5909869805108565,0
4444,1972,Graduation,Married,30023.0,1,0,2014-03-24,28,11,0,16,7,6,21,1,2,0,3,8,0,0,0,0,0,0,3,11,0,42,61,1,6,97,10.309752340814857,4.127134385045092,1
146,1960,PhD,Single,76045.0,0,0,2013-11-15,78,760,53,400,17,93,0,1,4,5,11,2,0,0,0,1,0,0,3,11,0,54,1323,0,21,226,11.239093699328496,7.188412736496954,0
6271,1952,PhD,Married,50870.0,0,1,2014-06-19,13,53,0,8,0,0,2,1,2,0,3,5,0,0,0,0,0,0,3,11,0,62,63,1,6,10,10.837048295575237,4.1588830833596715,1
10065,1970,2n Cycle,Married,15315.0,0,0,2013-08-03,27,7,4,13,15,8,17,2,2,0,4,5,0,0,0,0,0,0,3,11,0,44,64,0,8,330,9.636653312597184,4.174387269895637,1
4741,1974,2n Cycle,Married,65463.0,1,0,2014-01-30,17,391,32,70,21,32,16,2,6,2,9,5,0,1,0,0,0,0,3,11,0,40,562,1,19,150,11.089255652207218,6.333279628139691,0
246,1965,Graduation,Married,66480.0,1,1,2014-05-31,71,199,9,57,20,21,6,7,4,1,7,4,0,0,0,0,0,0,3,11,0,49,312,2,19,29,11.104671471534129,5.746203190540153,0
375,1954,Graduation,Divorced,76773.0,0,0,2013-02-25,79,516,56,449,86,33,16,1,2,2,11,1,0,0,0,0,0,0,3,11,0,60,1156,0,16,489,11.24862132015093,7.053585727193677,0
1524,1983,2n Cycle,Single,81698.0,0,0,2013-03-01,1,709,45,115,30,160,45,1,8,2,5,5,0,0,0,1,0,0,3,11,1,31,1104,0,16,485,11.310797040871105,7.007600613951853,0
10022,1973,PhD,Single,54466.0,1,1,2014-02-09,78,12,0,4,0,0,0,1,1,0,2,5,0,0,0,0,0,0,3,11,0,41,16,2,4,140,10.905350292672244,2.833213344056216,1
7451,1960,Master,Single,98777.0,0,0,2014-02-17,23,1000,19,711,125,115,38,0,4,6,9,1,0,1,0,0,0,0,3,11,0,54,2008,0,19,132,11.500630186876077,7.605392364814934,0
11010,1984,PhD,Single,16269.0,1,0,2013-08-30,75,19,3,18,3,1,0,3,3,0,3,8,0,0,0,0,0,0,3,11,0,30,44,1,9,303,9.697078200213083,3.8066624897703196,1
4356,1971,Graduation,Together,71819.0,0,1,2013-08-28,70,1224,28,140,0,14,168,3,3,3,5,6,0,1,1,0,0,0,3,11,0,43,1574,1,14,305,11.181918267780073,7.362010551259734,0
3885,1983,PhD,Married,33569.0,1,0,2013-10-16,10,16,2,18,3,0,24,1,1,1,2,8,1,0,0,0,0,0,3,11,1,31,63,1,5,256,10.42138808997408,4.1588830833596715,1
1175,1983,Master,Married,36262.0,0,0,2013-09-20,24,88,39,54,64,28,153,1,3,5,3,6,1,0,0,0,0,0,3,11,1,31,426,0,12,282,10.498553216683446,6.056784013228625,0
880,1966,Basic,Together,22634.0,0,0,2013-01-16,47,2,23,11,8,6,46,1,2,1,2,8,0,0,0,0,0,0,3,11,0,48,96,0,6,529,10.02725265987006,4.574710978503383,1
2320,1978,2n Cycle,Married,47025.0,0,1,2013-09-12,98,508,11,59,23,5,29,5,11,1,6,9,0,0,0,0,0,0,3,11,0,36,635,1,23,290,10.75845591922755,6.455198563340122,0
850,1968,Graduation,Single,70566.0,0,1,2013-10-06,4,381,28,215,84,28,21,2,6,5,9,3,0,0,0,0,0,0,3,11,0,46,757,1,22,266,11.164317892109255,6.630683385642372,0
4713,1979,PhD,Married,31605.0,1,0,2012-11-22,15,74,0,42,2,1,6,2,2,1,4,7,0,0,0,0,0,0,3,11,0,35,125,1,9,584,10.36110225496905,4.836281906951478,1
675,1973,Master,Divorced,52034.0,1,1,2013-05-17,67,146,0,93,7,13,73,5,4,2,5,7,0,0,0,0,0,0,3,11,0,41,332,2,16,408,10.85967184807196,5.808142489980444,1
5025,1979,Graduation,Single,48526.0,1,0,2013-12-24,32,23,17,23,43,20,9,1,2,1,4,3,0,0,0,0,0,0,3,11,0,35,135,1,8,187,10.78987562305597,4.912654885736052,1
2308,1954,Graduation,Married,46734.0,0,1,2012-11-18,40,110,5,137,26,23,29,2,6,1,5,7,0,0,0,0,0,0,3,11,0,60,330,1,14,588,10.752248627616684,5.802118375377063,0
5995,1962,Graduation,Divorced,39552.0,1,1,2012-12-18,54,165,3,147,4,24,41,7,6,2,5,8,0,0,0,0,0,0,3,11,1,52,384,2,20,558,10.585396823669269,5.953243334287785,1
6749,1966,Graduation,Single,86358.0,1,1,2012-08-08,78,957,47,494,82,47,95,4,5,3,6,8,0,0,0,0,0,0,3,11,0,48,1722,2,18,690,11.366268305126777,7.45182223652793,0
1010,1977,Graduation,Together,46931.0,2,1,2014-04-24,94,41,0,17,3,1,16,2,1,1,3,3,0,0,0,0,0,0,3,11,0,37,78,3,7,66,10.756455024543515,4.3694478524670215,1
8977,1985,Basic,Single,16581.0,0,0,2013-01-12,51,1,3,4,2,3,11,1,0,0,3,4,0,0,0,0,0,0,3,11,0,29,24,0,4,533,9.716073048676163,3.2188758248682006,1
4756,1952,2n Cycle,Divorced,63998.0,0,0,2013-12-20,42,176,29,818,0,33,112,1,7,6,11,4,0,0,0,0,0,0,3,11,1,62,1168,0,25,191,11.066622737219737,7.063903961472068,0
3412,1951,Master,Married,67381.0,0,1,2013-01-15,67,815,8,53,11,0,70,4,2,2,9,7,0,1,0,0,0,0,3,11,0,63,957,1,17,530,11.118133198918368,6.86484777797086,0
606,1967,Graduation,Single,25930.0,1,1,2013-10-10,87,6,1,2,2,0,4,1,1,0,2,7,0,0,0,0,0,0,3,11,0,47,15,2,4,262,10.163194443157385,2.772588722239781,1
5961,1978,Graduation,Married,42693.0,1,0,2014-06-07,29,8,4,20,6,3,16,1,1,0,3,5,0,0,0,0,0,0,3,11,0,36,57,1,5,22,10.661813674121044,4.060443010546419,1
2975,1976,Graduation,Together,85606.0,0,1,2012-11-12,89,717,42,864,219,30,84,2,6,7,9,3,0,0,0,1,0,0,3,11,0,38,1956,1,24,594,11.357522334487317,7.579167967396076,0
2894,1985,Graduation,Single,72903.0,0,0,2013-10-29,74,1067,138,750,0,19,39,1,7,5,8,4,0,1,1,1,0,0,3,11,1,29,2013,0,21,243,11.196898786175963,7.607878073278507,0
7613,1974,2n Cycle,Together,49669.0,1,0,2014-05-24,97,166,5,107,11,8,29,2,5,1,6,6,0,0,0,0,0,0,3,11,0,40,326,1,14,36,10.813156408101396,5.7899601708972535,0
10542,1968,PhD,Married,36778.0,1,1,2012-08-05,63,29,4,34,2,4,4,3,3,0,3,9,0,0,0,0,0,0,3,11,0,46,77,2,9,693,10.512682309099187,4.356708826689592,1
8015,1962,PhD,Divorced,85696.0,0,0,2013-05-03,88,714,76,395,116,0,12,1,4,6,9,1,0,0,0,0,0,0,3,11,1,52,1313,0,20,422,11.358573098138846,7.1808311990445555,0
10617,1989,Master,Divorced,10979.0,0,0,2014-05-22,34,8,4,10,2,2,4,2,3,0,3,5,0,0,0,0,0,0,3,11,0,25,30,0,8,38,9.30383071506352,3.4339872044851463,1
11166,1961,Graduation,Married,49678.0,0,1,2013-02-02,81,229,5,56,3,2,20,2,6,2,4,7,0,0,0,0,0,0,3,11,0,53,315,1,14,512,10.813337587580296,5.755742213586912,0
849,1953,Master,Together,56129.0,0,1,2013-06-20,65,320,48,133,39,72,48,4,6,2,10,4,0,0,0,0,0,0,3,11,0,61,660,1,22,374,10.935425707936245,6.493753839851687,0
523,1989,Graduation,Married,37155.0,1,0,2013-01-31,51,23,0,26,7,15,3,1,2,0,4,5,0,0,0,0,0,0,3,11,0,25,74,1,7,514,10.522880544507412,4.31748811353631,1
4066,1978,2n Cycle,Divorced,21282.0,1,0,2014-05-11,76,1,5,8,4,8,20,2,2,1,2,6,0,0,0,0,0,0,3,11,0,36,46,1,7,49,9.965663910962803,3.8501476017100584,1
8414,1962,PhD,Single,33419.0,0,1,2013-08-17,76,56,0,12,0,0,18,2,2,0,4,7,0,0,0,0,0,0,3,11,0,52,86,1,8,316,10.416909802149386,4.465908118654584,1
819,1945,Graduation,Widow,63285.0,0,0,2013-11-05,84,508,124,249,50,38,134,1,6,5,13,3,0,0,0,0,0,0,3,11,0,69,1103,0,25,236,11.055419414634455,7.00669522683704,0
4961,1974,Master,Together,21255.0,1,0,2014-01-21,56,29,0,25,2,2,3,4,2,1,4,4,0,0,0,0,0,0,3,11,0,40,61,1,11,159,9.96439448743965,4.127134385045092,1
749,1981,Graduation,Together,42162.0,1,0,2013-11-19,31,46,7,59,2,4,27,2,3,1,3,6,1,0,0,0,0,0,3,11,1,33,145,1,9,222,10.649298338178925,4.983606621708336,1
5430,1956,Graduation,Together,54450.0,1,1,2012-09-14,0,454,0,171,8,19,32,12,9,2,8,8,0,0,0,0,0,0,3,11,0,58,684,2,31,653,10.905056493665374,6.529418838262226,0
7755,1954,PhD,Married,57744.0,0,1,2013-11-12,91,350,3,39,0,0,19,2,9,1,4,8,0,0,0,0,0,0,3,11,0,60,411,1,16,229,10.963792044549187,6.021023349349527,0
10525,1986,Graduation,Single,26576.0,1,0,2012-10-13,40,10,0,8,0,0,9,1,1,0,2,9,1,0,0,0,0,0,3,11,1,28,27,1,4,624,10.187801459080141,3.332204510175204,1
1453,1943,PhD,Widow,57513.0,0,0,2013-07-06,59,735,40,183,52,20,30,2,9,3,13,6,0,0,0,0,0,0,3,11,0,71,1060,0,27,358,10.95978367541029,6.966967138613983,0
8310,1964,Graduation,Together,68142.0,0,1,2012-08-29,96,897,126,196,91,112,37,3,10,4,7,6,0,0,0,0,0,0,3,11,0,50,1459,1,24,669,11.129363717249026,7.286191714702382,0
10710,1979,Graduation,Married,7500.0,0,1,2012-08-29,61,5,2,3,3,0,5,1,1,0,2,8,0,0,0,0,0,0,3,11,0,35,18,1,4,669,8.922791623969637,2.9444389791664403,1
5031,1974,Graduation,Together,83145.0,0,0,2012-09-22,14,777,35,731,39,137,114,1,5,9,11,2,0,0,1,0,0,0,3,11,1,40,1833,0,26,645,11.32835337763112,7.51425465281641,0
2613,1960,Master,Married,54197.0,0,1,2014-04-03,16,162,6,37,6,13,13,2,1,3,6,1,0,0,0,0,0,0,3,11,0,54,237,1,12,87,10.9003992863779,5.472270673671475,0
213,1963,PhD,Single,23091.0,1,1,2014-05-28,98,35,0,11,0,0,2,4,2,1,3,7,0,0,0,0,0,0,3,11,0,51,48,2,10,32,10.047241516180824,3.8918202981106265,1
967,1976,Graduation,Married,46049.0,1,1,2013-07-21,11,342,9,112,19,14,19,10,5,2,9,7,0,0,0,0,0,0,3,11,1,38,515,2,26,343,10.737483041683452,6.246106765481563,1
1077,1974,Graduation,Together,56715.0,0,0,2012-12-05,52,258,105,239,237,172,9,1,7,3,4,4,0,0,0,0,0,0,3,11,0,40,1020,0,15,571,10.94581163685745,6.928537818164665,0
7959,1961,Graduation,Married,79410.0,0,0,2014-05-29,19,658,80,483,123,13,13,1,3,2,5,1,0,0,0,0,0,0,3,11,0,53,1370,0,11,31,11.282392176682402,7.223295679562314,0
640,1951,Graduation,Married,57304.0,0,1,2013-03-11,61,356,80,329,138,17,106,2,7,6,10,5,0,0,0,0,0,0,3,11,0,63,1026,1,25,475,10.9561431589308,6.934397209928558,0
4252,1965,Graduation,Married,44375.0,0,1,2014-03-23,73,213,5,28,7,7,41,1,4,1,6,5,0,0,0,0,0,0,3,11,0,49,301,1,12,98,10.700454061735071,5.71042701737487,0
8432,1956,Graduation,Together,54450.0,1,1,2012-09-14,0,454,0,171,8,19,32,12,9,2,8,8,0,0,0,0,0,0,3,11,0,58,684,2,31,653,10.905056493665374,6.529418838262226,0
6218,1965,Graduation,Married,59594.0,0,1,2012-10-20,74,457,4,29,0,0,9,1,8,1,7,7,0,1,0,0,0,0,3,11,0,49,499,1,17,617,10.99532695691681,6.214608098422191,0
6905,1994,Graduation,Together,80685.0,0,0,2012-08-22,55,241,45,604,34,26,54,1,6,4,10,2,0,0,0,0,0,0,3,11,0,20,1004,0,21,676,11.298320357176074,6.912742820493176,0
5922,1974,PhD,Married,40344.0,0,1,2013-10-13,48,210,0,6,0,0,2,2,4,1,5,7,0,0,0,0,0,0,3,11,0,40,218,1,12,259,10.605222750282607,5.389071729816501,1
3598,1972,Graduation,Married,62710.0,0,1,2013-05-23,53,441,35,83,7,29,11,4,4,2,12,4,0,0,0,0,0,0,3,11,0,42,606,1,22,402,11.046292149829952,6.408528791059498,0
6116,1968,2n Cycle,Married,48985.0,0,1,2013-07-05,13,19,13,18,10,7,8,1,1,1,3,3,0,0,0,0,0,0,3,11,0,46,75,1,6,359,10.799289821982947,4.330733340286331,1
6263,1968,Graduation,Together,35322.0,1,2,2012-08-22,34,28,9,37,12,7,13,3,2,0,4,8,0,0,0,0,0,0,3,11,0,46,106,3,9,676,10.472289588823237,4.672828834461906,1
10486,1948,Graduation,Married,77142.0,0,0,2013-05-29,54,476,75,162,29,151,97,1,4,4,8,2,0,0,0,0,0,0,3,11,0,66,990,0,17,396,11.253416121335281,6.898714534329988,0
2410,1969,Graduation,Single,81657.0,0,0,2014-01-22,69,364,40,425,158,60,50,1,3,4,8,1,0,0,0,0,0,0,3,11,0,45,1097,0,16,158,11.31029507277839,7.001245622069476,0
193,1996,Basic,Married,14421.0,0,0,2014-02-17,81,0,0,2,3,3,8,1,1,0,2,5,1,0,0,0,0,0,3,11,0,18,16,0,4,132,9.576510097476705,2.833213344056216,1
3363,1974,2n Cycle,Married,20130.0,0,0,2014-03-17,99,0,6,3,7,6,12,1,1,0,3,8,0,0,0,0,0,0,3,11,0,40,34,0,5,104,9.910016194498828,3.5553480614894135,1
8278,1990,PhD,Married,74214.0,0,0,2012-08-26,3,863,83,547,86,99,33,1,8,2,5,5,0,0,0,0,0,0,3,11,0,24,1711,0,16,672,11.214721565058865,7.445417556701687,0
10660,1957,Master,Married,66726.0,1,1,2014-01-12,61,349,7,35,0,0,47,3,8,2,4,7,0,1,0,0,0,0,3,11,0,57,438,2,17,168,11.108364947596469,6.0844994130751715,0
8686,1979,Basic,Together,23724.0,1,0,2013-01-08,65,5,23,15,0,18,14,2,2,0,3,8,0,0,0,0,0,0,3,11,0,35,75,1,7,537,10.074284623478128,4.330733340286331,1
1604,1960,Master,Married,47353.0,0,1,2013-11-13,93,184,2,19,8,8,4,3,2,2,6,5,0,0,0,0,0,0,3,11,0,54,225,1,13,228,10.765406572342945,5.420534999272286,0
5907,1952,Master,Married,33444.0,1,1,2012-11-03,24,8,0,8,0,0,2,1,1,0,2,8,0,0,0,0,0,0,3,11,0,62,18,2,4,603,10.417657577552509,2.9444389791664403,1
10669,1981,Graduation,Married,54386.0,0,1,2013-05-17,8,277,21,64,62,21,25,2,3,2,10,3,0,0,0,0,0,0,3,11,0,33,470,1,17,408,10.903880433697777,6.154858094016418,0
2918,1981,Graduation,Divorced,28510.0,1,1,2013-04-13,72,44,5,19,0,4,19,3,2,0,4,5,0,0,0,0,0,0,3,11,0,33,91,2,9,442,10.258045256703726,4.5217885770490405,1
5735,1991,Master,Single,90638.0,0,0,2014-02-13,29,1156,120,915,94,144,96,1,3,4,10,1,0,0,1,0,0,0,3,11,0,23,2525,0,18,136,11.414639862984364,7.8343923029104365,0
359,1950,Graduation,Together,48070.0,0,1,2013-01-13,33,373,14,83,6,9,19,3,8,2,6,7,0,0,0,0,0,1,3,11,0,64,504,1,19,532,10.780434363667258,6.22455842927536,0
8387,1957,Graduation,Married,43140.0,0,1,2013-01-05,68,134,8,76,6,0,11,1,4,1,5,6,0,0,0,0,0,0,3,11,0,57,235,1,11,540,10.672229100017557,5.4638318050256105,1
1829,1961,PhD,Divorced,54959.0,0,1,2013-01-19,55,1148,0,60,0,0,24,3,9,5,4,7,0,1,0,0,0,0,3,11,1,53,1232,1,21,526,10.914360926896231,7.117205503164344,0
3839,1958,Basic,Single,15056.0,1,1,2013-05-03,76,6,12,3,21,6,40,5,2,2,3,5,0,0,0,0,0,0,3,11,0,56,88,2,12,422,9.619598278323043,4.48863636973214,1
9392,1971,Graduation,Single,26954.0,1,0,2014-05-08,17,4,1,11,0,0,1,1,1,0,2,7,0,0,0,0,0,0,3,11,0,43,17,1,4,52,10.20192408788577,2.8903717578961645,1
2292,1985,Graduation,Single,22327.0,1,0,2013-08-02,94,5,4,8,2,0,5,1,1,0,3,5,0,0,0,0,0,0,3,11,0,29,24,1,5,331,10.013596775216158,3.2188758248682006,1
10466,1965,Graduation,Married,44393.0,1,1,2013-08-22,86,24,2,20,2,2,10,2,1,0,4,4,0,0,0,0,0,0,3,11,0,49,60,2,7,311,10.700859604153607,4.110873864173311,1
9855,1952,PhD,Single,62000.0,0,1,2013-08-25,25,899,0,101,0,0,20,1,6,6,13,4,0,0,0,1,0,0,3,11,0,62,1020,1,26,308,11.034905792929415,6.928537818164665,0
4088,1962,PhD,Together,31497.0,0,1,2012-12-06,22,108,1,28,13,1,4,2,3,1,4,8,0,0,0,0,0,0,3,11,0,52,155,1,10,570,10.357679330734525,5.049856007249537,1
5231,1974,2n Cycle,Married,45894.0,0,2,2014-02-27,15,27,2,7,0,2,13,1,1,0,3,5,0,0,0,0,0,0,3,11,0,40,51,2,5,122,10.734111457653192,3.9512437185814275,1
590,1970,Master,Divorced,78579.0,0,0,2012-12-22,35,816,66,549,216,66,99,1,5,6,4,3,0,0,0,0,0,0,3,11,1,44,1812,0,16,554,11.27187249311245,7.502738210754851,0
8732,1969,Master,Widow,67369.0,0,1,2012-11-17,81,1298,0,70,37,14,42,4,7,4,10,4,0,1,1,0,0,0,3,11,1,45,1461,1,25,589,11.117955093954706,7.2875606403097235,0
2315,1960,Graduation,Divorced,58401.0,0,1,2014-04-20,55,10,0,11,17,29,29,1,1,2,2,4,0,0,0,0,0,0,3,11,0,54,96,1,6,70,10.97510541480526,4.574710978503383,1
3515,1952,Graduation,Single,62307.0,0,1,2014-02-17,94,87,13,34,10,6,10,1,4,0,4,5,0,0,0,0,0,0,3,11,0,62,160,1,9,132,11.039845107446496,5.081404364984463,0
2245,1969,Master,Married,43641.0,1,1,2013-04-22,50,57,2,51,4,2,23,3,2,1,4,6,0,0,0,0,0,0,3,11,0,45,139,2,10,433,10.683775268411074,4.941642422609304,1
6283,1968,Master,Divorced,63841.0,0,1,2013-04-21,64,635,15,100,20,7,131,1,9,3,9,6,0,0,0,0,0,0,3,11,0,46,908,1,22,434,11.06416655995377,6.812345094177479,0
2246,1965,2n Cycle,Married,46891.0,0,1,2013-09-01,91,43,12,23,29,15,61,1,2,1,4,4,0,0,0,0,0,0,3,11,0,49,183,1,8,301,10.755602364191718,5.214935757608986,1
6606,1969,Master,Married,70091.0,1,0,2013-03-31,11,964,34,137,15,0,11,2,5,2,10,8,0,1,0,0,0,0,3,11,0,45,1161,1,19,455,11.15756394382831,7.057897937411856,0
5545,1972,PhD,Married,78075.0,0,0,2014-04-05,72,572,8,259,34,35,80,1,3,5,5,1,0,0,0,0,0,0,3,11,0,42,988,0,14,85,11.265437990266502,6.8966943316227125,0
7342,1961,2n Cycle,Widow,59184.0,0,1,2012-09-09,6,341,142,113,259,151,66,3,6,6,12,5,0,0,0,0,0,0,3,11,0,53,1072,1,27,658,10.988423410387995,6.9782137426306985,0
837,1977,Graduation,Married,54809.0,1,1,2013-09-11,0,63,6,57,13,13,22,4,2,1,5,4,0,0,0,0,0,0,3,11,0,37,174,2,12,291,10.911627938040162,5.1647859739235145,1
9500,1959,Graduation,Married,58113.0,0,1,2013-01-25,66,221,104,169,102,78,84,3,9,2,8,7,0,0,0,0,0,1,3,11,0,55,758,1,22,520,10.970161877668298,6.6320017773956295,0
3602,1958,Master,Married,51412.0,0,1,2013-12-31,42,140,3,29,4,5,14,2,3,2,4,4,0,0,0,0,0,0,3,11,0,56,195,1,11,180,10.847646337752757,5.278114659230518,0
234,1979,Graduation,Divorced,15287.0,1,0,2012-10-10,60,1,2,8,4,3,13,2,1,1,2,7,1,0,0,0,0,0,3,11,1,35,31,1,6,627,9.634823485920109,3.4657359027997265,1
2995,1957,Master,Together,66636.0,0,0,2013-08-17,64,291,10,689,84,10,0,1,3,4,9,1,0,0,0,0,0,0,3,11,0,57,1084,0,17,316,11.10701525782018,6.98933526597456,0
1118,1956,Master,Married,50965.0,0,1,2013-02-20,87,544,13,85,8,6,29,3,10,4,5,8,1,0,0,0,0,0,3,11,0,58,685,1,22,494,10.83891402271876,6.530877627725885,0
7789,1965,PhD,Married,84618.0,0,0,2013-11-22,96,684,100,801,21,66,0,1,6,9,10,2,0,0,1,0,0,0,3,11,0,49,1672,0,26,219,11.345914106667006,7.422373700986824,0
3068,1990,Graduation,Married,18351.0,0,0,2013-10-29,1,1,12,9,0,14,7,1,2,0,3,7,0,0,0,0,0,0,3,11,0,24,43,0,6,243,9.817493839369153,3.784189633918261,1
8955,1957,PhD,Together,40451.0,0,2,2014-02-16,54,35,0,4,0,0,10,1,1,1,2,5,1,0,0,0,0,0,3,11,0,57,49,2,5,133,10.607871365022062,3.912023005428146,1
945,1965,Graduation,Together,36317.0,0,1,2013-05-22,53,87,3,25,3,2,13,2,3,0,4,7,0,0,0,0,0,0,3,11,0,49,133,1,9,403,10.500068765119742,4.897839799950911,1
5644,1957,Graduation,Together,42213.0,0,1,2013-10-12,96,309,3,24,4,3,20,2,5,1,7,7,0,1,0,0,0,0,3,11,0,57,363,1,15,260,10.650507198560563,5.8971538676367405,0
7192,1955,Graduation,Together,65748.0,0,1,2013-04-15,58,172,73,93,95,78,34,2,2,4,10,1,0,0,0,0,0,1,3,11,0,59,545,1,18,440,11.093599740798876,6.302618975744905,0
2324,1972,Graduation,Together,77044.0,0,1,2013-10-27,12,625,38,242,50,34,76,2,7,11,11,4,1,0,0,0,0,0,3,11,0,42,1065,1,31,245,11.252144945715953,6.97166860472579,0
697,1969,Graduation,Together,74918.0,0,0,2013-03-12,78,972,59,913,25,19,59,1,5,9,6,3,0,0,1,0,0,0,3,11,0,45,2047,0,21,474,11.224162808898203,7.6246189861593985,0
3439,1972,Graduation,Married,56721.0,1,1,2012-10-31,64,157,6,39,6,13,75,5,4,1,5,6,0,0,0,0,0,0,3,11,0,42,296,2,15,606,10.945917421515245,5.6937321388027,1
1506,1975,Graduation,Single,42160.0,1,1,2013-06-28,26,48,9,45,3,15,20,4,2,1,4,6,0,0,0,0,0,0,3,11,1,39,140,2,11,366,10.649250902099034,4.948759890378168,1
232,1965,Graduation,Single,61559.0,0,1,2013-07-17,8,279,83,88,32,14,34,1,4,2,10,3,0,0,0,0,0,0,3,11,0,49,530,1,17,347,11.027767587952816,6.274762021241939,0
8876,1963,PhD,Together,33629.0,1,1,2012-08-08,49,132,0,16,0,0,4,5,3,1,4,9,0,0,0,0,0,0,3,11,0,51,152,2,13,690,10.423173804734315,5.030437921392435,1
4500,1991,PhD,Together,68682.0,0,0,2013-10-06,56,919,0,505,99,30,45,1,4,9,10,2,0,0,0,0,0,0,3,11,0,23,1598,0,24,266,11.137256994896104,7.377133712833954,0
9739,1963,Graduation,Single,34377.0,0,1,2013-01-19,55,62,0,22,3,1,26,2,2,2,2,7,0,0,0,0,0,0,3,11,0,51,114,1,8,526,10.445172103888103,4.74493212836325,1
10395,1986,Basic,Single,8940.0,1,0,2012-08-22,25,1,45,3,4,6,42,3,3,1,3,8,0,0,0,0,0,0,3,11,0,28,101,1,10,676,9.098402718735318,4.624972813284271,1
1176,1973,Graduation,Married,26228.0,1,0,2013-09-22,50,2,6,4,3,1,9,1,1,0,2,8,0,0,0,0,0,0,3,11,0,41,25,1,4,280,10.174620947849,3.258096538021482,1
1627,1957,2n Cycle,Divorced,77297.0,0,0,2013-01-26,84,408,61,109,48,122,41,1,5,7,9,4,0,0,0,1,0,0,3,11,0,57,789,0,22,519,11.255423361019579,6.672032945461067,0
938,1981,Graduation,Married,40211.0,1,1,2013-07-30,30,51,1,7,2,1,25,2,2,1,2,8,1,0,0,0,0,0,3,11,0,33,87,2,7,334,10.60192073752531,4.477336814478207,1
2740,1958,PhD,Widow,33438.0,1,1,2013-09-22,81,62,1,16,3,2,6,4,2,1,4,5,0,0,0,0,0,0,3,11,0,56,90,2,11,280,10.417478162445276,4.51085950651685,1
257,1959,PhD,Married,75032.0,0,1,2013-04-28,74,952,12,180,47,12,12,2,5,4,9,3,0,0,0,0,0,0,3,11,0,55,1215,1,20,427,11.225683295746833,7.103322062526113,0
4058,1955,PhD,Single,61284.0,0,0,2013-10-12,76,618,15,106,20,7,45,1,11,2,8,6,0,1,0,0,0,0,3,11,0,59,811,0,22,260,11.023290393775266,6.699500340161678,0
7736,1986,Graduation,Married,22518.0,1,0,2012-10-22,36,11,7,12,2,2,27,2,2,1,2,5,1,0,0,0,0,0,3,11,1,28,61,1,7,615,10.02211467629434,4.127134385045092,1
8210,1975,Master,Married,54730.0,0,1,2013-08-15,64,318,3,17,4,7,56,5,4,1,8,4,0,0,0,0,0,0,3,11,0,39,405,1,18,318,10.91018555548575,6.0063531596017325,0
833,1955,Master,Married,38452.0,1,1,2014-03-30,62,56,0,14,0,0,2,3,3,0,3,7,0,0,0,0,0,0,3,11,0,59,72,2,9,91,10.557191995297144,4.290459441148391,1
6230,1971,Graduation,Divorced,44421.0,1,1,2013-02-15,53,110,5,59,7,1,7,5,5,0,4,8,0,0,0,0,0,0,3,11,0,43,189,2,14,499,10.701490121198454,5.247024072160486,1
7325,1986,PhD,Together,38197.0,1,0,2013-06-29,86,23,0,11,2,1,3,1,1,0,3,5,0,0,0,0,0,0,3,11,0,28,40,1,5,365,10.5505384372031,3.713572066704308,1
1307,1978,Graduation,Divorced,41986.0,0,1,2014-02-09,15,27,5,8,8,3,12,3,3,0,4,4,0,0,0,0,0,0,3,11,0,36,63,1,10,140,10.6451153255436,4.1588830833596715,1
1502,1983,Graduation,Together,28427.0,1,0,2013-03-21,67,18,3,19,3,3,6,2,2,0,3,8,0,0,0,0,0,0,3,11,0,31,52,1,7,465,10.255129853946785,3.970291913552122,1
6211,1976,PhD,Together,37395.0,1,0,2014-05-02,47,18,0,9,0,1,11,1,1,0,3,6,0,0,0,0,0,0,3,11,0,38,39,1,5,58,10.529319025811207,3.6888794541139363,1
843,1971,Graduation,Married,64722.0,1,0,2014-05-26,47,303,0,280,60,147,15,4,8,2,11,6,0,0,0,0,0,0,3,11,0,43,805,1,25,34,11.07787190418095,6.692083742506628,0
4174,1956,Master,Together,55249.0,0,1,2014-04-17,81,97,1,19,2,0,11,1,2,1,4,3,0,0,0,0,0,0,3,11,0,58,130,1,8,73,10.91962361938,4.875197323201151,1
9757,1972,Graduation,Together,84906.0,0,0,2013-10-04,98,997,15,414,99,30,76,1,5,6,12,2,0,1,1,0,1,0,3,11,0,42,1631,0,24,268,11.349311818841736,7.397561535524052,0
6918,1989,Graduation,Married,28691.0,1,0,2013-07-04,56,5,4,13,8,0,4,1,1,0,3,8,0,0,0,0,0,0,3,11,0,25,34,1,5,360,10.264373617246324,3.5553480614894135,1
286,1952,Graduation,Single,44213.0,1,1,2013-11-29,48,95,11,35,0,4,7,4,2,1,5,6,0,0,0,0,0,0,3,11,0,62,152,2,12,212,10.696796759995054,5.030437921392435,1
11086,1984,Basic,Single,25707.0,1,0,2014-01-18,18,1,6,2,3,6,3,1,1,0,3,7,0,0,0,0,0,0,3,11,0,30,21,1,5,162,10.154557506491177,3.091042453358316,1
1921,1967,PhD,Married,59062.0,2,1,2013-10-03,74,46,1,12,3,0,9,2,2,0,3,4,0,0,0,0,0,0,3,11,0,47,71,3,7,269,10.986359949808731,4.276666119016055,1
4138,1962,Graduation,Single,76624.0,0,1,2014-05-24,68,411,106,147,54,115,66,1,5,10,7,1,1,0,0,0,0,0,3,11,0,52,899,1,23,36,11.246678673238513,6.802394763324311,0
7718,1947,Master,Together,66000.0,0,0,2014-04-20,36,244,51,270,101,0,45,1,1,3,5,1,0,0,0,0,0,0,3,11,0,67,711,0,10,70,11.097425172408931,6.568077911411976,0
1291,1978,PhD,Together,27683.0,1,0,2012-08-04,90,152,9,121,12,12,45,4,6,2,4,8,0,0,0,0,0,0,3,11,0,36,351,1,16,694,10.228609907961754,5.863631175598097,1
6862,1971,Graduation,Divorced,1730.0,0,0,2014-05-18,65,1,1,3,1,1,1,15,0,0,0,20,0,0,0,0,0,0,3,11,0,43,8,0,15,42,7.456454555176209,2.1972245773362196,1
4136,1992,Basic,Single,7500.0,1,0,2012-12-03,63,10,17,18,8,26,40,4,3,2,2,9,0,0,0,0,0,0,3,11,0,22,119,1,11,573,8.922791623969637,4.787491742782046,1
803,1968,Graduation,Together,40521.0,1,1,2013-04-05,82,12,0,5,0,0,4,1,0,1,2,5,0,0,0,0,0,0,3,11,0,46,21,2,4,450,10.609600315486096,3.091042453358316,1
4298,1973,PhD,Together,20427.0,1,0,2014-03-24,63,5,0,4,0,0,1,1,1,0,2,8,0,0,0,0,0,0,3,11,0,41,10,1,4,97,9.924661787767535,2.3978952727983707,1
10833,1975,Graduation,Married,65106.0,0,1,2014-05-24,55,790,19,133,12,0,19,3,8,3,13,6,0,1,0,0,0,0,3,11,0,39,973,1,27,36,11.083787349297781,6.881411303642535,0
9606,1965,PhD,Married,69969.0,0,0,2013-08-27,64,882,29,514,38,29,44,1,4,2,6,3,0,0,1,1,0,0,3,11,1,49,1536,0,13,306,11.155821857739943,7.337587743538596,0
8534,1952,Graduation,Married,67433.0,0,2,2013-07-16,51,615,28,259,12,48,30,4,6,5,13,4,0,1,0,0,0,0,3,11,0,62,992,2,28,348,11.118904620746322,6.900730664045173,0
5153,1967,PhD,Married,77766.0,0,1,2013-02-22,97,1004,59,265,115,59,27,2,11,10,11,6,1,0,0,0,0,0,3,11,1,47,1529,1,34,492,11.261472455658843,7.333023014386481,0
961,1972,Graduation,Married,74716.0,0,1,2013-09-12,92,133,27,421,13,195,71,2,7,3,5,4,0,0,0,0,0,0,3,11,0,42,860,1,17,290,11.221462922203763,6.7580945044277305,0
5011,1963,Graduation,Divorced,68118.0,0,1,2013-10-18,51,595,23,123,10,23,154,2,8,9,4,6,0,0,0,0,0,0,3,11,0,51,928,1,23,254,11.12901145469236,6.834108738813838,0
6653,1970,PhD,Married,55158.0,1,1,2012-07-30,72,293,0,87,4,11,23,4,7,2,5,7,0,0,0,0,0,0,3,11,1,44,418,2,18,699,10.917975202663861,6.037870919922137,1
9094,1955,2n Cycle,Married,62972.0,0,1,2012-08-03,39,313,15,47,20,0,192,2,7,4,3,6,0,0,0,0,0,0,3,11,1,59,587,1,16,695,11.050461342082116,6.376726947898627,0
810,1975,Graduation,Married,74190.0,0,1,2014-05-12,49,151,81,86,168,91,64,2,4,2,11,2,0,0,0,0,0,0,3,11,0,39,641,1,19,48,11.214398127998244,6.464588303689961,0
5493,1976,Graduation,Married,39356.0,1,1,2014-03-19,21,15,0,2,0,0,6,1,1,0,2,6,1,0,0,0,0,0,3,11,0,38,23,2,4,102,10.58042912874914,3.1780538303479458,1
2147,1969,Graduation,Together,76653.0,0,0,2013-08-16,91,736,63,946,219,189,126,1,4,7,11,2,0,0,1,1,0,0,3,11,0,45,2279,0,23,317,11.247057068196021,7.731930721948486,0
5107,1973,PhD,Divorced,35860.0,1,1,2014-05-19,37,15,0,8,4,2,20,2,1,1,2,5,1,0,0,0,0,0,3,11,0,41,49,2,6,41,10.487405632994516,3.912023005428146,1
3979,1983,PhD,Divorced,90687.0,0,0,2013-05-22,98,982,17,672,23,34,51,1,6,2,8,2,0,0,1,0,0,0,3,11,1,31,1779,0,17,403,11.415180323050352,7.484368643286131,0
6049,1982,Master,Together,73450.0,0,0,2013-12-05,85,1142,51,415,90,69,37,1,7,8,11,3,1,0,0,1,0,0,3,11,0,32,1804,0,27,206,11.204373796213224,7.498315870766981,0
8147,1960,Graduation,Married,31454.0,1,1,2013-07-06,40,28,0,11,0,0,9,3,2,0,3,8,0,0,0,0,0,0,3,11,0,54,48,2,8,358,10.35631323200413,3.8918202981106265,1
1857,1952,Graduation,Single,47139.0,1,1,2014-03-06,2,46,0,12,0,2,23,2,2,1,2,7,0,0,0,0,0,0,3,11,1,62,83,2,7,115,10.760877176490123,4.430816798843313,1
3910,1975,Graduation,Divorced,83829.0,0,0,2013-10-08,78,897,161,430,186,161,27,0,4,7,6,1,1,0,1,1,0,0,3,11,1,39,1862,0,17,264,11.336546217631904,7.529943370601589,0
5207,1963,PhD,Married,53378.0,1,1,2012-09-24,41,489,6,152,8,6,132,10,9,4,6,8,0,0,0,0,0,0,3,11,1,51,793,2,29,643,10.885172689174945,6.677083461247136,0
11114,1970,Graduation,Together,19656.0,1,0,2013-02-08,94,25,4,9,6,8,32,3,2,1,3,7,0,0,0,0,0,0,3,11,0,44,84,1,9,506,9.8861887879578,4.442651256490317,1
5429,1948,PhD,Married,45579.0,0,1,2013-08-20,10,145,1,33,2,1,1,1,4,1,4,6,0,0,0,0,0,0,3,11,0,66,183,1,10,313,10.727224302799675,5.214935757608986,1
9400,1958,2n Cycle,Single,85485.0,0,0,2014-06-21,73,630,26,611,44,18,54,1,6,6,6,2,0,0,0,0,0,0,3,11,0,56,1383,0,19,8,11.356107898827496,7.232733136177615,0
1740,1944,Graduation,Married,55956.0,0,0,2014-04-07,22,760,38,104,50,9,38,2,7,3,4,4,0,1,0,0,0,0,3,11,0,70,999,0,16,83,10.932338817621135,6.907755278982137,0
7488,1963,Master,Single,64191.0,0,1,2013-01-22,30,420,15,186,151,38,15,3,5,3,13,3,0,0,0,0,0,0,3,11,0,51,825,1,24,523,11.069633871321608,6.716594773520978,0
195,1972,Graduation,Single,38808.0,1,0,2012-08-26,21,125,17,52,3,19,30,4,5,1,4,8,1,0,0,0,0,0,3,11,1,42,246,1,14,672,10.566407457475977,5.5093883366279774,1
635,1966,Master,Married,57183.0,1,1,2013-03-19,51,464,5,64,7,0,70,8,9,1,7,8,0,0,0,0,0,0,3,11,0,48,610,2,25,467,10.954029417959154,6.415096959171596,0
7527,1968,Master,Divorced,23748.0,1,0,2012-11-21,97,6,6,29,12,15,8,3,2,1,3,8,0,0,0,0,0,0,3,11,0,46,76,1,9,585,10.075295703313177,4.343805421853684,1
10319,1971,Graduation,Married,66303.0,0,1,2013-02-26,56,1090,12,96,16,12,60,4,3,4,11,8,0,1,0,0,0,0,3,11,0,43,1286,1,22,488,11.1020055061791,7.160069207596127,0
2296,1975,Master,Married,37368.0,1,0,2013-12-16,4,3,2,11,2,2,10,1,1,0,2,6,1,0,0,0,0,0,3,11,0,39,30,1,4,195,10.528596762688789,3.4339872044851463,1
10637,1964,Graduation,Married,40800.0,1,2,2013-01-01,77,24,0,27,8,30,10,2,3,0,3,7,0,0,0,0,0,1,3,11,0,50,99,3,8,544,10.616461869895815,4.605170185988092,1
2931,1978,Graduation,Divorced,71847.0,0,0,2012-09-21,95,737,21,106,55,63,210,0,6,7,9,3,0,0,0,1,0,0,3,11,0,36,1192,0,22,646,11.182308055350786,7.084226422097916,0
907,1975,Graduation,Married,46149.0,0,1,2013-11-29,36,254,6,71,4,0,27,5,5,1,7,5,0,0,0,0,0,0,3,11,0,39,362,1,18,212,10.739652239930999,5.8944028342648505,0
3698,1983,Graduation,Together,78687.0,0,0,2012-08-09,13,817,185,687,145,55,241,1,4,6,8,2,0,0,1,0,0,0,3,11,1,31,2130,0,19,689,11.273245945015919,7.664346632098617,0
9516,1971,2n Cycle,Divorced,49118.0,0,0,2012-08-18,90,620,54,239,99,98,119,2,9,7,10,7,0,1,0,0,1,0,3,11,1,43,1229,0,28,680,10.802001204307603,7.114769448366463,0
679,1957,PhD,Married,37633.0,1,1,2012-09-20,49,13,4,20,0,0,1,2,1,0,3,9,0,0,0,0,0,0,3,11,0,57,38,2,6,647,10.53566317610459,3.6635616461296463,1
7384,1951,Master,Together,39767.0,0,0,2013-07-21,18,113,61,204,34,26,47,2,7,1,7,8,0,0,0,0,0,0,3,11,0,63,485,0,17,343,10.590817847774508,6.186208623900494,0
5043,1951,Basic,Married,26997.0,0,0,2012-11-05,89,7,23,78,133,49,144,2,4,2,5,7,0,0,0,0,0,0,3,11,0,63,434,0,13,601,10.203518068168773,6.075346031088684,0
5267,1970,Graduation,Divorced,33986.0,1,0,2013-03-14,43,16,2,18,2,1,5,1,1,0,3,7,0,0,0,0,0,0,3,11,0,44,44,1,5,472,10.433733377541598,3.8066624897703196,1
339,1972,PhD,Married,57091.0,0,1,2012-11-23,82,462,0,24,6,0,4,2,9,2,5,7,0,1,0,0,0,0,3,11,1,42,496,1,18,583,10.952419280749659,6.208590026096629,0
2516,1969,2n Cycle,Married,46831.0,1,1,2013-06-08,84,22,2,10,6,4,34,2,1,2,2,4,0,0,0,0,0,0,3,11,0,45,78,2,7,386,10.754322008931666,4.3694478524670215,1
9010,1972,Master,Married,83151.0,0,0,2013-02-10,80,968,147,842,137,42,210,1,5,7,10,2,1,0,1,1,0,0,3,11,1,42,2346,0,23,504,11.328425537248224,7.760893195851024,0
378,1971,Graduation,Married,52531.0,0,0,2012-12-30,68,283,112,151,51,72,125,2,7,2,10,6,0,0,0,0,0,0,3,11,0,43,794,0,21,546,10.86917778670505,6.678342114654332,0
4808,1956,Graduation,Married,15759.0,0,0,2013-09-05,12,1,2,5,6,0,3,1,1,0,2,7,0,0,0,0,0,0,3,11,0,58,17,0,4,297,9.66523036341187,2.8903717578961645,1
5068,1971,Graduation,Single,22804.0,1,0,2013-07-31,75,14,1,7,2,1,1,1,2,0,2,9,0,0,0,0,0,0,3,11,0,43,26,1,5,333,10.034735089145801,3.295836866004329,1
7628,1973,2n Cycle,Married,43050.0,1,0,2014-03-18,10,30,5,24,6,3,8,2,2,0,4,5,0,0,0,0,0,0,3,11,0,41,76,1,8,103,10.67014073838981,4.343805421853684,1
7128,1977,PhD,Single,42997.0,1,1,2013-12-07,91,4,0,5,0,1,5,1,1,0,2,7,0,0,0,0,0,0,3,11,0,37,15,2,4,204,10.668908881966093,2.772588722239781,1
2811,1963,PhD,Single,48918.0,1,1,2014-04-12,21,52,0,9,0,0,1,2,1,0,4,4,0,0,0,0,0,0,3,11,0,51,62,2,7,78,10.797921148054973,4.143134726391533,1
3551,1954,Master,Together,60033.0,0,1,2014-03-29,28,62,1,57,19,11,48,2,2,1,5,2,0,0,0,0,0,0,3,11,0,60,198,1,10,92,11.002666347375978,5.293304824724492,0
1663,1978,PhD,Together,34043.0,1,0,2013-10-25,97,20,2,14,3,0,10,1,2,0,2,9,0,0,0,0,0,0,3,11,0,36,49,1,5,247,10.435409084596852,3.912023005428146,1
5543,1966,Graduation,Together,57811.0,0,1,2013-06-24,49,545,7,114,37,21,78,5,7,2,11,5,0,1,0,0,0,0,3,11,0,48,802,1,25,370,10.964951645568732,6.688354713946762,0
1577,1946,Graduation,Married,78569.0,0,0,2014-02-19,14,558,79,622,207,175,95,1,4,6,4,1,0,0,1,0,0,0,3,11,1,68,1736,0,15,130,11.271745226169868,7.459914766241105,0
10641,1978,Graduation,Single,7500.0,1,1,2012-12-27,5,6,5,4,13,4,25,4,2,1,3,6,0,0,0,0,0,0,3,11,0,36,57,2,10,549,8.922791623969637,4.060443010546419,1
5336,1971,Master,Together,157733.0,1,0,2013-06-04,37,39,1,9,2,0,8,0,1,0,1,1,0,0,0,0,0,0,3,11,0,43,59,1,2,390,11.968665348952015,4.0943445622221,0
6024,1953,Graduation,Together,94384.0,0,0,2013-03-04,62,1111,24,790,160,45,172,0,5,8,5,2,0,1,1,1,0,0,3,11,1,61,2302,0,18,482,11.455137441202835,7.741967899820685,0
1878,1985,2n Cycle,Married,23148.0,0,0,2014-02-18,83,4,6,8,6,3,10,1,2,0,3,7,0,0,0,0,0,0,3,11,0,29,37,0,6,131,10.049706862037105,3.6375861597263857,1
3099,1970,Graduation,Divorced,44267.0,1,1,2013-02-25,48,183,5,65,3,5,49,5,5,2,4,9,0,0,0,0,0,0,3,11,0,44,310,2,16,489,10.698017347384676,5.739792912179234,1
6055,1979,Graduation,Married,71626.0,0,0,2012-11-01,94,546,72,376,94,145,72,1,5,5,8,3,0,1,0,0,0,0,3,11,0,35,1305,0,19,605,11.179227376838364,7.174724309836376,0
5841,1966,Graduation,Together,60894.0,0,1,2013-06-28,61,606,7,155,10,0,54,5,10,3,8,7,0,0,0,0,0,0,3,11,0,48,832,1,26,366,11.01690634852121,6.725033642166843,0
3972,1976,Graduation,Together,50200.0,1,1,2013-04-03,70,266,6,51,8,6,64,6,7,1,5,8,0,0,0,0,0,0,3,11,0,38,401,2,19,452,10.823790225800138,5.996452088619021,1
4394,1965,PhD,Married,81051.0,0,0,2014-05-23,43,1142,29,249,38,29,14,1,5,5,12,2,0,1,1,0,0,0,3,11,0,49,1501,0,23,37,11.30284620298522,7.31455283232408,0
5758,1982,Graduation,Married,65169.0,0,0,2014-01-14,23,1074,0,69,0,0,46,1,10,4,13,6,1,0,1,1,1,0,3,11,1,32,1189,0,28,166,11.084754519326426,7.0817085861055755,0
6658,1972,Graduation,Together,59868.0,0,1,2013-07-22,37,771,51,154,54,10,154,7,11,2,12,6,0,0,0,0,0,0,3,11,0,42,1194,1,32,342,10.999914120923716,7.085901464365611,0
4603,1960,PhD,Married,65695.0,0,1,2014-01-31,50,371,32,189,0,58,6,2,5,4,10,4,0,0,0,0,0,0,3,11,0,54,656,1,21,149,11.09279331981866,6.487684018484611,0
8427,1956,Master,Single,64857.0,0,0,2012-11-23,78,556,14,717,210,0,43,1,7,5,10,4,0,0,0,0,0,0,3,11,0,58,1540,0,23,583,11.079955543739874,7.340186835320115,0
10260,1965,Master,Together,45143.0,0,1,2013-08-26,74,202,5,74,11,5,14,3,6,1,5,7,0,0,0,0,0,0,3,11,0,49,311,1,15,307,10.717612659648976,5.7430031878094825,0
7143,1955,2n Cycle,Together,74805.0,0,1,2013-11-06,14,209,162,209,41,162,37,5,4,7,10,2,0,0,0,0,0,0,3,11,0,59,820,1,26,235,11.222653374649349,6.710523109452428,0
8789,1989,2n Cycle,Married,59060.0,1,0,2014-01-11,77,35,40,111,36,40,12,3,3,1,7,4,0,0,0,0,0,0,3,11,0,25,274,1,14,169,10.986326087088196,5.616771097666572,0
6197,1962,PhD,Single,27238.0,1,1,2013-04-20,39,37,0,17,0,0,3,3,3,0,3,9,0,0,0,0,0,0,3,11,0,52,57,2,9,435,10.212405048870064,4.060443010546419,1
4554,1965,Graduation,Together,47009.0,0,1,2013-10-01,89,171,45,73,59,10,90,4,3,2,8,4,0,0,0,0,0,0,3,11,0,49,448,1,17,271,10.758115624018176,6.1070228877422545,0
4937,1973,2n Cycle,Married,46094.0,1,1,2014-06-10,62,12,2,20,3,2,5,1,1,0,3,7,0,0,0,0,0,0,3,11,0,41,44,2,5,19,10.738459763232695,3.8066624897703196,1
1920,1972,Graduation,Married,40321.0,1,1,2013-07-29,59,44,4,21,6,0,27,2,3,0,3,7,0,0,0,0,0,0,3,11,0,42,102,2,8,335,10.604652504689657,4.634728988229636,1
8749,1984,Graduation,Together,37235.0,1,0,2014-02-01,68,20,2,9,4,6,20,1,1,1,2,4,0,0,0,0,0,0,3,11,0,30,61,1,5,148,10.525031314236381,4.127134385045092,1
1650,1960,Master,Married,81843.0,0,0,2013-04-22,13,779,86,537,34,69,138,1,5,9,12,3,0,0,0,0,0,0,3,11,0,54,1643,0,27,433,11.31257027528645,7.404887575616125,0
10377,1958,Master,Together,46692.0,0,1,2013-06-06,37,170,6,97,24,12,88,3,6,1,5,6,0,0,0,0,0,0,3,11,0,56,397,1,15,388,10.7513495394883,5.986452005284438,0
9206,1968,Graduation,Together,77382.0,0,1,2014-01-07,36,491,48,231,112,105,134,2,5,7,12,1,0,0,1,0,0,0,3,11,0,46,1121,1,26,173,11.256522397210913,7.022868086082641,0
10971,1977,Graduation,Single,37774.0,2,0,2012-09-03,28,173,8,107,7,2,176,4,7,2,3,9,1,0,0,0,0,1,3,11,1,37,473,2,16,664,10.53940278714094,6.161207321695077,1
6398,1974,Basic,Married,18393.0,1,0,2014-03-29,2,7,10,13,16,0,4,2,3,0,3,8,0,0,0,0,0,0,3,11,0,40,50,1,8,92,9.819779803462643,3.9318256327243257,1
9212,1962,Master,Married,72828.0,0,1,2013-02-14,17,1205,0,235,19,14,205,6,6,3,13,7,0,0,0,0,0,0,3,11,0,52,1678,1,28,500,11.195869506512176,7.425953657077541,0
7937,1982,Graduation,Married,24711.0,0,0,2014-04-18,86,10,7,25,6,3,7,1,3,0,3,7,0,0,0,0,0,0,3,11,0,32,58,0,7,72,10.115044234598418,4.07753744390572,1
839,1975,PhD,Married,45503.0,1,0,2013-09-25,54,97,4,44,6,1,18,1,3,1,4,5,0,0,0,0,0,0,3,11,0,39,170,1,9,277,10.725555513162913,5.14166355650266,1
4246,1982,Master,Single,6560.0,0,0,2013-12-12,2,67,11,26,4,3,262,0,1,0,1,17,0,0,0,0,0,0,3,11,0,32,373,0,2,199,8.788898309344878,5.924255797414532,1
158,1945,PhD,Together,71604.0,0,0,2013-11-17,3,345,53,528,98,75,97,1,8,3,5,4,1,0,0,0,0,0,3,11,1,69,1196,0,17,224,11.178920182912803,7.087573705557973,0
4832,1979,Graduation,Married,27244.0,1,0,2014-03-07,84,6,5,17,3,24,46,2,2,2,2,7,0,0,0,0,0,0,3,11,0,35,101,1,8,114,10.2126252970172,4.624972813284271,1
5621,1969,Graduation,Married,48752.0,1,1,2012-12-12,8,73,57,100,71,15,0,5,6,1,5,9,0,0,0,0,0,0,3,11,1,45,316,2,17,564,10.794522012994118,5.75890177387728,1
1945,1962,Graduation,Married,71434.0,0,1,2013-09-18,4,711,36,217,172,96,168,3,7,4,7,4,0,1,0,1,0,0,3,11,0,52,1400,1,21,284,11.176543224299259,7.244941546337007,0
5147,1948,Graduation,Single,90842.0,0,0,2013-07-29,57,774,70,118,182,187,93,1,4,9,13,1,0,0,0,0,0,0,3,11,0,66,1424,0,27,335,11.416888020773253,7.261927092702751,0
2535,1978,Master,Married,88097.0,1,0,2012-08-18,24,163,0,480,0,126,75,1,6,5,8,9,0,1,1,1,0,0,3,11,1,36,844,1,20,680,11.386205110190993,6.739336627357174,0
11039,1975,Graduation,Married,51948.0,0,1,2013-09-17,51,82,33,54,71,30,41,2,5,2,4,5,0,0,0,0,0,0,3,11,0,39,311,1,13,285,10.858017747063952,5.7430031878094825,0
9495,1982,Graduation,Together,71853.0,0,0,2013-05-08,29,358,108,413,141,97,32,1,2,8,6,1,0,0,0,0,0,0,3,11,0,32,1149,0,17,417,11.182391561495495,7.047517221357296,0
9635,1983,Master,Married,35876.0,0,0,2014-04-20,13,66,2,40,4,3,14,1,3,1,3,6,0,0,0,0,0,0,3,11,0,31,129,0,8,70,10.487851700636917,4.867534450455582,1
2173,1952,Graduation,Widow,40049.0,0,1,2013-10-16,23,13,6,7,0,3,3,1,1,0,3,6,0,0,0,0,0,0,3,11,0,62,32,1,5,256,10.597883952496506,3.4965075614664802,1
942,1982,Graduation,Single,39660.0,1,0,2012-08-08,36,139,13,78,20,13,36,3,7,1,3,9,0,0,0,0,0,0,3,11,1,32,299,1,14,690,10.588123616077645,5.703782474656201,1
9386,1962,Graduation,Together,50127.0,0,1,2014-05-29,88,274,0,21,4,6,15,1,5,1,6,6,0,1,0,0,0,0,3,11,0,52,320,1,13,31,10.822335013191973,5.771441123130016,0
5510,1977,Master,Married,43263.0,0,1,2012-11-21,2,262,6,61,0,10,102,3,5,2,6,5,0,0,0,0,0,0,3,11,0,37,441,1,16,585,10.675076159402636,6.091309882077698,0
873,1949,Master,Married,62845.0,1,1,2012-10-01,3,1099,0,45,0,0,34,11,3,4,10,8,0,1,0,0,0,0,3,11,1,65,1178,2,28,636,11.04844256839719,7.072421900537371,0
2253,1990,Graduation,Married,18929.0,0,0,2013-02-16,15,32,0,8,23,4,18,1,1,0,4,6,0,0,0,0,0,0,3,11,0,24,85,0,6,498,9.848503244203368,4.454347296253507,1
5181,1982,Basic,Single,24367.0,1,0,2013-03-20,58,2,4,2,0,11,5,1,1,0,2,9,0,0,0,0,0,0,3,11,0,32,24,1,4,466,10.101026075134943,3.2188758248682006,1
979,1975,Graduation,Single,33249.0,1,0,2013-02-20,11,6,10,21,19,14,42,2,2,1,3,6,0,0,0,0,0,0,3,11,0,39,112,1,8,494,10.411810046084,4.727387818712341,1
10390,1959,2n Cycle,Married,26887.0,0,1,2013-02-10,27,6,7,4,3,4,6,1,1,0,3,6,0,0,0,0,0,0,3,11,0,55,30,1,5,504,10.199435369404942,3.4339872044851463,1
4698,1983,PhD,Married,50150.0,0,0,2013-06-20,32,135,46,92,65,61,11,2,5,2,7,5,0,0,0,0,0,0,3,11,0,31,410,0,16,374,10.822793733370741,6.018593214496234,0
7793,1976,Graduation,Together,62061.0,0,1,2013-08-31,12,641,7,84,0,30,38,3,10,4,7,6,0,1,0,0,0,0,3,11,0,38,800,1,24,302,11.035889164360313,6.68586094706836,0
1745,1962,PhD,Divorced,85696.0,0,0,2013-05-03,88,714,76,395,116,0,12,1,4,6,9,1,0,0,0,0,0,0,3,11,1,52,1313,0,20,422,11.358573098138846,7.1808311990445555,0
10590,1956,PhD,Together,76542.0,0,0,2013-03-30,91,794,73,573,0,29,14,1,4,8,10,2,0,0,0,0,0,0,3,11,0,58,1483,0,23,456,11.245607953403638,7.302496423727326,0
5080,1993,Graduation,Single,70515.0,0,0,2013-10-21,12,420,0,452,182,64,140,1,6,6,4,2,0,0,0,0,0,0,3,11,1,21,1258,0,17,251,11.163594913405634,7.138073034044347,0
8369,1987,Graduation,Together,18227.0,1,0,2012-11-08,21,1,2,7,4,3,11,1,0,1,2,8,0,0,0,0,0,0,3,11,0,27,28,1,4,598,9.810714152383774,3.367295829986474,1
5232,1965,Graduation,Married,69139.0,0,1,2014-01-27,23,86,12,75,33,15,6,1,4,1,5,4,0,0,0,0,0,0,3,11,0,49,227,1,11,153,11.143888713475615,5.429345628954441,0
2407,1982,Graduation,Married,69109.0,0,0,2012-11-09,10,823,25,459,124,29,95,1,6,6,7,4,0,0,1,0,0,0,3,11,1,32,1555,0,20,597,11.14345471708544,7.349873704738337,0
3834,1962,Graduation,Single,69627.0,0,1,2013-03-17,35,231,161,215,171,30,53,2,8,2,11,5,0,0,0,0,0,0,3,11,0,52,861,1,23,469,11.1509220642726,6.759255270663693,0
7912,1978,Graduation,Married,38136.0,1,0,2013-04-22,69,8,15,27,0,20,33,2,3,1,2,8,1,0,0,0,0,0,3,11,0,36,103,1,8,433,10.548940218483393,4.6443908991413725,1
7712,1946,PhD,Single,62159.0,0,0,2014-04-28,68,182,17,259,77,70,29,1,6,2,10,4,0,0,0,0,0,0,3,11,0,68,634,0,19,62,11.03746698504153,6.453624998892692,0
1065,1963,Graduation,Single,80695.0,0,0,2013-12-29,85,557,129,984,193,37,18,1,5,8,5,2,0,0,0,0,0,0,3,11,0,51,1918,0,19,182,11.298444286734671,7.5595594960077,0
7275,1971,Master,Single,33316.0,1,1,2013-10-04,34,79,1,31,4,4,12,3,2,1,4,6,0,0,0,0,0,0,3,11,0,43,131,2,10,268,10.413823056212888,4.882801922586371,1
1343,1968,Graduation,Together,58554.0,1,1,2012-09-26,55,368,24,68,38,0,88,6,8,2,6,7,0,0,0,0,0,0,3,11,0,46,586,2,22,641,10.977721762476238,6.375024819828097,0
1384,1992,Basic,Married,17256.0,1,0,2013-11-23,10,6,4,14,8,8,22,2,2,1,2,8,1,0,0,0,0,0,3,11,0,22,62,1,7,218,9.75597313724758,4.143134726391533,1
9967,1974,Graduation,Divorced,53034.0,1,1,2013-05-30,30,160,15,196,15,11,50,8,6,1,7,8,0,0,0,0,0,0,3,11,0,40,447,2,22,395,10.878707351939571,6.104793232414985,1
6181,1950,2n Cycle,Together,52203.0,0,0,2012-07-31,36,488,21,238,56,108,28,1,8,7,11,6,0,0,0,0,0,0,3,11,0,64,939,0,27,698,10.862914399287419,6.84587987526405,0
10507,1977,2n Cycle,Divorced,59601.0,0,1,2013-07-25,14,691,7,69,0,7,23,4,2,2,7,8,0,1,0,0,0,0,3,11,0,37,797,1,15,339,10.995444409537395,6.682108597449809,0
2674,1958,Master,Single,75154.0,0,1,2012-09-04,79,543,10,205,160,143,82,1,6,3,6,3,0,0,0,0,0,0,3,11,1,56,1143,1,16,663,11.227307926567326,7.042286171939743,0
2698,1976,Graduation,Single,47025.0,0,1,2013-11-07,52,254,7,108,20,0,26,3,6,3,5,6,0,0,0,0,0,0,3,11,0,38,415,1,17,234,10.75845591922755,6.030685260261263,0
3231,1973,Graduation,Married,37971.0,1,0,2013-11-25,97,5,4,10,2,2,7,1,1,0,3,8,0,0,0,0,0,0,3,11,0,41,30,1,5,216,10.54460432500169,3.4339872044851463,1
4096,1968,Master,Divorced,41335.0,1,0,2013-12-26,24,112,19,21,16,14,5,3,4,1,4,7,0,0,0,0,0,0,3,11,0,46,187,1,12,185,10.62948906996702,5.236441962829949,1
10476,1958,Graduation,Married,67267.0,0,1,2014-05-13,0,134,11,59,15,2,30,1,3,2,5,2,0,0,0,0,0,0,3,11,0,56,251,1,11,47,11.11643991964264,5.529429087511423,0
5948,1975,Graduation,Single,57338.0,0,1,2014-04-29,96,143,6,52,11,8,17,2,4,1,5,5,0,0,0,0,0,0,3,11,0,39,237,1,12,61,10.956736299452707,5.472270673671475,0
9140,1960,2n Cycle,Together,50523.0,1,1,2013-12-25,89,51,4,24,4,7,1,2,2,0,4,6,0,0,0,0,0,0,3,11,0,54,91,2,8,186,10.830203749893865,4.5217885770490405,1
10258,1965,Master,Single,35791.0,2,1,2013-05-06,94,27,0,5,0,0,3,2,1,0,3,8,0,0,0,0,0,0,3,11,0,49,35,3,6,419,10.485479683729912,3.58351893845611,1
5675,1960,PhD,Divorced,50611.0,0,1,2012-10-04,98,459,0,24,6,0,4,6,4,5,7,6,0,1,0,0,0,0,3,11,0,54,493,1,22,633,10.831943981309154,6.202535517187923,0
4743,1969,PhD,Married,56242.0,0,1,2013-03-03,72,689,8,167,11,8,88,5,8,4,11,6,0,0,0,0,0,0,3,11,0,45,971,1,28,483,10.93743686787837,6.879355804460439,0
8805,1960,Graduation,Single,48904.0,0,1,2012-12-02,1,283,10,38,0,13,27,4,7,2,4,8,0,0,0,0,0,0,3,11,0,54,371,1,17,574,10.797634919724594,5.918893854273146,0
1542,1975,Graduation,Single,56243.0,1,2,2013-12-30,26,347,0,35,4,3,7,6,4,2,8,5,0,0,0,0,0,0,3,11,0,39,396,3,20,181,10.937454647710707,5.983936280687191,1
6770,1985,Graduation,Married,21355.0,1,0,2013-08-20,5,5,13,14,0,5,31,2,2,1,2,6,1,0,0,0,0,0,3,11,1,29,68,1,7,313,9.969088009620076,4.23410650459726,1
8773,1971,Master,Together,57420.0,0,1,2013-06-25,22,280,0,18,0,0,24,3,5,1,6,7,0,1,0,0,0,0,3,11,0,43,322,1,15,369,10.958165369058063,5.777652323222656,0
10475,1970,Master,Together,51381.5,0,1,2013-04-01,39,187,5,65,26,20,14,2,4,2,6,5,0,0,0,0,0,0,3,11,0,44,317,1,14,454,10.847052926545164,5.762051382780177,0
10420,1955,Master,Divorced,46390.0,0,1,2014-05-05,56,95,14,64,2,9,38,1,4,2,3,7,0,0,0,0,0,0,3,11,0,59,222,1,10,55,10.744860753883362,5.407171771460119,1
7514,1956,2n Cycle,Together,54342.0,1,1,2013-07-03,74,84,10,34,11,10,28,4,3,1,4,6,0,0,0,0,0,0,3,11,0,58,177,2,12,361,10.903071089406382,5.181783550292085,1
2902,1958,Graduation,Together,51381.5,1,1,2012-09-03,87,19,4,12,2,2,6,1,1,0,3,5,0,0,0,0,0,0,3,11,0,56,45,2,5,664,10.847052926545164,3.828641396489095,1
4345,1964,2n Cycle,Single,51381.5,1,1,2014-01-12,49,5,1,9,2,0,4,1,1,0,2,7,0,0,0,0,0,0,3,11,0,50,21,2,4,168,10.847052926545164,3.091042453358316,1
793,1973,Graduation,Married,20895.0,1,0,2012-10-06,24,18,3,17,3,0,4,1,2,0,3,9,0,0,0,0,0,0,3,11,0,41,45,1,6,631,9.947313032076158,3.828641396489095,1
10909,1948,Graduation,Married,92344.0,0,0,2014-01-15,9,992,24,694,51,19,119,0,5,10,5,1,1,0,1,0,0,0,3,11,0,66,1899,0,20,165,11.433286842310011,7.549609165154532,0
3769,1972,PhD,Together,51381.5,1,0,2014-03-02,17,25,1,13,0,0,3,1,1,0,3,7,0,0,0,0,0,0,3,11,0,42,42,1,5,119,10.847052926545164,3.7612001156935624,1
8702,1976,2n Cycle,Together,26907.0,1,1,2013-08-20,10,9,1,7,0,3,2,2,1,0,3,7,0,0,0,0,0,0,3,11,0,38,22,2,6,313,10.200178919145497,3.1354942159291497,1
4791,1980,Graduation,Together,44964.0,1,1,2012-12-16,35,19,1,17,2,0,2,1,1,0,3,8,0,0,0,0,0,0,3,11,0,34,41,2,5,560,10.713639688348616,3.7376696182833684,1
2963,1979,Graduation,Together,75507.0,0,0,2014-05-02,56,709,93,374,104,80,80,1,8,6,6,3,0,0,0,0,0,0,3,11,0,35,1440,0,21,58,11.231993889888624,7.273092595999522,0
8216,1972,Master,Married,53761.0,1,1,2013-10-11,7,158,0,76,13,7,71,6,4,4,3,5,0,0,0,0,0,0,3,11,0,42,325,2,17,261,10.892322176885992,5.786897381366708,1
8140,1973,Graduation,Together,22682.0,1,0,2013-10-03,51,10,14,29,4,2,36,3,2,1,4,4,0,0,0,0,0,0,3,11,0,41,95,1,10,269,10.02937102422638,4.564348191467836,1
10146,1972,PhD,Together,38887.0,1,0,2014-03-02,17,25,1,13,0,0,3,1,1,0,3,7,0,0,0,0,0,0,3,11,0,42,42,1,5,119,10.568440998725292,3.7612001156935624,1
5289,1975,2n Cycle,Single,41658.0,1,1,2012-11-09,30,8,4,12,15,4,29,2,1,1,2,4,0,0,0,0,0,0,3,11,0,39,72,2,6,597,10.637272710686252,4.290459441148391,1
2587,1972,PhD,Married,29791.0,1,0,2014-05-15,21,14,0,6,0,0,0,2,2,0,3,5,0,0,0,0,0,0,3,11,0,42,20,1,7,45,10.301995180076794,3.044522437723423,1
4405,1956,Master,Married,63915.0,0,2,2013-07-30,2,622,7,115,30,0,15,2,6,3,12,5,0,0,0,0,0,0,3,11,0,58,789,2,23,334,11.065325000259278,6.672032945461067,0
8663,1974,Graduation,Divorced,39996.0,1,1,2014-05-22,85,11,0,3,0,0,1,1,1,0,2,6,0,0,0,0,0,0,3,11,0,40,15,2,4,38,10.596559730283433,2.772588722239781,1
2589,1972,Graduation,Divorced,26759.0,1,0,2014-02-07,65,25,3,16,8,5,2,2,2,1,3,6,0,0,0,0,0,0,3,11,0,42,59,1,8,142,10.194663514242166,4.0943445622221,1
3421,1968,Master,Divorced,63841.0,0,1,2013-04-21,64,635,15,100,20,7,131,1,9,3,9,6,0,0,0,0,0,0,3,11,0,46,908,1,22,434,11.06416655995377,6.812345094177479,0
10490,1969,PhD,Married,51039.0,1,1,2012-12-10,11,100,64,79,65,0,109,2,6,2,4,7,0,0,0,0,0,0,3,11,0,45,417,2,14,566,10.840364918018672,6.035481432524756,1
4094,1961,Graduation,Married,60544.0,1,1,2012-08-25,92,201,2,43,3,5,35,4,5,1,5,6,0,0,0,0,0,0,3,11,0,53,289,2,15,673,11.011142169188467,5.66988092298052,1
9958,1972,Graduation,Married,65685.0,0,1,2014-03-29,54,642,14,49,0,7,57,1,9,2,9,5,0,0,0,0,0,0,3,11,0,42,769,1,21,92,11.092641091963714,6.646390514847729,0
2534,1953,Graduation,Married,37716.0,0,1,2014-04-21,4,97,1,41,6,2,41,2,4,1,3,7,0,0,0,0,0,0,3,11,0,61,188,1,10,69,10.537866200180416,5.241747015059643,1
4188,1957,Graduation,Single,36864.0,0,1,2012-08-13,53,204,5,39,17,0,89,3,5,2,4,8,0,0,0,0,0,0,3,11,1,57,354,1,14,685,10.515017870423751,5.872117789475416,1
6613,1970,Master,Married,44511.0,1,0,2012-10-12,39,513,7,133,46,14,14,6,8,4,8,8,0,0,0,0,0,0,3,11,0,44,727,1,26,625,10.70351409472317,6.590301048196686,0
10827,1967,PhD,Married,36947.0,1,1,2012-08-07,49,88,3,21,4,1,29,4,3,0,4,9,0,0,0,0,0,0,3,11,0,47,146,2,11,691,10.5172667977125,4.990432586778736,1
5491,1951,Master,Together,47352.0,0,1,2013-04-11,70,172,12,112,8,0,15,4,6,1,5,7,0,0,0,0,0,0,3,11,0,63,319,1,16,444,10.765385454579738,5.768320995793772,0
8402,1953,Master,Married,67087.0,0,1,2013-12-17,40,329,35,222,130,35,43,2,7,5,8,4,0,0,0,0,0,0,3,11,0,61,794,1,22,194,11.113760469410543,6.678342114654332,0
8783,1950,Graduation,Married,57045.0,0,1,2012-09-08,40,296,13,104,11,13,17,3,4,2,9,3,0,0,0,0,0,0,3,11,0,64,454,1,18,659,10.95161323889698,6.12029741895095,0
10010,1953,PhD,Divorced,36957.0,1,1,2012-09-06,43,100,2,16,2,1,31,4,3,2,2,9,0,0,0,0,0,0,3,11,1,61,152,2,11,661,10.51753741173737,5.030437921392435,1
618,1977,PhD,Married,69389.0,0,1,2012-09-28,17,422,7,238,69,46,15,1,7,2,12,4,0,0,0,0,0,0,3,11,0,37,797,1,22,639,11.147498043893595,6.682108597449809,0
9121,1972,Graduation,Married,80134.0,1,0,2013-05-20,40,1218,16,272,104,0,80,2,5,3,6,6,0,1,1,1,0,0,3,11,1,42,1690,1,16,405,11.291467991427675,7.43307534889858,0
361,1969,Master,Married,43142.0,1,1,2014-02-18,84,5,1,7,2,1,4,1,1,0,2,7,0,0,0,0,0,0,3,11,0,45,20,2,4,131,10.67227545855449,3.044522437723423,1
4310,1944,Graduation,Married,80589.0,0,0,2014-01-22,25,507,93,520,242,40,26,1,5,10,5,1,0,0,0,1,0,0,3,11,1,70,1428,0,21,158,11.297129851318557,7.264730177929867,0
2678,1990,Graduation,Single,34412.0,1,0,2013-02-13,62,52,12,50,4,36,55,3,5,0,3,9,0,0,0,0,0,0,3,11,0,24,209,1,11,501,10.446189678949377,5.3471075307174685,1
6376,1979,Graduation,Single,57537.0,1,0,2013-06-10,83,191,56,139,51,8,100,4,4,3,8,4,0,0,0,0,0,0,3,11,0,35,545,1,19,384,10.960200878072532,6.302618975744905,0
524,1966,Basic,Together,22634.0,0,0,2013-01-16,47,2,23,11,8,6,46,1,2,1,2,8,0,0,0,0,0,0,3,11,0,48,96,0,6,529,10.02725265987006,4.574710978503383,1
10341,1948,Graduation,Together,51315.0,0,0,2014-02-23,45,68,28,39,16,30,41,1,2,2,5,2,0,0,0,0,0,0,3,11,0,66,222,0,10,126,10.84575787336923,5.407171771460119,0
5654,1972,Graduation,Married,36026.0,2,1,2014-03-16,34,20,4,10,6,4,17,2,2,0,3,6,0,0,0,0,0,0,3,11,0,42,61,3,7,105,10.492023936328794,4.127134385045092,1
4098,1973,Graduation,Married,24639.0,1,1,2014-01-28,3,20,3,16,0,4,1,3,2,0,4,6,0,0,0,0,0,0,3,11,0,41,44,2,9,152,10.112126417647456,3.8066624897703196,1
5824,1972,PhD,Together,34578.0,2,1,2014-04-11,1,7,0,1,0,0,0,1,1,0,2,6,0,0,0,0,0,0,3,11,0,42,8,3,4,79,10.451001840369164,2.1972245773362196,1
7000,1972,2n Cycle,Single,65704.0,0,0,2013-10-13,18,279,172,74,38,8,246,1,2,10,10,1,0,0,0,0,0,0,3,11,0,42,817,0,23,259,11.092930305077738,6.706862336602747,0
2561,1966,Graduation,Single,63810.0,0,1,2012-11-11,45,977,12,253,16,12,101,4,4,3,12,8,0,1,0,0,0,0,3,11,0,48,1371,1,23,595,11.063680868264434,7.22402480828583,0
5229,1969,PhD,Together,54132.0,0,1,2014-02-16,81,30,1,8,0,0,3,1,1,0,3,7,0,0,0,0,0,0,3,11,0,45,42,1,5,133,10.899199260387178,3.7612001156935624,1
4086,1959,Graduation,Married,18690.0,0,0,2012-12-28,77,6,1,7,23,4,19,1,1,1,2,8,0,0,0,0,0,0,3,11,0,55,60,0,5,548,9.835797403566177,4.110873864173311,1
2428,1970,Graduation,Married,28164.0,1,0,2013-05-04,23,3,18,26,11,8,12,3,2,0,4,7,0,0,0,0,0,0,3,11,0,44,78,1,9,421,10.245835351328815,4.3694478524670215,1
8254,1974,PhD,Married,34596.0,1,0,2013-04-13,48,14,0,2,0,0,7,1,1,0,2,8,0,0,0,0,0,0,3,11,0,40,23,1,4,442,10.45152225208439,3.1780538303479458,1
2836,1972,PhD,Married,43269.0,1,0,2013-09-16,61,10,1,7,0,0,1,1,1,0,2,8,0,0,0,0,0,0,3,11,0,42,19,1,4,286,10.67521483321893,2.995732273553991,1
8418,1958,2n Cycle,Single,38741.0,1,1,2014-03-30,60,7,10,17,8,6,13,2,2,0,3,7,0,0,0,0,0,0,3,11,0,56,61,2,7,91,10.564679561854522,4.127134385045092,1
1362,1972,Graduation,Single,31907.0,0,0,2013-03-04,75,33,87,64,175,16,74,1,6,1,6,7,0,0,0,0,0,0,3,11,0,42,449,0,14,482,10.37061204103102,6.1092475827643655,0
7152,1983,Master,Married,27100.0,1,0,2013-04-05,64,12,0,13,2,0,10,1,1,0,3,7,0,0,0,0,0,0,3,11,0,31,37,1,5,450,10.207325906555994,3.6375861597263857,1
10033,1973,2n Cycle,Divorced,31163.0,1,0,2014-02-13,54,2,3,10,11,2,10,1,1,0,3,6,0,0,0,0,0,0,3,11,0,41,38,1,5,136,10.34701886145075,3.6635616461296463,1
9349,1985,Graduation,Married,92533.0,0,0,2013-12-19,84,693,21,118,110,147,42,1,6,5,11,2,0,0,1,1,0,0,3,11,0,29,1131,0,23,192,11.435331423531675,7.0317412587631285,0
274,1973,Graduation,Single,34853.0,1,1,2013-12-23,75,9,3,15,2,3,2,2,2,0,3,6,0,0,0,0,0,0,3,11,0,41,34,2,7,188,10.458923187220588,3.5553480614894135,1
3388,1967,Graduation,Divorced,70844.0,1,1,2013-10-30,16,129,26,67,3,67,2,5,6,1,5,7,0,0,0,0,0,0,3,11,0,47,294,2,17,242,11.168249670998327,5.68697535633982,0
922,1979,2n Cycle,Married,31086.0,1,1,2013-05-04,79,16,2,11,3,0,16,2,1,1,2,8,1,0,0,0,0,0,3,11,0,35,48,2,6,421,10.344545004347415,3.8918202981106265,1
8588,1961,Graduation,Married,60544.0,1,1,2012-08-25,92,201,2,43,3,5,35,4,5,1,5,6,0,0,0,0,0,0,3,11,0,53,289,2,15,673,11.011142169188467,5.66988092298052,1
2518,1986,2n Cycle,Together,20491.0,0,0,2013-01-25,16,5,4,5,4,2,10,1,0,1,2,7,0,0,0,0,0,0,3,11,0,28,30,0,4,520,9.927789845059094,3.4339872044851463,1
574,1964,Graduation,Married,42523.0,0,0,2014-04-23,96,14,36,11,3,26,35,1,1,1,4,2,0,0,0,0,0,0,3,11,0,50,125,0,7,67,10.657823901408495,4.836281906951478,0
3220,1983,Graduation,Married,39922.0,1,0,2013-02-14,30,29,12,59,19,1,36,2,3,0,4,8,0,0,0,0,0,0,3,11,0,31,156,1,9,500,10.594707877902358,5.056245805348308,1
5967,1952,Graduation,Together,33402.0,1,1,2013-07-18,60,26,2,19,10,5,8,3,2,1,3,8,0,0,0,0,0,0,3,11,0,62,70,2,9,346,10.416400995290466,4.2626798770413155,1
1183,1949,Master,Married,36408.0,1,1,2013-09-21,11,9,1,4,3,2,3,1,1,0,2,6,0,0,0,0,0,0,3,11,0,65,22,2,4,281,10.502571275810162,3.1354942159291497,1
6856,1979,Graduation,Together,21645.0,1,0,2012-09-03,75,14,0,23,4,5,19,3,3,0,3,9,0,0,0,0,0,0,3,11,1,35,65,1,9,664,9.982575958855092,4.189654742026425,1
4530,1948,Master,Widow,78427.0,0,0,2012-10-24,36,972,19,595,180,26,138,3,3,7,10,3,0,0,0,1,0,0,3,11,1,66,1930,0,23,613,11.269936285435312,7.565793282428515,0
1553,1946,Graduation,Together,82657.0,0,0,2013-09-27,71,966,168,672,246,105,126,1,7,5,10,4,0,1,0,1,0,0,3,11,0,68,2283,0,23,275,11.32246689227337,7.7336835707759,0
4682,1958,Graduation,Married,51876.0,0,0,2013-10-15,88,99,27,102,28,48,6,1,2,2,8,1,0,0,0,0,0,0,3,11,0,56,310,0,13,257,10.856630811006672,5.739792912179234,0
8204,1971,2n Cycle,Married,78041.0,0,0,2012-12-16,93,482,35,553,72,160,17,1,4,4,9,2,0,0,0,0,0,0,3,11,0,43,1319,0,18,560,11.265002422291795,7.1853870155804165,0
5221,1957,Graduation,Married,52852.0,0,1,2012-12-01,93,714,8,99,11,0,47,4,10,7,5,8,1,0,0,0,0,0,3,11,0,57,879,1,26,575,10.87526975411497,6.779921907472252,0
1232,1982,PhD,Together,70038.0,0,0,2013-10-25,54,587,54,348,71,54,130,1,4,4,8,2,0,0,0,0,0,0,3,11,0,32,1244,0,17,247,11.15680750874218,7.126890808898808,0
1927,1973,2n Cycle,Together,69401.0,0,1,2014-03-23,41,399,27,159,58,8,39,4,4,4,5,2,0,0,0,0,0,0,3,11,0,41,690,1,17,98,11.147670964523456,6.53813982376767,0
5788,1972,Graduation,Together,46053.0,1,0,2013-02-17,46,56,10,92,19,7,25,3,3,2,4,5,0,0,0,0,0,0,3,11,0,42,209,1,12,497,10.737569900017565,5.3471075307174685,1
6652,1965,Graduation,Married,77343.0,0,0,2014-06-09,28,227,151,573,98,54,31,1,3,4,9,1,0,0,0,0,0,0,3,11,0,49,1134,0,17,20,11.25601828350321,7.034387929915503,0
6246,1953,Graduation,Single,73892.0,0,0,2013-11-13,40,703,102,601,0,58,43,1,3,11,8,1,0,0,0,0,0,0,3,11,1,61,1507,0,23,228,11.210373379851719,7.318539548567902,0
5975,1967,PhD,Single,40304.0,1,0,2013-09-30,82,37,0,17,0,0,3,1,2,0,3,7,0,0,0,0,0,0,3,11,0,47,57,1,6,272,10.604230809717702,4.060443010546419,1
6875,1965,PhD,Together,32727.0,0,0,2012-08-28,38,167,13,180,86,13,70,2,7,3,5,8,0,0,0,0,0,0,3,11,0,49,529,0,17,670,10.395986259609234,6.272877006546167,0
4399,1969,Graduation,Together,68695.0,0,0,2014-06-25,3,458,81,356,106,50,40,1,4,4,7,2,0,0,0,0,0,0,3,11,0,45,1091,0,16,4,11.137446252352321,6.9957661563048505,0
4042,1971,Graduation,Divorced,43300.0,0,1,2012-10-13,87,91,3,52,2,1,31,3,4,0,4,8,0,0,0,0,0,0,3,11,1,43,180,1,11,624,10.675931008412125,5.198497031265826,1
2157,1972,Graduation,Together,26290.0,1,1,2013-01-12,49,15,8,16,11,5,22,4,2,0,4,6,0,0,0,0,0,0,3,11,0,42,77,2,10,533,10.176981954277059,4.356708826689592,1
10133,1970,Graduation,Single,93790.0,0,0,2014-02-12,16,1302,68,731,89,114,45,0,6,7,12,2,0,1,1,1,0,0,3,11,1,44,2349,0,25,137,11.44882418156364,7.762170607138205,0
2525,1974,PhD,Married,38410.0,0,0,2012-09-14,65,153,64,123,116,64,14,2,5,2,9,6,0,0,0,0,0,0,3,11,1,40,534,0,18,653,10.556099155887797,6.282266746896006,0
8233,1950,Master,Widow,64866.0,0,1,2014-01-26,9,508,5,21,7,5,10,4,7,3,7,5,0,1,0,0,0,0,3,11,0,64,556,1,21,154,11.080094298798874,6.322565239927284,0
9483,1959,Graduation,Together,57957.0,0,1,2013-08-19,24,290,59,177,77,5,29,7,4,6,8,3,0,0,0,0,0,1,3,11,0,55,637,1,25,314,10.967473889283008,6.45833828334479,0
2945,1955,PhD,Together,46015.0,1,1,2014-04-13,25,38,0,2,0,0,6,1,1,0,3,7,1,0,0,0,1,0,3,11,0,59,46,2,5,77,10.736744441080718,3.8501476017100584,1
10403,1978,Graduation,Together,16531.0,1,0,2014-06-18,43,2,13,6,7,5,11,3,3,0,3,7,0,0,0,0,0,0,3,11,0,36,44,1,9,11,9.713053175631623,3.8066624897703196,1
5074,1986,Master,Married,28072.0,1,0,2013-07-08,10,30,0,10,2,0,5,1,1,0,3,7,0,0,0,0,0,0,3,11,0,28,47,1,5,356,10.242563539313103,3.8712010109078907,1
10524,1963,Master,Divorced,49476.0,0,1,2013-06-20,29,386,23,95,54,41,196,4,2,11,5,2,0,0,0,0,0,0,3,11,0,51,795,1,22,374,10.809263194110516,6.679599185844383,0
4690,1953,Graduation,Married,50725.0,0,1,2013-02-13,45,443,10,75,0,10,48,4,8,1,8,8,0,0,0,0,0,0,3,11,0,61,586,1,21,501,10.834193878644593,6.375024819828097,0
7521,1952,Graduation,Together,83844.0,0,0,2013-05-12,57,901,31,345,75,31,191,1,4,4,11,1,0,0,1,0,0,0,3,11,0,62,1574,0,20,413,11.33672513518121,7.362010551259734,0
7196,1950,PhD,Married,41145.0,1,1,2014-02-08,20,9,0,3,0,0,1,1,0,0,3,3,0,0,0,0,0,0,3,11,0,64,13,2,4,141,10.624881996034176,2.639057329615259,1
4406,1970,Graduation,Together,67419.0,0,1,2013-01-16,29,846,84,352,91,56,42,4,9,4,8,5,0,0,0,0,0,0,3,11,0,44,1471,1,25,529,11.118696988788052,7.294377299288821,0
9672,1970,2n Cycle,Married,23162.0,1,1,2013-12-21,82,8,3,9,19,4,22,3,1,1,3,6,0,0,0,0,0,0,3,11,0,44,65,2,8,190,10.050311456976926,4.189654742026425,1
4864,1977,Graduation,Married,34380.0,1,0,2013-05-02,68,72,7,58,13,1,24,4,4,1,3,8,0,0,0,0,0,0,3,11,0,37,175,1,12,423,10.445259365192133,5.170483995038151,1
4706,1966,Graduation,Single,34704.0,0,1,2013-04-27,65,29,0,5,0,1,5,1,1,0,3,5,0,0,0,0,0,0,3,11,0,48,40,1,5,428,10.454639047773684,3.713572066704308,1
4070,1969,PhD,Married,94871.0,0,2,2012-09-01,99,169,24,553,188,0,144,1,8,5,4,7,0,1,1,0,0,0,3,11,1,45,1078,2,18,666,11.46028389364463,6.983789965258135,0
25,1958,Graduation,Married,65148.0,0,1,2012-11-16,9,460,35,422,33,12,153,2,6,6,7,4,0,0,0,0,0,0,3,11,0,56,1115,1,21,590,11.084432233241024,7.017506142941256,0
3697,1954,Graduation,Together,39898.0,0,1,2013-02-12,20,69,8,26,12,7,12,2,3,0,4,7,0,0,0,0,0,0,3,11,0,60,134,1,9,502,10.594106539907239,4.90527477843843,1
217,1956,Master,Single,64857.0,0,0,2012-11-23,78,556,14,717,210,0,43,1,7,5,10,4,0,0,0,0,0,0,3,11,0,58,1540,0,23,583,11.079955543739874,7.340186835320115,0
4220,1970,PhD,Married,59892.0,0,1,2013-11-02,26,73,0,13,0,1,0,1,2,1,3,3,0,0,0,0,0,0,3,11,0,44,87,1,7,239,11.000314915838985,4.477336814478207,1
5286,1987,Master,Single,41020.0,0,0,2013-10-28,68,112,1,54,7,7,36,1,3,2,4,3,0,0,0,0,0,0,3,11,0,27,217,0,10,244,10.621839409681249,5.384495062789089,0
9559,1961,PhD,Married,57072.0,0,1,2014-01-24,79,944,0,60,0,0,30,2,7,5,13,5,1,0,0,0,0,0,3,11,0,53,1034,1,27,156,10.95208642917211,6.942156705699469,0
2849,1979,Graduation,Single,60474.0,0,1,2013-04-01,25,265,199,303,234,9,170,7,10,2,12,7,0,0,0,0,0,0,3,11,0,35,1180,1,31,454,11.009985335478229,7.074116816197362,0
7787,1960,Graduation,Together,62807.0,0,1,2012-08-31,83,526,28,135,10,21,99,3,5,3,12,5,0,0,0,0,0,0,3,11,0,54,819,1,23,667,11.047837732878092,6.709304340258299,0
3102,1981,2n Cycle,Together,19414.0,1,0,2013-10-16,32,2,3,12,3,5,7,1,1,0,3,8,0,0,0,0,0,0,3,11,0,33,32,1,5,256,9.873801242165767,3.4965075614664802,1
5868,1980,Graduation,Married,19107.0,1,0,2013-08-22,49,2,4,9,10,5,16,2,1,0,3,7,0,0,0,0,0,0,3,11,0,34,46,1,6,311,9.857862374509853,3.8501476017100584,1
8370,1976,2n Cycle,Together,75484.0,0,1,2012-08-02,50,378,97,259,197,194,34,2,7,3,6,4,0,0,0,0,0,0,3,11,0,38,1159,1,18,696,11.231689240001836,7.05617528410041,0
9988,1976,Master,Single,70379.0,0,1,2013-03-03,84,553,25,142,65,67,8,3,6,3,13,4,0,0,0,0,0,0,3,11,0,38,860,1,25,483,11.161664410875575,6.7580945044277305,0
2939,1970,Master,Together,79419.0,0,0,2014-06-22,96,751,127,687,20,15,31,1,4,6,4,2,0,0,0,0,0,0,3,11,0,44,1631,0,15,7,11.282505504685242,7.397561535524052,0
5529,1946,PhD,Together,64014.0,2,1,2014-06-10,56,406,0,30,0,0,8,7,8,2,5,7,0,0,0,1,0,0,3,11,0,68,444,3,22,19,11.066872709880279,6.09807428216624,1
9743,1955,Graduation,Married,76998.0,0,1,2013-01-11,85,1449,89,161,69,35,107,2,11,8,8,6,0,0,1,0,0,0,3,11,0,59,1910,1,29,534,11.251547713738502,7.555381944240273,0
5763,1972,Master,Together,49854.0,1,0,2013-11-10,63,123,17,171,39,0,30,5,6,2,5,6,0,0,0,0,0,0,3,11,0,42,380,1,18,231,10.816874071262893,5.942799375126701,0
3478,1971,PhD,Married,60585.0,1,1,2013-06-24,17,267,42,309,55,42,21,10,7,4,9,5,0,0,0,0,0,0,3,11,1,43,736,2,30,370,11.011819122265148,6.602587892189336,0
7494,1950,PhD,Divorced,42873.0,1,1,2013-01-21,11,209,0,40,3,2,15,4,6,1,4,8,0,0,0,0,0,0,3,11,0,64,269,2,15,524,10.666020860581082,5.598421958998375,1
1763,1988,Graduation,Together,87679.0,0,0,2013-07-27,62,1259,172,815,97,148,33,1,7,11,10,4,1,0,1,1,0,0,3,11,1,26,2524,0,29,337,11.381449102181843,7.83399634170946,0
7250,1978,Graduation,Together,57867.0,1,0,2013-10-01,48,344,35,178,15,23,17,7,7,2,9,6,0,0,0,0,0,0,3,11,0,36,612,1,25,271,10.965919833749481,6.418364935936212,0
2005,1990,Graduation,Married,35765.0,1,0,2013-12-11,86,22,3,30,0,5,15,2,2,0,4,6,0,0,0,0,0,0,3,11,0,24,75,1,8,200,10.48475300044798,4.330733340286331,1
10770,1959,Graduation,Married,65492.0,0,0,2014-01-26,73,247,161,295,210,85,47,2,4,7,13,2,0,0,0,0,0,0,3,11,0,55,1045,0,26,154,11.089698545683305,6.952728644624869,0
6885,1977,Graduation,Divorced,32952.0,1,0,2013-12-01,36,38,0,12,3,1,1,1,2,0,3,7,0,0,0,0,0,0,3,11,0,37,55,1,6,210,10.402837582827095,4.02535169073515,1
2072,1969,PhD,Together,53374.0,0,1,2012-08-16,34,896,10,101,13,10,34,6,4,2,9,9,1,0,0,0,0,0,3,11,1,45,1064,1,21,682,10.885097750530926,6.970730078143525,0
9463,1959,Graduation,Together,71706.0,0,1,2012-11-13,16,931,56,253,91,98,14,4,9,5,7,5,0,0,0,0,0,0,3,11,0,55,1443,1,25,593,11.180343650832073,7.275172319452771,0
6318,1988,Graduation,Married,68487.0,0,0,2013-01-13,48,758,12,385,33,89,89,1,9,7,13,4,0,0,0,0,0,0,3,11,0,26,1366,0,30,532,11.134413826422321,7.220373836723949,0
4093,1975,Master,Together,53253.0,1,1,2013-02-11,61,216,9,57,20,9,125,7,4,3,5,5,0,0,0,0,0,0,3,11,0,39,436,2,19,503,10.882828198121395,6.07993319509559,1
5751,1973,2n Cycle,Divorced,31163.0,1,0,2014-02-13,54,2,3,10,11,2,10,1,1,0,3,6,0,0,0,0,0,0,3,11,0,41,38,1,5,136,10.34701886145075,3.6635616461296463,1
3340,1977,Graduation,Married,42014.0,1,0,2012-08-17,56,244,15,108,4,15,50,6,7,1,6,8,0,0,0,0,0,0,3,11,1,37,436,1,20,681,10.645781976362318,6.07993319509559,0
3594,1973,Master,Married,54108.0,1,1,2012-11-05,74,539,6,91,8,6,97,13,8,2,9,8,0,0,0,0,0,0,3,11,0,41,747,2,32,601,10.89875580959371,6.617402977974478,0
3584,1955,PhD,Single,49667.0,0,0,2012-08-20,35,1181,26,120,17,13,39,2,5,10,5,8,1,0,0,0,0,0,3,11,1,59,1396,0,22,678,10.813116141536733,7.242082359256962,0
3643,1974,Master,Married,63206.0,0,0,2014-03-20,65,750,8,125,11,8,26,1,4,3,6,2,0,0,1,0,0,0,3,11,0,40,928,0,14,101,11.05417033349524,6.834108738813838,0
851,1972,Master,Married,57136.0,1,1,2013-07-09,48,306,5,109,21,109,92,9,5,2,10,6,0,0,0,0,0,0,3,11,0,42,642,2,26,355,10.953207171781322,6.466144724237619,0
7706,1975,2n Cycle,Together,46772.0,0,1,2012-11-07,88,350,104,189,197,151,57,6,11,8,5,8,1,0,0,0,0,0,3,11,0,39,1048,1,30,599,10.75306139234466,6.955592608396297,0
3967,1971,PhD,Married,78931.0,0,0,2013-10-25,19,331,197,170,58,152,35,1,2,8,13,1,0,0,0,0,0,0,3,11,0,43,943,0,24,247,11.276342001289317,6.8501261661455,0
10128,1958,Graduation,Together,53977.0,0,1,2013-06-08,21,620,16,165,0,24,82,5,5,5,12,5,0,0,0,0,0,0,3,11,0,56,907,1,27,386,10.896331835126059,6.811244378601294,0
486,1988,Graduation,Married,84219.0,0,0,2014-02-02,27,434,137,400,45,137,45,1,3,4,10,1,0,0,0,0,0,0,3,11,0,26,1198,0,18,147,11.341187701715919,7.089243155027514,0
9,1975,Master,Single,46098.0,1,1,2012-08-18,86,57,0,27,0,0,36,4,3,2,2,8,0,0,0,0,0,0,3,11,0,39,120,2,11,680,10.738546536775496,4.795790545596741,1
9451,1965,Graduation,Married,73538.0,0,1,2012-11-25,92,811,76,428,99,137,107,3,10,4,9,7,0,0,0,0,0,0,3,11,0,49,1658,1,26,581,11.205571156720927,7.413970290190444,0
9264,1986,Graduation,Married,79529.0,0,0,2014-04-27,1,423,42,706,73,197,197,1,4,8,9,2,0,0,0,0,0,0,3,11,0,28,1638,0,22,63,11.283889587951181,7.40184157874383,0
3865,1977,2n Cycle,Together,20981.0,0,0,2013-04-30,14,2,12,10,6,13,30,1,3,1,2,8,0,0,0,0,0,0,3,11,1,37,73,0,7,425,9.95142020629143,4.304065093204169,1
2853,1980,Graduation,Single,51766.0,1,0,2014-03-11,74,60,51,87,6,20,51,2,4,2,4,5,0,0,0,0,0,0,3,11,0,34,275,1,12,110,10.85450815959797,5.62040086571715,0
1490,1962,Graduation,Married,55759.0,0,1,2012-11-28,84,675,0,85,10,7,77,5,10,3,8,8,0,0,0,0,0,0,3,11,0,52,854,1,26,578,10.928812045434405,6.75110146893676,0
6310,1978,Graduation,Married,33039.0,1,0,2013-09-09,4,30,8,12,8,8,12,1,2,0,4,5,0,0,0,0,0,0,3,11,0,36,78,1,7,293,10.405474227634915,4.3694478524670215,1
10380,1972,Master,Married,37787.0,1,0,2013-09-20,50,40,1,40,4,3,18,1,3,0,3,8,0,0,0,0,0,0,3,11,0,42,106,1,7,282,10.539746870889026,4.672828834461906,1
3887,1970,Graduation,Single,27242.0,1,0,2012-11-11,2,3,17,26,20,1,39,2,2,0,3,9,0,0,0,0,0,0,3,11,1,44,106,1,7,595,10.212551886357938,4.672828834461906,1
4278,1983,PhD,Single,87188.0,0,0,2013-06-03,73,910,111,724,49,74,55,1,10,2,6,3,0,0,0,0,0,0,3,11,1,31,1923,0,19,391,11.375833455150905,7.562161631225652,0
8643,1971,Graduation,Together,69930.0,0,0,2013-05-26,21,252,98,827,219,70,196,1,4,5,12,3,0,0,0,0,0,0,3,11,0,43,1662,0,22,399,11.155264320609968,7.416378479192928,0
1998,1976,Graduation,Single,37697.0,1,0,2014-02-07,82,34,6,21,11,4,8,1,2,1,3,6,0,0,0,0,0,0,3,11,0,38,84,1,7,142,10.537362321631003,4.442651256490317,1
10795,1973,PhD,Married,37401.0,1,0,2014-05-06,14,19,3,19,3,1,3,2,2,0,3,7,0,0,0,0,0,0,3,11,0,41,48,1,7,54,10.529479457908666,3.8918202981106265,1
11110,1973,Graduation,Single,3502.0,1,0,2013-04-13,56,2,1,1,0,0,1,0,0,0,0,14,0,0,0,0,0,0,3,11,0,41,5,1,0,442,8.161375023197486,1.791759469228055,1
2408,1976,Graduation,Married,58597.0,1,1,2012-11-20,20,490,0,184,10,28,21,12,7,4,9,7,0,0,0,0,0,0,3,11,0,38,733,2,32,586,10.97845584528984,6.598509028614515,0
202,1948,PhD,Widow,82032.0,0,0,2014-04-05,54,332,194,377,149,125,57,0,4,6,7,1,0,0,0,0,0,0,3,11,0,66,1234,0,17,85,11.314876884313916,7.118826249062078,0
7998,1958,Graduation,Together,28087.0,1,1,2012-12-11,77,53,8,17,13,0,21,3,2,2,2,7,0,0,0,0,0,0,3,11,0,56,112,2,9,565,10.243097717848269,4.727387818712341,1
830,1987,PhD,Single,74004.0,0,0,2014-02-24,5,784,48,560,42,176,48,1,4,6,4,3,0,0,1,1,0,0,3,11,1,27,1658,0,15,125,11.211887937471289,7.413970290190444,0
3536,1960,Graduation,Together,19740.0,0,1,2013-03-24,65,7,11,3,10,4,20,2,1,1,3,5,0,0,0,0,0,0,3,11,0,54,55,1,7,462,9.890452970265668,4.02535169073515,1
6050,1975,2n Cycle,Married,57036.0,0,1,2012-12-11,33,1171,43,219,19,14,47,4,6,3,13,9,1,0,0,0,0,0,3,11,0,39,1513,1,26,565,10.951455459034623,7.322510433997394,0
125,1958,2n Cycle,Together,53083.0,1,1,2013-05-15,65,215,7,33,3,0,13,6,5,1,5,7,0,1,0,0,0,0,3,11,0,56,271,2,17,410,10.87963084355714,5.605802066295998,1
3463,1975,PhD,Married,69283.0,0,1,2014-06-14,41,674,62,134,0,26,8,4,7,3,13,5,0,0,0,0,0,0,3,11,0,39,904,1,27,15,11.14596927829017,6.807934943699926,0
2804,1975,Master,Single,46098.0,1,1,2012-08-18,86,57,0,27,0,0,36,4,3,2,2,8,0,0,0,0,0,0,3,11,1,39,120,2,11,680,10.738546536775496,4.795790545596741,1
3745,1988,2n Cycle,Married,23331.0,1,0,2012-09-04,92,5,36,7,0,10,45,2,3,0,3,8,0,0,0,0,0,0,3,11,0,26,103,1,8,663,10.057581087873528,4.6443908991413725,1
9771,1988,2n Cycle,Single,23331.0,1,0,2012-10-05,97,104,20,101,24,15,5,6,5,1,5,9,0,0,0,0,0,0,3,11,0,26,269,1,17,632,10.057581087873528,5.598421958998375,1
451,1989,Graduation,Single,9255.0,1,0,2013-12-20,91,9,0,7,2,0,4,1,1,1,2,8,0,0,0,0,0,0,3,11,0,25,22,1,5,191,9.133027268873512,3.1354942159291497,1
10530,1959,PhD,Widow,67786.0,0,0,2013-12-07,0,431,82,441,80,20,102,1,3,6,6,1,0,0,0,0,0,0,3,11,1,55,1156,0,16,204,11.124125715130965,7.053585727193677,0
1079,1971,PhD,Married,71969.0,0,1,2012-10-16,59,1000,0,76,0,0,10,3,3,4,9,8,0,1,0,0,0,0,3,11,0,43,1086,1,19,621,11.18400464450185,6.99117688712121,0
8920,1967,Master,Single,59235.0,1,0,2013-01-12,4,448,40,469,80,0,91,3,11,2,12,7,0,0,0,0,0,0,3,11,0,47,1128,1,28,533,10.989284744157393,7.029087564149662,0
6678,1989,Graduation,Together,31928.0,1,0,2014-03-28,5,33,4,24,4,2,5,2,3,0,4,7,0,0,0,0,0,0,3,11,0,25,72,1,9,93,10.371269966709153,4.290459441148391,1
3852,1961,Master,Together,74881.0,1,1,2013-03-08,48,505,72,270,36,27,54,4,9,2,12,5,0,0,0,0,0,0,3,11,0,53,964,2,27,478,11.223668820196494,6.872128101338986,0
528,1978,Graduation,Married,65819.0,0,0,2012-11-29,99,267,38,701,149,165,63,1,5,4,10,3,0,0,0,0,0,0,3,11,0,36,1383,0,20,577,11.094679022497331,7.232733136177615,0
73,1953,PhD,Single,51411.0,1,2,2013-05-26,81,14,0,3,0,0,1,1,0,0,3,5,0,0,0,0,0,0,3,11,0,61,18,3,4,399,10.847626887230023,2.9444389791664403,1
5589,1964,Graduation,Divorced,51983.0,0,1,2012-08-31,95,631,0,115,10,7,30,3,9,2,10,7,0,0,0,0,0,0,3,11,0,50,793,1,24,667,10.858691257908882,6.677083461247136,0
10212,1986,Master,Together,42386.0,1,0,2013-01-13,43,65,4,16,0,4,11,1,3,0,3,8,0,0,0,0,0,0,3,11,0,28,100,1,7,532,10.654596990433918,4.61512051684126,1
6365,1987,2n Cycle,Married,30390.0,0,0,2013-09-02,5,10,12,12,25,1,20,1,2,0,3,6,0,0,0,0,0,0,3,11,0,27,80,0,6,300,10.321901790930502,4.394449154672439,1
5636,1963,Graduation,Single,30983.0,0,0,2012-11-09,50,51,4,50,12,1,49,1,4,0,3,8,0,0,0,0,0,0,3,11,1,51,167,0,8,597,10.341226221194589,5.123963979403259,1
591,1957,Graduation,Widow,66033.0,0,1,2013-01-20,76,293,35,179,46,59,65,2,8,3,7,7,0,0,0,0,0,0,3,11,0,57,677,1,20,525,11.097925039878724,6.519147287940395,0
2217,1975,2n Cycle,Married,37284.0,1,1,2013-03-29,46,11,1,2,2,1,6,1,0,0,3,6,0,0,0,0,0,0,3,11,0,39,23,2,4,457,10.526346379977895,3.1780538303479458,1
2544,1951,Master,Divorced,57530.0,0,1,2013-10-12,68,50,1,27,6,7,1,1,1,1,4,1,0,0,0,0,0,0,3,11,0,63,92,1,7,260,10.960079211941625,4.532599493153256,1
7725,1965,2n Cycle,Married,76800.0,0,0,2014-03-08,33,173,26,255,35,71,81,1,4,4,7,1,0,0,0,0,0,0,3,11,0,49,641,0,16,113,11.248972939884327,6.464588303689961,0
8091,1956,Graduation,Married,63943.0,0,1,2012-09-02,50,423,184,368,13,97,21,1,6,4,6,5,0,0,0,0,0,0,3,11,0,58,1106,1,17,665,11.065762979305855,7.009408932708637,0
7321,1962,Graduation,Together,76081.0,0,0,2014-05-23,85,292,30,415,63,33,200,1,4,5,4,2,0,0,0,1,0,0,3,11,0,52,1033,0,14,37,11.239566984991516,6.9411900550683745,0
5462,1974,Graduation,Married,67445.0,0,1,2012-08-12,63,757,80,217,29,80,11,5,9,6,12,6,0,0,0,0,0,0,3,11,0,40,1174,1,32,686,11.119082556689852,7.069023426578259,0
7791,1967,Master,Married,37054.0,1,1,2013-09-15,89,12,1,6,0,1,5,2,1,0,3,7,0,0,0,0,0,0,3,11,0,47,25,2,6,287,10.520158574385459,3.258096538021482,1
955,1962,Master,Together,47175.0,1,1,2012-10-28,81,167,2,44,6,2,19,7,4,2,4,8,1,0,0,0,0,0,3,11,1,52,240,2,17,609,10.76164056768034,5.484796933490655,1
4037,1976,Graduation,Divorced,31859.0,1,0,2013-06-14,77,3,1,3,8,0,5,1,1,0,2,7,0,0,0,0,0,0,3,11,0,38,20,1,4,380,10.36910658346404,3.044522437723423,1
6642,1961,Graduation,Divorced,27215.0,2,1,2013-01-23,50,30,5,22,8,9,28,4,2,1,4,6,0,0,0,0,0,0,3,11,0,53,102,3,11,522,10.211560314635642,4.634728988229636,1
2793,1976,PhD,Divorced,70179.0,0,1,2013-07-21,10,532,88,168,69,44,133,3,7,3,13,5,0,0,0,0,0,0,3,11,0,38,1034,1,26,343,11.158818649137206,6.942156705699469,0
5424,1983,Graduation,Married,39922.0,1,0,2013-02-14,30,29,12,59,19,1,36,2,3,0,4,8,0,0,0,0,0,0,3,11,0,31,156,1,9,500,10.594707877902358,5.056245805348308,1
879,1976,Master,Married,49681.0,0,2,2013-11-04,66,411,0,26,0,0,21,6,7,1,7,7,0,0,0,0,0,0,3,11,0,38,458,2,21,237,10.813397973445996,6.129050210060545,1
9530,1988,Graduation,Married,24645.0,1,0,2012-11-01,16,5,3,4,4,1,0,1,1,0,2,8,0,0,0,0,0,0,3,11,0,26,17,1,4,605,10.112369894498068,2.8903717578961645,1
4828,1954,Graduation,Divorced,79865.0,0,1,2014-06-18,12,71,99,278,185,121,38,1,5,10,5,1,0,0,0,0,0,0,3,11,0,60,792,1,21,11,11.288105509275074,6.675823221634848,0
10699,1985,Graduation,Married,44322.0,1,0,2014-06-16,30,46,0,40,3,0,3,2,3,0,3,8,0,0,0,0,0,0,3,11,0,29,92,1,8,13,10.699259008661018,4.532599493153256,1
1497,1952,Graduation,Single,47958.0,0,1,2013-01-19,8,268,11,88,15,3,22,2,6,3,5,5,0,0,0,0,0,0,3,11,0,62,407,1,16,526,10.778101758215147,6.0112671744041615,0
7476,1964,Master,Single,63972.0,0,1,2012-12-02,93,928,63,254,0,12,12,4,5,4,10,4,0,1,0,0,0,0,3,11,0,50,1269,1,23,574,11.066216398327516,7.146772179452637,0
4390,1954,Graduation,Together,75315.0,0,1,2014-04-15,14,459,15,171,142,23,31,2,5,4,12,2,0,0,0,0,0,0,3,11,0,60,841,1,23,75,11.22944787461632,6.7357800142423265,0
10478,1950,PhD,Married,55517.0,1,1,2012-09-27,53,483,0,108,0,6,36,5,11,1,6,9,0,0,0,0,0,0,3,11,1,64,633,2,23,640,10.924462571477084,6.452048954437226,0
1081,1957,PhD,Married,75283.0,1,2,2013-03-27,26,733,9,180,12,19,66,11,6,3,5,4,0,0,0,0,0,0,3,11,0,57,1019,3,25,459,11.229022907810455,6.927557906278317,0
4261,1946,PhD,Single,82800.0,0,0,2012-11-24,23,1006,22,115,59,68,45,1,7,6,12,3,0,0,1,1,0,0,3,11,1,68,1315,0,26,582,11.324195417595107,7.182352111885263,0
9916,1954,Graduation,Married,38998.0,1,1,2012-11-03,92,34,1,14,0,0,5,3,2,0,3,8,0,0,0,0,0,1,3,11,0,60,54,2,8,603,10.571291283757406,4.007333185232471,1
5350,1991,Master,Single,90638.0,0,0,2014-02-13,29,1156,120,915,94,144,96,1,3,4,10,1,0,0,1,0,0,0,3,11,1,23,2525,0,18,136,11.414639862984364,7.8343923029104365,0
8135,1986,Master,Married,27161.0,1,0,2013-10-28,41,7,4,23,7,0,11,1,1,0,3,7,0,0,0,0,0,0,3,11,0,28,52,1,5,244,10.209574216664013,3.970291913552122,1
8685,1977,Graduation,Married,42014.0,1,0,2012-08-17,56,244,15,108,4,15,50,6,7,1,6,8,0,0,0,0,0,0,3,11,1,37,436,1,20,681,10.645781976362318,6.07993319509559,0
4967,1960,PhD,Together,38201.0,0,1,2013-03-29,19,233,0,23,0,0,12,4,5,1,5,8,0,0,0,0,0,0,3,11,0,54,268,1,15,457,10.550643149245081,5.594711379601839,1
2130,1982,Graduation,Together,45203.0,2,0,2014-03-23,4,35,3,67,10,8,24,1,3,1,3,6,0,0,0,0,0,0,3,11,1,32,147,2,8,98,10.71894085748004,4.997212273764115,1
9298,1947,PhD,Together,81574.0,0,0,2014-04-28,89,1252,0,465,46,35,0,1,4,5,8,1,0,1,1,0,0,0,3,11,0,67,1798,0,18,62,11.30927812146152,7.494986233950533,0
8175,1992,Graduation,Married,34935.0,0,0,2013-06-21,71,34,4,66,3,10,20,1,2,1,4,7,0,0,0,0,0,0,3,11,0,22,137,0,8,373,10.461273095165398,4.927253685157205,0
6257,1976,Master,Single,60482.0,0,1,2013-01-23,81,255,43,134,37,14,24,1,7,2,7,7,0,0,0,0,0,0,3,11,0,38,507,1,17,522,11.01011761279782,6.230481447578482,0
3790,1956,Graduation,Together,34633.0,2,1,2014-01-23,31,8,1,5,0,0,1,1,1,0,2,6,0,0,0,0,0,0,3,11,0,58,15,3,4,157,10.452591137512096,2.772588722239781,1
9952,1947,Master,Together,78093.0,0,0,2013-12-11,53,368,32,639,13,43,10,1,4,7,5,1,0,0,0,0,0,0,3,11,0,67,1105,0,17,200,11.265668508292752,7.00850518208228,0
3503,1950,Graduation,Divorced,82460.0,0,0,2013-12-02,78,255,47,573,52,32,15,1,5,3,6,1,0,0,0,0,0,0,3,11,0,64,974,0,15,209,11.320080733279282,6.882437470997847,0
5223,1966,Master,Together,45903.0,0,1,2014-04-23,80,33,8,10,2,10,3,2,2,1,3,4,0,0,0,0,0,0,3,11,0,48,66,1,8,67,10.734307538221145,4.204692619390966,1
4608,1987,Graduation,Divorced,81361.0,0,0,2014-02-25,18,163,23,424,27,65,76,1,3,10,13,1,0,0,0,0,0,0,3,11,1,27,778,0,27,124,11.306663612524535,6.658011045870748,0
1626,1973,PhD,Divorced,35860.0,1,1,2014-05-19,37,15,0,8,4,2,20,2,1,1,2,5,1,0,0,0,0,0,3,11,1,41,49,2,6,41,10.487405632994516,3.912023005428146,1
4764,1952,Master,Together,40442.0,1,1,2012-08-19,52,45,12,52,25,22,13,4,3,1,4,7,0,0,0,0,0,0,3,11,1,62,169,2,12,679,10.607648854359173,5.135798437050262,1
2471,1965,Graduation,Married,61482.0,0,0,2014-06-27,39,48,58,68,16,66,43,1,3,2,6,2,0,0,0,0,0,0,3,11,0,49,299,0,12,2,11.026515992818567,5.703782474656201,0
5892,1980,Graduation,Married,34968.0,1,0,2013-04-10,11,158,6,45,8,2,2,7,3,2,5,7,0,0,0,0,0,0,3,11,0,34,221,1,17,445,10.462217233709174,5.402677381872279,1
2612,1987,Graduation,Married,75794.0,0,0,2013-12-24,33,754,160,625,63,32,48,1,7,5,12,3,0,0,0,1,0,0,3,11,0,27,1682,0,25,187,11.235787606394119,7.428333194190806,0
4971,1962,PhD,Together,31497.0,0,1,2012-12-06,22,108,1,28,13,1,4,2,3,1,4,8,0,0,0,0,0,0,3,11,0,52,155,1,10,570,10.357679330734525,5.049856007249537,1
5185,1955,Graduation,Married,74268.0,0,0,2013-02-14,83,199,66,315,97,174,41,1,4,3,5,2,0,0,0,0,0,0,3,11,0,59,892,0,13,500,11.215448916185998,6.794586580876499,0
10069,1988,Basic,Together,13724.0,1,0,2012-08-31,43,2,7,5,2,15,27,1,2,0,2,9,1,0,0,0,0,0,3,11,0,26,58,1,5,667,9.526974266377731,4.07753744390572,1
2262,1965,Master,Together,45143.0,0,1,2013-08-26,74,202,5,74,11,5,14,3,6,1,5,7,0,0,0,0,0,0,3,11,0,49,311,1,15,307,10.717612659648976,5.7430031878094825,0
1131,1967,PhD,Single,52569.0,0,1,2014-04-05,54,85,0,3,0,0,7,1,2,0,4,3,0,0,0,0,0,0,3,11,0,47,95,1,7,85,10.869900893813494,4.564348191467836,1
1041,1973,PhD,Single,48432.0,0,1,2012-10-18,3,322,3,50,4,3,42,5,7,1,6,8,0,0,0,0,0,0,3,11,1,41,424,1,19,619,10.787936678554125,6.052089168924417,0
24,1960,Master,Together,17144.0,1,1,2014-02-15,96,18,2,19,0,2,6,5,3,0,4,7,0,0,0,0,0,0,3,11,0,54,47,2,12,134,9.74946186489702,3.8712010109078907,1
3409,1984,Graduation,Single,36108.0,1,0,2013-10-15,68,141,8,129,3,11,47,3,7,1,4,9,1,0,0,0,0,0,3,11,0,30,339,1,15,257,10.494297420728252,5.8289456176102075,1
7022,1971,Graduation,Married,76445.0,1,0,2012-09-28,2,739,107,309,140,80,35,1,2,5,13,6,0,0,0,0,0,0,3,11,0,43,1410,1,21,639,11.244339888209435,7.2520539518528135,0
7943,1975,PhD,Married,36663.0,1,0,2014-04-25,40,18,0,6,3,3,5,1,1,1,3,2,0,0,0,0,0,0,3,11,0,39,35,1,6,65,10.50955062618896,3.58351893845611,1
5272,1965,Master,Married,53843.0,0,1,2013-06-27,64,378,0,88,19,4,73,4,8,5,3,7,0,0,0,0,0,0,3,11,0,49,562,1,20,367,10.893846255763984,6.333279628139691,0
5453,1956,Master,Married,90226.0,0,0,2012-09-26,26,1083,108,649,253,151,108,1,4,7,12,2,0,0,0,1,0,0,3,11,0,58,2352,0,24,641,11.410083996070519,7.763446388727362,0
2565,1955,Master,Divorced,70638.0,0,0,2013-06-01,69,1016,12,215,16,12,63,1,4,5,10,3,0,1,0,0,0,0,3,11,0,59,1334,0,20,393,11.16533767889225,7.19668657083435,0
800,1960,Graduation,Together,44512.0,1,1,2013-08-30,57,23,1,6,0,0,2,2,1,0,3,4,0,0,0,0,0,0,3,11,0,54,32,2,6,303,10.703536560322721,3.4965075614664802,1
11092,1961,Graduation,Married,27116.0,1,1,2014-03-02,78,12,1,21,2,2,3,2,2,0,3,7,0,0,0,0,0,0,3,11,0,53,41,2,7,119,10.20791611646652,3.7376696182833684,1
5062,1963,PhD,Married,54072.0,1,1,2013-07-27,71,35,0,4,0,0,0,1,2,0,2,8,0,0,0,0,0,0,3,11,0,51,39,2,5,337,10.89809026446922,3.6888794541139363,1
8969,1977,Graduation,Married,71855.0,0,1,2013-01-16,59,548,31,422,0,112,28,4,5,5,11,3,0,0,0,0,0,0,3,11,0,37,1141,1,25,529,11.18241939532752,7.040536390215956,0
4656,1990,2n Cycle,Single,51250.0,1,0,2013-03-30,28,342,32,230,34,32,40,5,10,5,4,9,1,0,0,0,0,0,3,11,0,24,710,1,24,456,10.844490409005417,6.566672429803241,0
4480,1973,Master,Married,60432.0,0,1,2014-03-09,61,365,3,15,4,3,11,5,7,2,5,6,0,0,0,0,0,0,3,11,0,41,401,1,19,112,11.00929059233982,5.996452088619021,0
9971,1964,PhD,Married,65526.0,0,1,2014-04-11,22,397,19,69,12,0,9,1,4,4,8,2,0,0,0,0,0,0,3,11,0,50,506,1,17,79,11.090217550427058,6.2285110035911835,0
6729,1988,Graduation,Single,68655.0,0,0,2012-08-10,95,456,19,832,75,118,38,1,4,5,11,3,0,0,0,0,0,0,3,11,0,26,1538,0,21,688,11.136863807231306,7.338888133838879,0
1773,1978,2n Cycle,Married,12393.0,0,0,2012-12-04,38,5,6,15,11,7,13,1,2,0,3,9,0,0,0,0,0,0,3,11,0,36,57,0,6,572,9.424967763522053,4.060443010546419,1
9242,1990,Graduation,Single,64509.0,0,0,2013-08-17,19,836,185,575,24,25,77,1,6,3,9,4,1,0,0,0,0,0,3,11,1,24,1722,0,19,316,11.074575529526287,7.45182223652793,0
1764,1975,Graduation,Single,33955.0,1,0,2013-08-09,92,100,2,128,23,7,10,4,5,1,5,8,0,0,0,0,0,0,3,11,0,39,270,1,15,324,10.432820847857858,5.602118820879701,1
6215,1977,Graduation,Married,31353.0,1,1,2013-12-29,24,10,0,10,3,1,7,2,1,1,2,8,0,0,0,0,0,0,3,11,1,37,31,2,6,182,10.353097129628477,3.4657359027997265,1
10099,1984,Graduation,Married,55434.0,1,0,2013-10-05,21,238,115,215,169,69,76,3,5,3,13,4,0,0,0,0,0,0,3,11,0,30,882,1,24,267,10.922966442206452,6.78332520060396,0
5423,1983,Graduation,Together,28359.0,1,0,2013-10-27,35,6,0,5,2,1,2,1,1,0,2,7,0,0,0,0,0,0,3,11,0,31,16,1,4,245,10.252734980646064,2.833213344056216,1
940,1987,Graduation,Single,57100.0,1,0,2014-05-18,9,158,11,99,15,11,17,2,3,2,7,3,0,0,0,0,0,0,3,11,0,27,311,1,14,42,10.9525769086256,5.7430031878094825,0
3011,1965,Graduation,Married,69139.0,0,1,2014-01-27,23,86,12,75,33,15,6,1,4,1,5,4,0,0,0,0,0,0,3,11,0,49,227,1,11,153,11.143888713475615,5.429345628954441,0
3298,1956,Master,Married,52973.0,0,1,2012-11-08,92,856,0,76,12,9,199,7,9,6,9,8,0,0,0,0,0,0,3,11,0,58,1152,1,31,598,10.877556506129638,7.050122520269059,0
8286,1965,PhD,Together,51717.0,0,1,2013-08-20,55,98,1,17,0,1,5,1,3,0,4,7,0,1,0,0,0,0,3,11,0,49,122,1,8,313,10.853561162377853,4.812184355372417,1
9668,1971,Graduation,Married,18793.0,1,0,2013-01-12,14,4,16,20,0,17,20,3,2,0,4,8,0,0,0,0,0,0,3,11,0,43,77,1,9,533,9.84129294894301,4.356708826689592,1
5120,1982,2n Cycle,Together,66664.0,0,0,2012-09-25,78,398,96,447,220,96,32,1,5,7,6,3,0,0,0,0,0,0,3,11,0,32,1289,0,19,642,11.107435356549558,7.162397497355718,0
6097,1959,Graduation,Single,50664.0,1,1,2013-01-16,64,313,8,104,6,4,126,9,8,1,6,9,0,0,0,0,0,0,3,11,0,55,561,2,24,529,10.832990615882418,6.331501849893691,1
7019,1963,Graduation,Together,54414.0,1,1,2013-01-23,49,109,18,16,24,26,18,4,3,1,5,4,0,0,0,0,0,0,3,11,0,51,211,2,13,522,10.904395130130162,5.356586274672012,1
7408,1952,PhD,Married,54549.0,0,1,2014-03-03,8,216,2,6,0,0,9,2,5,1,4,7,0,0,0,0,0,0,3,11,0,62,233,1,12,118,10.906872991261217,5.455321115357702,0
8041,1971,PhD,Widow,47111.0,0,1,2012-09-08,35,595,71,153,120,112,41,6,3,2,10,9,0,0,0,0,0,0,3,11,0,43,1092,1,21,659,10.760283024624407,6.996681488176539,0
252,1963,PhD,Divorced,41003.0,0,0,2013-03-17,11,123,133,142,71,44,88,1,6,2,8,6,0,0,0,0,0,0,3,11,0,51,601,0,17,469,10.621424901903293,6.400257445308821,0
9986,1982,Graduation,Together,19444.0,1,0,2014-02-22,8,16,0,23,3,2,10,3,4,1,2,7,0,0,0,0,0,0,3,11,1,32,54,1,10,127,9.875345246589848,4.007333185232471,1
3276,1976,2n Cycle,Together,36301.0,1,0,2013-10-25,53,11,12,35,3,5,12,1,3,0,3,7,0,0,0,0,0,0,3,11,0,38,78,1,7,247,10.499628115153923,4.3694478524670215,1
3859,1947,PhD,Together,73059.0,0,1,2013-08-31,36,410,112,420,0,82,71,1,9,3,13,4,0,0,0,0,0,0,3,11,0,67,1095,1,26,302,11.199036300349274,6.999422467507961,0
3570,1969,PhD,Together,42731.0,1,0,2013-10-21,64,159,2,51,6,2,24,3,4,1,5,5,0,0,0,0,0,0,3,11,0,45,244,1,13,251,10.662703333065778,5.501258210544727,1
3783,1959,PhD,Married,52854.0,1,1,2014-03-24,43,105,0,10,0,1,0,2,2,1,4,5,0,0,0,0,0,0,3,11,0,55,116,2,9,97,10.875307594202763,4.762173934797756,1
10207,1978,Graduation,Together,22775.0,1,0,2013-06-19,40,5,1,8,0,0,1,1,1,0,2,8,0,0,0,0,0,0,3,11,0,36,15,1,4,375,10.033462628957874,2.772588722239781,1
10906,1948,PhD,Together,46681.0,0,2,2013-10-08,52,269,15,69,15,19,38,2,4,6,4,5,0,0,0,0,0,0,3,11,0,66,425,2,16,264,10.751113930384133,6.054439346269371,1
3427,1955,PhD,Married,59821.0,0,1,2013-04-12,11,629,0,70,0,0,35,6,11,2,7,8,0,0,0,0,0,0,3,11,0,59,734,1,26,443,10.999128765259284,6.5998704992128365,0
5209,1954,Graduation,Divorced,50002.0,0,1,2013-06-17,21,443,5,71,21,16,82,2,8,2,7,7,0,0,0,0,0,0,3,11,0,60,638,1,19,377,10.819838282610355,6.459904454377535,0
10711,1945,Graduation,Married,69755.0,0,0,2013-10-02,23,217,77,373,111,23,93,1,3,6,12,1,0,0,0,0,0,0,3,11,0,69,894,0,22,270,11.15275871748935,6.796823718274855,0
10785,1969,Graduation,Married,44078.0,1,1,2014-06-19,17,24,1,10,2,0,4,2,2,0,3,5,0,0,0,0,0,0,3,11,0,45,41,2,7,10,10.693738757544056,3.7376696182833684,1
2814,1976,Master,Together,30560.0,1,0,2013-06-27,6,9,1,5,4,5,7,1,1,0,3,7,0,0,0,0,0,0,3,11,0,38,31,1,5,367,10.327479965258176,3.4657359027997265,1
6866,1969,Master,Together,35924.0,1,1,2014-03-23,56,8,0,14,2,3,7,1,1,0,3,5,0,0,0,0,0,0,3,11,0,45,34,2,5,98,10.489188710947225,3.5553480614894135,1
1665,1964,PhD,Divorced,64140.0,0,2,2013-09-23,71,1459,0,61,0,15,215,5,2,5,6,5,1,0,1,0,1,0,3,11,1,50,1750,2,18,279,11.068839064020526,7.467942332285852,0
6575,1981,Graduation,Together,56386.0,1,1,2012-10-27,51,230,48,214,13,32,75,8,9,1,7,9,0,0,0,0,0,0,3,11,0,33,612,2,25,610,10.939993914463859,6.418364935936212,0
3829,1979,Basic,Together,24594.0,1,0,2013-12-10,94,1,3,6,10,0,9,1,1,0,3,5,0,0,0,0,0,0,3,11,0,35,29,1,5,201,10.11029844922944,3.4011973816621555,1
3091,1981,2n Cycle,Together,75774.0,1,0,2014-05-02,27,340,21,134,258,14,56,1,7,5,8,4,0,0,0,0,0,0,3,11,0,33,823,1,21,58,11.235523701926004,6.714170529909472,0
10141,1960,Master,Divorced,39228.0,0,0,2013-05-10,1,7,1,6,0,3,3,1,0,0,3,4,0,0,0,0,0,0,3,11,0,54,20,0,4,415,10.57717154818281,3.044522437723423,1
5177,1974,Master,Married,58494.0,0,1,2013-12-12,56,298,7,68,4,0,19,2,6,2,6,6,0,0,0,0,0,0,3,11,0,40,396,1,16,199,10.976696559481702,5.983936280687191,0
7005,1981,Graduation,Single,58684.0,0,0,2014-06-16,71,479,35,179,28,7,85,1,5,3,12,2,0,1,0,0,0,0,3,11,0,33,813,0,21,13,10.979939436534224,6.70196036600254,0
6409,1967,Graduation,Divorced,57136.0,0,0,2013-05-18,18,267,140,599,34,12,127,1,7,5,7,6,0,0,0,0,0,0,3,11,1,47,1179,0,20,407,10.953207171781322,7.07326971745971,0
7485,1950,PhD,Widow,56551.0,1,1,2014-05-07,48,67,4,32,17,2,16,3,2,1,4,4,0,0,0,0,0,0,3,11,0,64,138,2,10,53,10.94291584785079,4.9344739331306915,1
8079,1982,Graduation,Married,22448.0,1,0,2014-02-26,86,3,1,8,23,2,18,3,2,1,3,3,0,0,0,0,0,0,3,11,0,32,55,1,9,123,10.019001348748468,4.02535169073515,1
8395,1961,Graduation,Single,82014.0,0,0,2012-08-20,48,980,37,265,35,163,31,1,3,6,12,6,0,0,0,0,0,0,3,11,1,53,1511,0,22,678,11.314657436346586,7.321188556739479,0
10352,1963,Graduation,Widow,34213.0,1,1,2012-09-07,2,50,4,28,6,3,26,3,3,1,2,9,0,0,0,0,0,0,3,11,1,51,117,2,9,660,10.440390196012237,4.770684624465665,1
4931,1977,Graduation,Together,157146.0,0,0,2013-04-29,13,1,0,1725,2,1,1,0,0,28,0,1,0,0,0,0,0,0,3,11,0,37,1730,0,28,426,11.964936952002136,7.456454555176209,0
13,1947,PhD,Widow,25358.0,0,1,2013-07-22,57,19,0,5,0,0,8,2,1,0,3,6,0,0,0,0,0,0,3,11,0,67,32,1,6,342,10.140888975597038,3.4965075614664802,1
1834,1978,Master,Single,35544.0,1,0,2014-03-08,77,30,5,23,4,1,4,1,2,0,3,7,0,0,0,0,0,0,3,11,0,36,67,1,6,113,10.478554778363584,4.219507705176107,1
2285,1954,Master,Together,36634.0,0,1,2013-05-28,0,213,9,76,4,3,30,3,5,2,5,7,0,0,0,0,0,0,3,11,0,60,335,1,15,397,10.508759346594065,5.817111159963204,1
2295,1954,PhD,Married,62670.0,0,1,2014-02-02,57,539,30,92,80,46,38,1,5,3,13,3,0,0,0,0,0,0,3,11,0,60,825,1,22,147,11.04565409968947,6.716594773520978,0
1378,1972,2n Cycle,Together,50334.0,0,1,2013-07-24,24,284,16,160,84,16,134,6,7,4,6,6,0,0,0,0,0,0,3,11,0,42,694,1,23,340,10.826455939163523,6.543911845564792,0
2781,1981,Graduation,Single,72066.0,0,0,2014-06-23,55,1003,34,536,134,51,34,1,4,6,6,2,0,0,1,1,0,0,3,11,1,33,1792,0,17,6,11.18535152085534,7.491645473605133,0
1165,1958,PhD,Single,50729.0,1,1,2013-05-02,62,239,13,143,45,4,52,9,6,2,7,6,0,0,0,0,0,0,3,11,0,56,496,2,24,423,10.834272730560736,6.208590026096629,1
1404,1968,Graduation,Together,34916.0,2,0,2013-05-15,89,51,23,82,33,0,42,4,5,1,3,9,0,0,0,0,0,0,3,11,0,46,231,2,13,410,10.460729095610086,5.44673737166631,1
6457,1976,Graduation,Divorced,64892.0,0,1,2014-05-29,77,527,24,230,32,24,65,2,6,4,12,4,0,0,0,0,0,0,3,11,0,38,902,1,24,31,11.08049503863161,6.805722553416985,0
2639,1966,Graduation,Single,43602.0,1,1,2014-01-10,45,19,5,12,10,3,19,3,3,1,2,6,0,0,0,0,0,0,3,11,0,48,68,2,9,170,10.682881234309459,4.23410650459726,1
8299,1989,PhD,Single,33996.0,0,0,2013-09-11,46,40,2,15,8,0,6,1,1,1,3,4,0,0,0,0,0,0,3,11,0,25,71,0,6,291,10.434027564411219,4.276666119016055,1
6437,1985,2n Cycle,Single,41473.0,1,0,2013-06-19,80,21,8,20,15,3,9,1,2,0,3,7,0,0,0,0,0,0,3,11,0,29,76,1,6,375,10.632822003857786,4.343805421853684,1
6912,1967,PhD,Married,63246.0,0,2,2013-08-20,60,593,30,91,29,22,7,1,6,3,12,4,0,0,0,0,0,0,3,11,0,47,772,2,22,313,11.05480297463485,6.650279048587422,0
7327,1959,PhD,Married,36732.0,1,1,2013-12-29,71,21,5,3,10,1,7,3,1,1,4,2,0,0,0,0,0,0,3,11,0,55,47,2,9,182,10.511430812581505,3.8712010109078907,1
5299,1970,PhD,Married,69084.0,1,0,2013-11-19,43,1181,107,199,39,30,30,2,7,3,13,8,0,0,0,0,0,0,3,11,0,44,1586,1,25,222,11.14309290949077,7.369600720526409,0
4127,1967,PhD,Married,77766.0,0,1,2013-02-22,97,1004,59,265,115,59,27,2,11,10,11,6,1,0,0,0,0,0,3,11,1,47,1529,1,34,492,11.261472455658843,7.333023014386481,0
8143,1985,PhD,Single,37929.0,0,0,2013-07-30,49,202,2,46,3,2,10,2,4,2,5,7,0,1,0,1,0,0,3,11,1,29,265,0,13,334,10.543497634682945,5.583496308781699,0
1964,1951,Graduation,Together,86610.0,0,0,2013-09-05,66,446,107,768,33,196,53,1,5,6,6,2,0,0,0,0,0,0,3,11,0,63,1603,0,18,297,11.369182107269289,7.38025578842646,0
3690,1986,Master,Married,80141.0,0,0,2013-01-11,20,1184,102,673,52,40,40,1,7,4,10,6,0,0,1,0,0,0,3,11,1,28,2091,0,22,534,11.29155534020516,7.645875825184813,0
3433,1955,2n Cycle,Married,72635.0,0,0,2013-06-03,54,390,22,323,104,35,107,1,6,8,6,3,0,0,0,1,0,0,3,11,0,59,981,0,21,391,11.193215945679688,6.889591308354466,0
3389,1970,Graduation,Married,69016.0,0,1,2012-11-22,61,726,53,363,123,107,161,4,8,9,13,5,0,0,0,0,0,0,3,11,0,44,1533,1,34,584,11.142108130045209,7.335633981927201,0
4712,1991,2n Cycle,Together,20193.0,0,0,2012-11-28,18,8,8,22,24,11,9,1,1,1,4,4,0,0,0,0,0,0,3,11,0,23,82,0,7,578,9.913140809564267,4.418840607796598,1
1170,1975,Graduation,Married,27573.0,1,0,2013-03-25,45,50,15,110,39,15,15,4,5,1,4,8,0,0,0,0,0,0,3,11,0,39,244,1,14,461,10.224628578731574,5.501258210544727,1
6347,1979,Basic,Single,15862.0,1,0,2013-06-27,26,1,1,4,11,9,10,1,1,0,3,8,0,0,0,0,0,0,3,11,0,35,36,1,5,367,9.671744632408455,3.6109179126442243,1
4065,1976,PhD,Married,49544.0,1,0,2013-02-12,0,308,0,73,0,0,23,2,5,1,8,7,0,0,0,0,0,0,3,11,0,38,404,1,16,502,10.810636626493,6.003887067106539,0
8230,1980,Graduation,Married,33228.0,1,0,2014-01-23,28,22,2,31,7,4,5,1,2,0,3,7,0,0,0,0,0,0,3,11,0,34,71,1,6,157,10.411178267606632,4.276666119016055,1
1215,1978,Graduation,Together,70440.0,0,0,2013-10-08,49,690,117,499,76,102,88,1,5,10,7,3,0,0,0,1,0,0,3,11,0,36,1572,0,23,264,11.162530758988646,7.360739903058278,0
5939,1971,Graduation,Together,38232.0,1,1,2014-01-17,84,43,5,28,7,6,33,4,3,1,3,5,0,0,0,0,0,0,3,11,0,43,122,2,11,163,10.551454296015532,4.812184355372417,1
2156,1955,PhD,Married,22554.0,1,1,2012-11-03,38,27,0,10,0,0,4,4,2,0,4,5,0,0,0,0,0,0,3,11,0,59,41,2,10,603,10.023712049842496,3.7376696182833684,1
7788,1983,PhD,Married,23536.0,1,0,2014-06-04,53,6,0,3,0,0,1,1,0,0,3,3,0,0,0,0,0,0,3,11,0,31,10,1,4,25,10.066328930041957,2.3978952727983707,1
10323,1952,Graduation,Married,49413.0,0,1,2013-10-25,88,205,7,41,3,2,46,2,4,2,5,5,0,0,0,0,0,0,3,11,0,62,304,1,13,247,10.807989063835306,5.720311776607412,0
7947,1969,Graduation,Married,42231.0,1,1,2014-03-25,99,24,0,8,0,1,4,1,1,0,3,5,0,0,0,0,0,0,3,11,0,45,37,2,5,96,10.650933506503453,3.6375861597263857,1
1891,1980,Master,Divorced,78789.0,0,0,2012-08-08,12,667,50,850,21,83,83,1,4,6,5,2,0,0,0,0,0,0,3,11,1,34,1754,0,16,690,11.274541364239735,7.470224135899966,0
2570,1968,Graduation,Together,56534.0,0,1,2013-07-23,35,691,7,61,10,0,46,4,10,4,7,8,0,1,0,0,1,0,3,11,1,46,815,1,25,341,10.942615194369345,6.704414354964107,0
9256,1971,Graduation,Single,58350.0,0,1,2013-01-04,5,493,26,206,116,80,80,4,8,3,12,6,0,0,0,0,0,0,3,11,0,43,1001,1,27,541,10.974231775528432,6.90975328164481,0
295,1989,Graduation,Single,81217.0,0,0,2013-07-19,77,493,70,324,146,40,84,1,3,7,11,1,0,0,0,0,0,0,3,11,0,25,1157,0,22,345,11.304892176460372,7.05444965813294,0
7397,1951,Graduation,Single,49090.0,0,1,2013-07-19,45,494,5,82,7,0,100,3,7,2,9,7,0,0,0,0,0,0,3,11,0,63,688,1,21,345,10.801430997592224,6.535241271013659,0
6349,1987,Master,Divorced,61787.0,0,0,2013-07-06,71,621,73,414,78,48,85,1,8,4,6,5,0,0,0,0,0,0,3,11,0,27,1319,0,19,358,11.031464449834141,7.1853870155804165,0
10790,1985,PhD,Married,18169.0,1,0,2013-02-19,40,9,0,5,0,0,7,1,1,0,2,8,0,0,0,0,0,0,3,11,0,29,21,1,4,495,9.807527161390217,3.091042453358316,1
10398,1981,2n Cycle,Single,24336.0,1,0,2012-08-27,82,1,6,2,8,2,12,1,1,0,2,7,0,0,0,0,0,0,3,11,0,33,31,1,4,671,10.099753105042092,3.4657359027997265,1
2431,1990,Graduation,Married,18222.0,0,0,2012-12-31,70,12,4,19,12,6,14,1,2,0,3,8,0,0,0,0,0,0,3,11,0,24,67,0,6,545,9.810439811486056,4.219507705176107,1
550,1952,Graduation,Divorced,62335.0,0,1,2013-05-23,87,243,131,217,85,6,26,2,3,3,13,2,0,0,0,0,0,0,3,11,0,62,708,1,21,402,11.040294387002207,6.5638555265321274,0
1890,1971,2n Cycle,Together,42033.0,1,1,2012-09-19,95,11,1,4,2,0,7,1,1,0,2,7,0,0,0,0,0,0,3,11,0,43,25,2,4,648,10.646234093587358,3.258096538021482,1
10742,1983,PhD,Married,86580.0,0,0,2013-02-27,72,532,21,127,26,20,20,0,4,2,5,1,0,0,1,0,0,0,3,11,0,31,746,0,11,487,11.36883567094082,6.616065185132817,0
10356,1957,PhD,Divorced,41437.0,1,1,2012-09-22,5,29,0,2,0,0,1,1,1,0,3,7,0,0,0,0,0,0,3,11,0,57,32,2,5,645,10.631953613220428,3.4965075614664802,1
4676,1951,Master,Widow,73705.0,0,2,2014-03-05,86,612,91,520,258,107,107,2,9,6,8,5,0,0,0,0,0,0,3,11,0,63,1695,2,25,116,11.20783948598991,7.4360278163518485,0
8852,1976,Graduation,Married,61064.0,0,1,2012-08-31,80,387,126,342,0,45,180,5,8,4,11,6,0,0,0,0,0,0,3,11,0,38,1080,1,28,667,11.019694149605188,6.985641817639208,0
3565,1955,Master,Married,38452.0,1,1,2014-03-30,62,56,0,14,0,0,2,3,3,0,3,7,0,0,0,0,0,0,3,11,0,59,72,2,9,91,10.557191995297144,4.290459441148391,1
5294,1989,Graduation,Single,18358.0,1,0,2013-11-20,49,6,8,19,16,4,4,3,3,0,4,7,0,0,0,0,0,0,3,11,0,25,57,1,10,221,9.817875196460205,4.060443010546419,1
1958,1973,PhD,Together,55012.0,0,1,2014-03-21,85,582,0,65,0,0,13,6,8,2,9,5,0,0,0,0,0,0,3,11,0,41,660,1,25,100,10.915324799921489,6.493753839851687,0
7349,1973,Basic,Together,9722.0,1,0,2012-10-02,7,6,17,16,6,16,42,4,3,1,3,8,0,0,0,0,0,0,3,11,1,41,103,1,11,635,9.182249491809657,4.6443908991413725,1
8799,1984,PhD,Married,38175.0,1,0,2013-09-23,6,70,6,69,2,3,3,3,3,1,4,7,0,0,0,0,0,0,3,11,0,30,153,1,11,279,10.549962324897642,5.0369526024136295,1
1351,1956,Master,Together,58656.0,0,1,2012-09-20,25,962,12,194,16,24,12,4,7,8,13,6,0,0,1,0,0,0,3,11,0,58,1220,1,32,647,10.97946219904839,7.107425474110705,0
1045,1965,Graduation,Together,52117.0,0,1,2012-08-16,55,112,10,107,30,0,20,2,5,2,4,7,0,0,0,0,0,0,3,11,0,49,279,1,13,682,10.861265657517102,5.634789603169249,0
7732,1978,Graduation,Married,64813.0,1,0,2014-01-02,81,293,0,124,179,97,52,1,7,2,10,5,0,0,0,0,0,0,3,11,0,36,745,1,20,178,11.079276908387776,6.61472560020376,0
8070,1973,PhD,Married,54222.0,0,1,2014-03-01,98,199,12,31,3,12,7,1,3,3,5,3,0,0,0,0,0,0,3,11,0,41,264,1,12,120,10.900860451658483,5.579729825986222,0
477,1986,Graduation,Married,83512.0,0,0,2014-06-17,31,1060,61,835,80,20,101,1,4,7,10,1,1,0,1,1,1,0,3,11,1,28,2157,0,22,12,11.332757587343485,7.67693714581808,0
7832,1959,Master,Married,77520.0,0,1,2013-08-28,30,940,44,396,0,88,58,1,8,7,7,4,1,0,1,1,0,0,3,11,1,55,1526,1,23,305,11.258304146378245,7.3310603052186325,0
2202,1978,Graduation,Together,41154.0,0,1,2013-04-09,98,44,2,11,2,3,7,1,1,0,4,5,0,0,0,0,0,0,3,11,0,36,69,1,6,446,10.625100705406744,4.248495242049359,1
7396,1966,Graduation,Married,80398.0,0,0,2012-11-10,92,342,51,936,207,35,26,1,5,8,12,3,0,0,1,0,0,0,3,11,0,48,1597,0,26,596,11.294757017278762,7.37650812632622,0
4055,1992,Basic,Single,18746.0,1,0,2014-05-29,41,2,10,11,12,9,20,2,3,0,3,6,0,0,0,0,0,0,3,11,0,22,64,1,8,31,9.838789018597192,4.174387269895637,1
10340,1984,Graduation,Together,35196.0,1,0,2012-11-13,68,75,12,141,43,39,187,6,6,1,5,8,0,0,0,0,0,0,3,11,0,30,497,1,18,593,10.468716130681411,6.210600077024653,0
10091,1956,Graduation,Single,60230.0,0,1,2013-05-20,78,520,20,367,39,81,40,2,6,3,6,5,0,0,0,0,0,0,3,11,0,58,1067,1,17,405,11.005942448921688,6.97354301952014,0
7629,1977,Graduation,Married,22108.0,1,1,2014-05-08,46,5,3,9,6,2,6,2,2,0,3,7,0,0,0,0,0,0,3,11,0,37,31,2,7,52,10.00374004442522,3.4657359027997265,1
10640,1974,Graduation,Together,44392.0,1,1,2013-09-05,71,87,5,71,7,12,29,5,4,1,4,7,0,0,0,0,0,0,3,11,0,40,211,2,14,297,10.700837078333384,5.356586274672012,1
3498,1976,PhD,Married,55424.0,0,1,2012-11-25,6,462,61,184,10,53,107,4,7,5,9,6,1,0,0,0,0,0,3,11,1,38,877,1,25,581,10.922786034484512,6.777646593635117,0
6742,1979,Graduation,Married,17688.0,1,0,2013-01-13,82,2,2,1,3,1,2,1,1,0,2,8,0,0,0,0,0,1,3,11,0,35,11,1,4,532,9.780698256443507,2.4849066497880004,1
1172,1983,PhD,Married,92491.0,0,0,2013-05-01,71,979,44,935,29,25,22,1,7,5,12,3,0,1,1,1,0,0,3,11,1,31,2034,0,25,424,11.434877433273858,7.618251097876695,0
569,1991,Graduation,Single,90273.0,0,0,2013-12-14,32,704,129,853,120,74,111,1,5,6,7,2,0,1,1,1,0,0,3,11,1,23,1991,0,19,197,11.41060476882039,7.596894438144544,0
4686,1962,PhD,Widow,82571.0,0,0,2014-04-02,28,861,31,558,62,95,79,0,6,5,13,2,0,0,1,0,0,0,3,11,0,52,1686,0,24,88,11.32142591899048,7.430707082545968,0
1381,1982,PhD,Single,38513.0,1,0,2014-01-28,20,172,3,115,16,0,18,5,6,1,5,8,0,0,0,0,0,0,3,11,1,32,324,1,17,152,10.558777090539833,5.783825182329737,1
2634,1979,Master,Single,16653.0,1,0,2014-04-18,10,5,7,31,15,4,7,3,2,1,3,6,0,0,0,0,0,0,3,11,1,35,69,1,9,72,9.720405706795765,4.248495242049359,1
10905,1955,Graduation,Together,42586.0,1,1,2012-10-29,7,194,2,56,0,0,0,5,4,1,6,8,0,0,0,0,0,0,3,11,1,59,252,2,16,608,10.659304321366108,5.53338948872752,1
1744,1965,Basic,Single,23529.0,0,1,2013-01-07,67,9,7,13,3,2,20,1,1,1,2,6,0,0,0,0,0,0,3,11,0,49,54,1,5,538,10.066031481721408,4.007333185232471,1
1000,1961,Master,Together,74881.0,1,1,2013-03-08,48,505,72,270,36,27,54,4,9,2,12,5,0,0,0,0,0,0,3,11,0,53,964,2,27,478,11.223668820196494,6.872128101338986,0
3828,1951,Graduation,Married,71107.0,0,1,2013-02-17,61,533,10,217,198,174,195,2,7,6,13,4,0,0,0,0,0,0,3,11,0,63,1327,1,28,497,11.171955127042576,7.191429330036379,0
8605,1964,PhD,Together,46910.0,1,1,2014-03-23,36,48,0,14,0,0,6,2,2,0,3,6,0,0,0,0,0,0,3,11,0,50,68,2,7,98,10.75600746851162,4.23410650459726,1
10304,1959,Graduation,Married,18690.0,0,0,2012-12-28,77,6,1,7,23,4,19,1,1,1,2,8,0,0,0,0,0,0,3,11,0,55,60,0,5,548,9.835797403566177,4.110873864173311,1
4351,1955,Graduation,Divorced,37244.0,1,1,2013-04-27,90,18,2,10,0,0,25,1,1,1,2,7,1,0,0,0,0,0,3,11,0,59,55,2,5,428,10.525272986610377,4.02535169073515,1
10129,1966,Graduation,Together,82427.0,0,0,2014-03-12,35,482,147,509,104,107,107,1,3,5,12,1,0,0,1,0,0,0,3,11,0,48,1456,0,21,109,11.319680464001882,7.284134806195205,0
2499,1958,2n Cycle,Single,75342.0,0,1,2013-05-06,38,204,97,97,21,118,26,1,5,2,10,4,0,0,0,0,0,0,3,11,0,56,563,1,18,419,11.229806299938259,6.335054251498059,0
10092,1954,Graduation,Divorced,70044.0,0,1,2013-02-18,46,1073,0,250,153,14,14,4,7,10,5,5,0,0,0,0,0,0,3,11,0,60,1504,1,26,496,11.156893171630214,7.316548177182976,0
7500,1967,Graduation,Single,79146.0,1,1,2014-04-24,33,245,16,223,21,43,16,2,8,1,8,6,0,0,0,0,0,0,3,11,0,47,564,2,19,66,11.27906216187447,6.336825731146441,0
5796,1963,Graduation,Married,77437.0,0,0,2013-11-26,70,560,21,442,29,44,29,1,4,5,13,1,0,0,1,0,0,0,3,11,0,51,1125,0,23,215,11.257232895170668,7.026426808699636,0
10556,1959,Graduation,Married,54984.0,0,1,2014-05-24,51,173,13,131,32,3,6,4,6,1,6,7,0,0,0,1,0,0,3,11,0,55,358,1,17,36,10.914815699745034,5.883322388488279,0
1064,1971,PhD,Married,42403.0,1,0,2013-12-11,18,22,1,11,0,5,3,1,1,0,3,8,0,0,0,0,0,0,3,11,0,43,42,1,5,200,10.654997976392988,3.7612001156935624,1
48,1964,Graduation,Together,55761.0,0,1,2014-04-24,97,136,1,12,0,3,32,2,4,1,3,6,0,1,0,0,0,0,3,11,0,50,184,1,10,66,10.928847912796902,5.220355825078325,0
7610,1983,Graduation,Together,37292.0,1,0,2013-04-18,32,275,0,86,10,23,66,5,6,3,5,8,0,0,0,0,0,0,3,11,0,31,460,1,19,437,10.526560920459826,6.133398042996649,0
263,1945,PhD,Single,45576.0,0,0,2014-05-28,9,56,19,29,2,14,25,1,3,1,3,8,0,0,0,0,0,0,3,11,1,69,145,0,8,32,10.727158482292175,4.983606621708336,0
10814,1947,Graduation,Together,70321.0,0,0,2013-01-16,6,303,23,751,82,26,191,1,6,5,13,4,0,0,0,0,0,0,3,11,1,67,1376,0,25,529,11.160839973365304,7.227662498728655,0
9710,1969,PhD,Divorced,58086.0,0,1,2013-01-20,80,708,7,62,0,0,15,2,11,3,7,8,0,0,0,0,0,0,3,11,0,45,792,1,23,525,10.969697165652292,6.675823221634848,0
9292,1952,Graduation,Married,81795.0,0,0,2012-10-26,74,324,132,693,27,118,88,1,4,11,7,2,0,0,0,0,0,0,3,11,0,62,1382,0,23,611,11.311983621639705,7.232010331664759,0
10250,1947,Basic,Together,28389.0,0,0,2012-11-20,49,1,5,3,7,4,8,1,1,0,2,7,0,0,0,0,0,0,3,11,0,67,28,0,4,586,10.253792249467017,3.367295829986474,1
7881,1946,Master,Married,66835.0,0,0,2013-09-28,21,620,26,195,34,17,141,1,6,4,13,2,0,0,0,0,0,0,3,11,0,68,1033,0,24,274,11.109997136514034,6.9411900550683745,0
5847,1969,Graduation,Divorced,69901.0,0,1,2013-05-29,95,312,21,206,102,92,149,3,7,3,10,5,0,0,0,0,0,0,3,11,0,45,882,1,23,396,11.154849540115867,6.78332520060396,0
737,1949,PhD,Married,80360.0,0,0,2013-03-03,56,1493,86,454,112,43,43,2,4,4,5,2,0,1,1,1,0,0,3,11,0,65,2231,0,15,483,11.294284262853436,7.710653323501202,0
3571,1961,PhD,Together,63342.0,0,1,2012-10-16,48,918,21,118,13,10,21,3,8,3,5,6,0,1,0,0,0,0,3,11,1,53,1101,1,19,621,11.056319682406446,7.00488198971286,0
7807,1974,Graduation,Married,44989.0,0,1,2012-09-12,26,98,0,106,49,10,106,5,5,1,5,6,0,0,0,0,0,0,3,11,0,40,369,1,16,655,10.714195521835219,5.91350300563827,0
3878,1980,2n Cycle,Single,31859.0,1,0,2014-02-27,3,3,4,7,15,8,11,1,1,0,3,7,0,0,0,0,0,0,3,11,0,34,48,1,5,122,10.36910658346404,3.8918202981106265,1
5092,1949,PhD,Widow,51569.0,0,1,2013-02-12,39,380,0,47,6,0,34,4,7,1,7,8,0,1,0,0,0,0,3,11,1,65,467,1,19,502,10.850695387045004,6.148468295917647,0
2154,1971,Graduation,Widow,30372.0,1,1,2012-12-25,33,15,0,12,7,3,7,3,2,0,3,7,0,0,0,0,0,0,3,11,0,43,44,2,8,551,10.321309334853664,3.8066624897703196,1
5394,1979,Basic,Single,16014.0,1,1,2013-03-17,42,3,9,4,7,8,7,4,1,1,4,3,0,0,0,0,0,0,3,11,0,35,38,2,10,469,9.681281062043258,3.6635616461296463,1
3798,1968,Graduation,Married,41120.0,1,1,2013-11-06,80,24,2,23,0,8,24,3,2,1,3,6,0,0,0,0,0,0,3,11,0,46,81,2,9,235,10.62427421889949,4.406719247264253,1
3524,1971,Master,Single,39763.0,1,0,2013-08-04,9,80,1,60,4,6,16,2,5,1,2,9,0,0,0,0,0,0,3,11,1,43,167,1,10,329,10.590717259332036,5.123963979403259,1
5247,1955,PhD,Married,38725.0,1,1,2014-05-10,52,31,0,6,2,1,5,2,1,0,4,4,0,0,0,0,0,0,3,11,0,59,45,2,7,50,10.564266488063344,3.828641396489095,1
5883,1972,Graduation,Married,77981.0,1,0,2013-05-26,78,138,120,204,16,126,60,3,7,4,7,5,0,0,0,0,0,0,3,11,0,42,664,1,21,399,11.264233309809644,6.499787040655854,0
2118,1964,2n Cycle,Married,62905.0,0,1,2013-09-10,68,166,75,96,119,107,59,3,7,2,8,4,0,0,0,0,0,0,3,11,0,50,622,1,20,292,11.049396827646396,6.434546518787453,0
8812,1979,2n Cycle,Divorced,13533.0,1,0,2013-03-10,45,12,3,8,8,0,17,2,2,0,3,7,0,0,0,0,0,0,3,11,0,35,48,1,7,476,9.51296031679217,3.8918202981106265,1
6616,1975,Graduation,Together,59481.0,0,1,2013-10-23,47,178,3,85,71,66,58,2,3,3,8,2,0,0,0,0,0,0,3,11,0,39,461,1,16,249,10.993429024756606,6.135564891081739,0
2797,1977,Graduation,Married,72117.0,0,1,2013-08-20,34,707,20,171,65,60,50,1,9,7,9,5,0,0,0,0,0,0,3,11,0,37,1073,1,26,313,11.186058945374214,6.97914527506881,0
4328,1986,2n Cycle,Married,21955.0,1,0,2013-09-07,81,5,1,7,17,14,11,2,2,1,3,6,0,0,0,0,0,0,3,11,0,28,55,1,8,295,9.99679572966978,4.02535169073515,1
9167,1956,Graduation,Married,67131.0,0,1,2013-03-26,72,465,71,250,93,35,62,3,9,2,12,6,0,0,0,0,0,0,3,11,0,58,976,1,26,460,11.11441610942807,6.884486652042782,0
10560,1980,PhD,Single,36802.0,1,0,2014-06-16,23,16,1,2,0,0,1,1,1,0,3,5,0,0,0,0,0,0,3,11,0,34,20,1,5,13,10.513334642573437,3.044522437723423,1
2631,1982,Graduation,Together,71853.0,0,0,2013-05-08,29,358,108,413,141,97,32,1,2,8,6,1,0,0,0,0,0,0,3,11,0,32,1149,0,17,417,11.182391561495495,7.047517221357296,0
8312,1961,Basic,Married,28249.0,0,0,2014-06-15,80,1,9,7,2,14,10,1,2,0,3,6,0,0,0,0,0,0,3,11,0,53,43,0,6,14,10.248848736574587,3.784189633918261,1
5534,1975,Master,Married,47808.0,0,1,2013-10-20,30,123,1,26,2,0,72,2,3,2,3,7,1,0,0,0,0,0,3,11,0,39,224,1,10,252,10.77496918527507,5.41610040220442,0
5093,1974,PhD,Divorced,25509.0,1,0,2012-09-18,15,40,3,30,10,7,11,3,3,0,3,9,0,0,0,0,0,0,3,11,1,40,101,1,9,649,10.146825811135857,4.624972813284271,1
7592,1946,PhD,Married,51012.0,0,0,2013-04-18,86,102,9,63,2,9,24,1,4,1,4,6,0,0,0,0,0,0,3,11,0,68,209,0,10,437,10.839835781185261,5.3471075307174685,0
8895,1985,Graduation,Single,70596.0,0,0,2012-10-05,68,347,44,534,17,0,26,1,3,5,12,2,0,0,0,0,0,0,3,11,0,29,968,0,21,632,11.164742929660637,6.876264611890766,0
8584,1952,PhD,Together,85431.0,0,0,2013-06-08,54,376,53,462,168,53,53,1,2,7,7,0,0,0,0,0,0,0,3,11,0,62,1165,0,17,386,11.355476016851382,7.061334366910438,0
2694,1967,Graduation,Married,42664.0,0,1,2014-03-18,44,21,0,3,0,0,0,1,1,0,3,6,0,0,0,0,0,0,3,11,0,47,24,1,5,103,10.661134190970685,3.2188758248682006,1
8910,1955,Graduation,Together,42586.0,1,1,2012-10-29,7,194,2,56,0,0,0,5,4,1,6,8,0,0,0,0,0,0,3,11,1,59,252,2,16,608,10.659304321366108,5.53338948872752,1
7433,1985,Graduation,Single,29760.0,1,0,2012-08-29,87,64,4,68,7,5,17,4,3,1,4,8,0,0,0,0,0,0,3,11,0,29,165,1,12,669,10.300954090533025,5.111987788356544,1
164,1977,PhD,Married,28973.0,0,0,2012-10-13,59,206,0,46,3,2,12,2,5,1,5,8,0,0,0,0,0,0,3,11,0,37,269,0,13,624,10.274154155101597,5.598421958998375,0
10477,1973,PhD,Together,39435.0,1,0,2013-08-06,16,71,0,18,0,0,13,1,3,1,2,7,0,0,0,0,0,0,3,11,0,41,102,1,7,327,10.582434383694931,4.634728988229636,1
2681,1984,2n Cycle,Married,65370.0,0,0,2013-08-01,1,71,22,112,138,89,29,1,2,3,13,1,0,0,0,0,0,0,3,11,0,30,461,0,19,332,11.087834014026866,6.135564891081739,0
5150,1979,Basic,Single,20194.0,1,0,2012-12-17,64,0,4,7,11,10,15,2,2,0,3,6,0,0,0,0,0,0,3,11,0,35,47,1,7,559,9.913190327997514,3.8712010109078907,1
5283,1976,PhD,Single,42473.0,1,1,2014-02-17,72,93,1,21,0,4,25,3,2,1,4,5,0,0,0,0,0,0,3,11,0,38,144,2,10,132,10.656647403002244,4.976733742420574,1
9645,1968,Graduation,Married,64590.0,0,0,2012-10-14,98,920,138,168,36,46,30,1,9,4,10,6,0,0,0,0,0,0,3,11,0,46,1338,0,24,623,11.075830361179467,7.199678345691172,0
10678,1959,Graduation,Together,71232.0,0,1,2013-11-28,91,653,17,170,34,26,17,2,11,2,10,7,0,0,0,0,0,0,3,11,0,55,917,1,25,213,11.173711473170998,6.822197390620491,0
7261,1971,Graduation,Together,34600.0,1,1,2013-01-01,8,199,33,60,8,3,15,5,5,2,5,8,0,0,0,0,0,0,3,11,1,43,318,2,17,544,10.451637862362272,5.765191102784844,1
9648,1967,Graduation,Single,46904.0,1,1,2012-11-03,20,153,4,56,0,9,31,4,5,1,4,8,0,0,0,0,0,0,3,11,0,47,253,2,14,603,10.755879558560052,5.537334267018537,1
2870,1973,Graduation,Married,49094.0,0,1,2012-09-21,6,376,0,38,11,8,69,5,6,3,6,6,0,0,0,0,0,0,3,11,0,41,502,1,20,646,10.80151247560339,6.220590170099739,0
8008,1983,Graduation,Together,36075.0,1,0,2013-12-09,54,46,0,30,12,1,30,1,2,0,4,6,0,0,0,0,0,0,3,11,0,31,119,1,7,202,10.493383103285598,4.787491742782046,1
1513,1979,2n Cycle,Together,60839.0,1,1,2012-08-28,72,600,21,128,223,150,128,13,2,2,12,8,0,0,0,0,0,0,3,11,0,35,1250,2,29,670,11.016002746373228,7.1316985104669115,0
6173,1979,Graduation,Together,77298.0,0,1,2013-11-02,46,425,115,292,23,35,79,1,6,6,11,3,0,0,0,0,0,0,3,11,0,35,969,1,24,239,11.255436297881227,6.877296071497429,0
1419,1950,Graduation,Together,34026.0,1,1,2013-08-05,11,18,6,15,12,8,17,3,2,1,3,5,0,0,0,0,0,0,3,11,0,64,76,2,9,328,10.434909606100769,4.343805421853684,1
9150,1963,PhD,Single,48918.0,1,1,2014-04-12,21,52,0,9,0,0,1,2,1,0,4,4,0,0,0,0,0,0,3,11,0,51,62,2,7,78,10.797921148054973,4.143134726391533,1
7960,1962,2n Cycle,Together,82122.0,0,0,2013-08-15,89,734,22,350,151,25,100,1,3,9,13,1,0,0,1,0,0,0,3,11,0,52,1382,0,26,318,11.315973402370126,7.232010331664759,0
1250,1976,Graduation,Single,37697.0,1,0,2014-02-07,82,34,6,21,11,4,8,1,2,1,3,6,0,0,0,0,0,0,3,11,0,38,84,1,7,142,10.537362321631003,4.442651256490317,1
9905,1952,Graduation,Together,34074.0,1,1,2013-07-13,69,135,1,41,10,1,67,5,3,3,3,6,1,0,0,0,0,0,3,11,0,62,255,2,14,351,10.436319256564733,5.545177444479562,1
10691,1960,Master,Married,28520.0,1,1,2013-06-14,55,11,0,10,0,2,20,1,1,1,2,6,0,0,0,0,0,0,3,11,0,54,43,2,5,380,10.25839593702714,3.784189633918261,1
7002,1955,Graduation,Single,62535.0,0,1,2013-10-03,13,163,48,90,0,45,52,1,3,2,8,3,0,0,0,0,0,0,3,11,0,59,398,1,14,269,11.043497669900166,5.988961416889864,0
2952,1977,Master,Single,36273.0,1,0,2014-04-16,80,29,3,30,3,2,9,2,3,0,3,6,0,0,0,0,0,0,3,11,0,37,76,1,8,74,10.498856510177369,4.343805421853684,1
8439,1964,Graduation,Together,63404.0,0,2,2014-06-06,97,734,26,70,11,44,17,2,6,3,4,4,0,0,0,1,0,0,3,11,0,50,902,2,15,23,11.057298001669,6.805722553416985,0
762,1981,2n Cycle,Together,75774.0,1,0,2014-05-02,27,340,21,134,258,14,56,1,7,5,8,4,0,0,0,0,0,0,3,11,0,33,823,1,21,58,11.235523701926004,6.714170529909472,0
2831,1976,Graduation,Together,78416.0,0,1,2014-06-27,99,453,38,279,188,38,183,2,7,7,10,3,0,0,0,0,0,0,3,11,0,38,1179,1,26,2,11.269796019567506,7.07326971745971,0
6977,1974,Graduation,Together,75702.0,0,1,2012-10-14,87,1073,0,629,145,37,37,1,10,5,13,6,0,0,1,0,0,0,3,11,0,40,1921,1,29,623,11.234573068759179,7.561121589530238,0
6289,1951,Master,Together,59385.0,1,1,2013-04-28,85,135,0,10,0,4,36,2,3,1,4,5,0,0,0,0,0,0,3,11,0,63,185,2,10,427,10.991813787335737,5.225746673713202,1
4168,1966,Graduation,Single,37070.0,1,1,2013-03-20,30,231,7,137,4,15,39,9,5,1,8,7,0,0,0,0,0,0,3,11,1,48,433,2,23,466,10.520590271772301,6.073044534100405,1
8397,1951,Graduation,Married,44689.0,1,1,2014-01-10,82,18,0,5,0,0,11,2,1,1,2,7,1,0,0,0,0,0,3,11,0,63,34,2,6,170,10.707505041927497,3.5553480614894135,1
9284,1958,Graduation,Together,53977.0,0,1,2013-06-08,21,620,16,165,0,24,82,5,5,5,12,5,0,0,0,0,0,0,3,11,0,56,907,1,27,386,10.896331835126059,6.811244378601294,0
6237,1966,PhD,Single,7144.0,0,2,2013-12-07,92,81,4,33,5,2,291,0,23,1,1,0,0,0,0,0,0,0,3,11,0,48,416,2,25,204,8.874168090363968,6.0330862217988015,1
3130,1964,Graduation,Single,18701.0,1,1,2013-06-04,95,12,4,2,10,6,10,4,2,0,4,5,0,0,0,0,0,0,3,11,0,50,44,2,10,390,9.836385748995392,3.8066624897703196,1
1619,1956,Graduation,Married,90369.0,0,0,2014-04-28,2,292,51,981,224,23,17,1,4,6,6,1,0,0,0,0,0,0,3,11,1,58,1588,0,17,62,11.411667632896002,7.370860166536716,0
1990,1974,PhD,Single,63159.0,0,0,2012-11-05,74,965,34,586,89,86,37,1,3,5,8,3,1,0,0,0,0,0,3,11,0,40,1797,0,17,601,11.053426468369578,7.494430215031565,0
5513,1966,Graduation,Together,37758.0,1,1,2012-10-04,49,27,2,10,0,0,1,2,1,0,3,8,0,0,0,0,0,0,3,11,0,48,40,2,6,633,10.538979136857908,3.713572066704308,1
269,1963,PhD,Single,46757.0,0,1,2012-11-16,71,777,30,163,0,51,122,6,4,4,7,9,0,0,0,0,0,0,3,11,0,51,1143,1,21,590,10.752740643071617,7.042286171939743,0
8093,1969,Master,Married,79734.0,0,0,2014-06-28,72,572,8,232,23,62,17,1,4,3,6,1,0,0,0,1,0,0,3,11,0,45,914,0,14,1,11.286463915182072,6.818924065275521,0
10513,1992,Graduation,Together,63207.0,0,0,2013-01-20,68,438,169,565,91,169,70,1,2,3,6,7,0,0,0,1,0,0,3,11,0,22,1502,0,12,525,11.054186154402569,7.315218389752975,0
10177,1954,Graduation,Divorced,72071.0,0,1,2013-02-14,4,531,69,300,150,138,150,3,5,4,8,2,0,0,0,0,0,0,3,11,0,60,1338,1,20,500,11.185420898331277,7.199678345691172,0
2549,1983,PhD,Together,21840.0,1,0,2013-07-21,80,17,0,9,0,0,1,1,1,0,3,9,0,0,0,0,0,0,3,11,0,31,27,1,5,343,9.991544216356411,3.332204510175204,1
5782,1982,2n Cycle,Together,58582.0,0,1,2013-09-28,15,402,35,106,101,77,42,2,9,2,9,5,0,1,0,0,0,0,3,11,0,32,763,1,22,274,10.978199831088187,6.638567789166521,0
10057,1951,Graduation,Single,72282.0,0,0,2013-07-19,70,503,27,419,90,139,153,1,5,7,9,7,0,0,0,0,0,0,3,11,1,63,1331,0,22,345,11.188344249102178,7.194436851100335,0
10307,1956,Graduation,Married,50387.0,0,2,2013-08-31,91,369,9,87,12,14,34,3,6,2,8,5,0,0,0,0,0,0,3,11,0,58,525,2,19,302,10.827508330472194,6.26530121273771,1
8566,1961,PhD,Together,32583.0,1,1,2014-06-15,10,5,0,3,0,0,1,1,1,0,2,7,0,0,0,0,0,0,3,11,0,53,9,2,4,14,10.391576649328249,2.302585092994046,1
2415,1962,Graduation,Together,62568.0,0,1,2014-04-07,99,362,17,398,80,35,61,3,5,3,5,4,0,0,0,1,0,0,3,11,0,52,953,1,16,83,11.044025226764646,6.860663671448287,0
5684,1971,Master,Divorced,44635.0,1,1,2013-10-11,25,56,0,9,0,0,3,2,2,0,3,7,0,0,0,0,0,0,3,11,0,43,68,2,7,261,10.706295987305591,4.23410650459726,1
8334,1971,Master,Single,33316.0,1,1,2013-10-04,34,79,1,31,4,4,12,3,2,1,4,6,0,0,0,0,0,0,3,11,0,43,131,2,10,268,10.413823056212888,4.882801922586371,1
9166,1968,Graduation,Married,63967.0,0,1,2013-08-09,57,387,84,141,73,35,162,3,4,4,12,2,0,0,0,0,0,0,3,11,0,46,882,1,23,324,11.066138237300127,6.78332520060396,0
1440,1978,2n Cycle,Together,52513.0,0,0,2012-09-04,84,367,17,241,104,188,232,2,9,5,9,7,0,0,0,0,0,0,3,11,0,36,1149,0,25,663,10.868835079697146,7.047517221357296,0
78,1969,Graduation,Married,25293.0,1,0,2013-09-15,51,15,0,11,0,2,9,1,1,1,2,8,0,0,0,0,0,0,3,11,0,45,37,1,5,287,10.138322492439922,3.6375861597263857,1
5441,1965,PhD,Widow,54111.0,0,1,2013-08-25,97,267,6,54,8,3,50,2,5,2,6,5,0,0,0,0,0,0,3,11,0,49,388,1,15,308,10.898811251698307,5.963579343618446,0
5302,1986,Graduation,Together,78394.0,0,0,2013-02-15,13,298,27,697,216,24,166,1,4,6,5,2,0,0,0,0,0,0,3,11,1,28,1428,0,16,499,11.26951542879455,7.264730177929867,0
4687,1958,Master,Married,80739.0,0,0,2013-05-23,92,674,92,736,39,0,92,1,3,11,9,1,0,0,0,0,0,0,3,11,0,56,1633,0,24,402,11.298989394406933,7.3987862754199485,0
1087,1975,Master,Together,22669.0,1,0,2013-05-22,30,16,14,36,37,22,48,3,4,1,2,9,0,0,0,0,0,0,3,11,1,39,173,1,10,403,10.028797743501574,5.159055299214529,1
6859,1987,Graduation,Single,29236.0,1,0,2013-10-08,30,37,4,24,16,9,9,2,4,0,3,9,0,0,0,0,0,0,3,11,0,27,99,1,9,264,10.283190309420853,4.605170185988092,1
9860,1959,Graduation,Together,44911.0,0,1,2013-03-15,11,159,0,22,2,1,31,3,4,1,4,7,0,0,0,0,0,0,3,11,0,55,215,1,12,471,10.712460298601664,5.375278407684165,1
7129,1962,PhD,Married,54693.0,0,1,2013-02-17,72,686,17,142,23,26,35,8,6,4,13,6,0,0,0,0,0,0,3,11,0,52,929,1,31,497,10.909509293179877,6.835184586147301,0
5866,1974,Graduation,Together,48186.0,1,0,2014-03-20,39,97,3,66,12,7,34,3,4,1,4,7,0,0,0,0,0,0,3,11,0,40,219,1,12,101,10.782844554116963,5.393627546352361,0
10521,1977,Graduation,Married,54809.0,1,1,2013-09-11,0,63,6,57,13,13,22,4,2,1,5,4,0,0,0,0,0,0,3,11,1,37,174,2,12,291,10.911627938040162,5.1647859739235145,1
7393,1978,Graduation,Together,41580.0,1,1,2012-12-10,15,56,5,24,4,0,3,3,2,1,3,5,0,0,0,0,0,0,3,11,0,36,92,2,9,566,10.635398611146856,4.532599493153256,1
7849,1970,PhD,Married,80336.0,0,0,2013-09-09,12,209,19,456,160,142,66,1,2,9,13,1,0,0,0,0,0,0,3,11,0,44,1052,0,25,293,11.293985565916593,6.959398512133975,0
332,1957,Graduation,Married,47743.0,0,1,2013-03-22,56,198,2,43,0,12,20,3,4,1,6,6,0,1,0,0,0,0,3,11,0,57,275,1,14,464,10.773608683563433,5.62040086571715,0
9847,1955,2n Cycle,Married,62972.0,0,1,2012-08-03,39,313,15,47,20,0,192,2,7,4,3,6,0,0,0,0,0,0,3,11,0,59,587,1,16,695,11.050461342082116,6.376726947898627,0
531,1954,PhD,Divorced,57333.0,0,1,2012-09-22,55,941,14,397,76,58,176,11,8,5,9,6,0,0,0,0,0,0,3,11,1,60,1662,1,33,645,10.956649094966853,7.416378479192928,0
9576,1982,PhD,Together,32313.0,1,0,2013-02-11,60,86,4,56,2,4,7,3,4,0,4,9,0,0,0,0,0,0,3,11,0,32,159,1,11,503,10.383255851836775,5.075173815233827,1
6906,1953,Master,Widow,84953.0,0,0,2013-06-03,73,167,48,602,63,72,72,1,3,10,4,2,0,1,1,1,0,0,3,11,1,61,1024,0,18,391,11.349865212513025,6.932447891572509,0
7419,1968,Master,Divorced,27071.0,1,0,2014-04-23,90,8,3,19,0,2,3,2,2,0,3,6,0,0,0,0,0,0,3,11,0,46,35,1,7,67,10.20625526240595,3.58351893845611,1
3170,1957,Master,Together,68148.0,0,0,2013-08-31,86,389,66,408,37,57,85,1,4,4,6,2,0,0,0,0,0,0,3,11,0,57,1042,0,15,302,11.129451763502715,6.949856455000773,0
8527,1965,Master,Together,65735.0,1,1,2013-12-07,37,239,7,119,4,15,11,5,6,2,6,7,0,0,0,0,0,0,3,11,0,49,395,2,19,204,11.093401999611023,5.981414211254481,0
7872,1975,PhD,Married,86836.0,0,0,2012-09-12,7,179,21,273,0,21,63,1,6,10,6,5,1,0,1,1,0,0,3,11,1,39,557,0,23,655,11.37178807710346,6.324358962381311,0
9931,1963,PhD,Married,4023.0,1,1,2014-06-23,29,5,0,1,1,1,1,15,0,0,0,19,0,0,0,0,0,0,3,11,0,51,9,2,15,6,8.300031711779575,2.302585092994046,1
10595,1990,Graduation,Married,30093.0,0,0,2013-07-08,19,2,6,28,13,4,16,1,2,0,3,7,0,0,0,0,0,0,3,11,0,24,69,0,6,356,10.312081095318824,4.248495242049359,1
4609,1966,PhD,Married,57705.0,0,1,2014-01-11,14,383,0,53,6,4,40,3,8,1,6,6,0,0,0,0,0,0,3,11,0,48,486,1,18,169,10.96311643322519,6.18826412308259,0
5010,1988,Graduation,Single,25008.0,1,0,2014-02-02,72,2,8,8,6,1,9,2,1,0,3,8,0,0,0,0,0,0,3,11,0,26,34,1,6,147,10.126991039065885,3.5553480614894135,1
4427,1995,2n Cycle,Single,83257.0,0,0,2012-09-18,56,536,27,590,38,107,67,1,5,10,12,6,1,0,1,0,0,1,3,11,1,19,1365,0,28,649,11.329699499321853,7.2196420401307355,0
11148,1975,Graduation,Together,22280.0,1,0,2013-05-19,85,2,1,4,3,1,2,1,1,0,2,8,0,0,0,0,0,0,3,11,0,39,13,1,4,406,10.011489576337405,2.639057329615259,1
1168,1978,PhD,Married,72159.0,0,0,2012-10-29,62,322,53,899,34,40,53,1,4,6,10,2,0,0,0,0,0,0,3,11,0,36,1401,0,21,608,11.186641154736506,7.2456550675945355,0
9595,1961,Graduation,Together,64260.0,0,0,2013-01-11,1,539,169,816,20,0,30,1,4,5,4,3,0,0,0,0,0,0,3,11,1,53,1574,0,14,534,11.070708194329034,7.362010551259734,0
10163,1984,PhD,Single,82733.0,0,0,2013-09-10,28,712,50,420,65,38,38,1,8,4,7,4,0,0,0,0,0,0,3,11,1,30,1323,0,20,292,11.323385921069796,7.188412736496954,0
2886,1971,Master,Divorced,74290.0,0,1,2013-08-12,70,1121,0,72,0,12,12,4,10,8,10,6,0,1,0,1,0,0,3,11,0,43,1217,1,32,321,11.215745092817135,7.1049654482698426,0
6710,1951,Master,Single,58217.0,2,1,2012-11-17,84,68,1,13,3,5,13,1,2,0,4,6,0,0,0,0,0,0,3,11,0,63,103,3,7,589,10.971949864253354,4.6443908991413725,1
5316,1976,Master,Together,21024.0,0,0,2013-07-04,89,36,4,18,6,2,18,1,2,0,4,7,0,0,0,0,0,0,3,11,0,38,84,0,7,360,9.953467484841148,4.442651256490317,1
9029,1972,PhD,Married,70116.0,0,0,2013-01-26,73,707,44,603,95,58,29,1,2,8,12,1,0,0,0,0,0,0,3,11,0,42,1536,0,23,519,11.157920554320716,7.337587743538596,0
521,1985,Graduation,Together,54006.0,1,0,2012-09-18,42,174,77,203,6,24,97,2,8,1,7,7,0,0,0,0,0,0,3,11,0,29,581,1,18,649,10.896868946774847,6.366470447731438,0
1459,1966,PhD,Married,69063.0,0,1,2012-11-07,16,666,35,124,69,8,26,1,5,3,5,3,0,0,0,0,0,0,3,11,0,48,928,1,14,599,11.142788889915359,6.834108738813838,0
10241,1975,2n Cycle,Divorced,11448.0,0,0,2013-12-15,16,0,0,0,6,2,6,1,1,0,2,6,0,0,0,0,0,0,3,11,0,39,14,0,4,196,9.345657668923812,2.70805020110221,1
1630,1979,Graduation,Single,61825.0,0,1,2013-08-07,56,162,50,100,55,30,27,1,4,2,8,4,0,0,0,0,0,0,3,11,0,35,424,1,15,326,11.032079266945424,6.052089168924417,0
3254,1971,Graduation,Married,70886.0,1,0,2013-10-14,65,407,70,239,103,88,53,1,5,4,4,2,0,0,0,0,0,0,3,11,0,43,960,1,14,258,11.168842338867679,6.8679744089702925,0
9064,1982,Graduation,Married,69109.0,0,0,2012-11-09,10,823,25,459,124,29,95,1,6,6,7,4,0,0,1,0,0,0,3,11,1,32,1555,0,20,597,11.14345471708544,7.349873704738337,0
3678,1973,Graduation,Widow,60208.0,1,1,2012-10-07,13,488,23,71,15,0,59,11,8,3,7,7,0,1,0,0,0,0,3,11,1,41,656,2,29,630,11.005577121783782,6.487684018484611,0
4227,1968,Master,Together,32889.0,1,1,2013-09-06,78,28,0,13,4,2,8,3,2,1,3,5,0,0,0,0,0,0,3,11,0,46,55,2,9,296,10.400923939183103,4.02535169073515,1
9467,1984,Graduation,Single,34738.0,1,0,2014-05-11,51,3,2,10,3,0,2,1,1,0,3,6,0,0,0,0,0,0,3,11,0,30,20,1,5,49,10.455618254118846,3.044522437723423,1
8486,1971,Master,Together,30538.0,1,0,2012-10-01,27,284,0,52,8,3,20,4,9,0,4,10,0,0,0,0,0,0,3,11,0,43,367,1,17,636,10.326759834294158,5.908082938168931,1
2186,1977,2n Cycle,Together,82326.0,0,0,2014-03-10,30,938,142,754,159,81,183,1,5,10,6,2,0,1,1,1,0,0,3,11,1,37,2257,0,22,111,11.318454400906349,7.722234744709607,0
3286,1967,PhD,Divorced,26642.0,1,0,2014-03-01,71,13,2,15,2,2,8,2,2,0,3,6,0,0,0,0,0,0,3,11,0,47,42,1,7,120,10.190281730926614,3.7612001156935624,1
8602,1964,Graduation,Divorced,69932.0,0,1,2013-06-12,97,412,172,153,150,105,57,2,7,6,11,4,0,0,0,0,0,0,3,11,0,50,1049,1,26,382,11.155292919820631,6.956545443151569,0
3722,1972,Graduation,Single,44503.0,1,1,2014-04-16,83,31,1,8,0,0,8,2,2,0,3,6,0,0,0,0,0,0,3,11,0,42,48,2,7,74,10.70333435175513,3.8918202981106265,1
6715,1948,PhD,Single,60200.0,0,1,2013-01-02,3,502,19,132,0,6,26,6,6,2,11,6,0,0,0,0,0,0,3,11,0,66,685,1,25,543,11.005444242454628,6.530877627725885,0
4796,1952,Graduation,Divorced,49638.0,0,1,2014-04-19,71,18,10,3,3,5,0,1,1,0,3,2,0,0,0,0,0,0,3,11,0,62,39,1,5,71,10.81253209407131,3.6888794541139363,1
9612,1987,2n Cycle,Single,23830.0,0,0,2014-02-07,3,1,8,6,4,8,16,1,1,0,3,7,0,0,0,0,0,0,3,11,0,27,43,0,5,142,10.078742533123364,3.784189633918261,1
3766,1959,Master,Widow,33051.0,0,0,2012-08-16,15,100,71,243,108,94,219,3,9,1,8,9,0,0,0,0,0,0,3,11,1,55,835,0,21,682,10.405837357821074,6.728628613084702,0
1399,1958,Graduation,Married,72905.0,0,0,2014-01-21,52,407,114,445,181,165,203,1,3,7,9,1,0,0,0,1,0,0,3,11,0,56,1515,0,20,159,11.196926219136667,7.323830566202317,0
1570,1951,PhD,Together,69702.0,0,1,2013-02-19,8,664,9,240,50,19,57,2,7,7,10,4,0,0,0,0,0,0,3,11,0,63,1039,1,26,495,11.151998637429239,6.946975992135418,0
3426,1975,Graduation,Divorced,70300.0,1,0,2013-07-15,89,1045,61,338,60,46,46,3,5,5,13,8,0,0,0,0,0,0,3,11,0,39,1596,1,26,349,11.160541302448653,7.3758821482150125,0
3074,1984,PhD,Married,70643.0,0,0,2012-10-15,66,1218,107,304,23,143,33,1,5,8,4,6,0,0,0,0,0,0,3,11,1,30,1828,0,18,622,11.165408458816263,7.511524648390866,0
8341,1969,PhD,Married,30396.0,1,0,2014-04-30,22,15,0,6,0,1,12,2,1,1,2,7,1,0,0,0,0,0,3,11,1,45,34,1,6,60,10.322099198314179,3.5553480614894135,1
5180,1968,PhD,Divorced,50616.0,0,1,2014-04-18,56,128,0,16,0,1,4,2,4,0,4,7,0,0,0,0,0,0,3,11,0,46,149,1,10,72,10.832042767230265,5.0106352940962555,1
6461,1969,Master,Single,62772.0,0,1,2013-05-19,74,581,49,157,43,8,108,1,5,6,11,2,0,1,0,0,0,0,3,11,0,45,946,1,23,406,11.047280323701445,6.853299093186078,0
7679,1985,PhD,Single,30298.0,0,0,2014-05-19,48,6,3,12,6,1,0,1,1,1,3,3,0,0,0,0,0,0,3,11,0,29,28,0,6,41,10.31886998765251,3.367295829986474,1
10702,1984,Graduation,Single,52413.0,1,0,2012-11-03,67,185,8,133,56,56,12,2,7,1,7,7,0,0,0,0,0,0,3,11,0,30,450,1,17,603,10.866929010196616,6.111467339502679,0
7505,1957,PhD,Married,44155.0,1,1,2014-01-19,24,22,1,9,0,0,14,1,1,1,2,4,0,0,0,0,0,0,3,11,0,57,46,2,5,161,10.695484097138243,3.8501476017100584,1
5113,1971,PhD,Divorced,86979.0,0,0,2013-11-07,67,584,100,835,65,83,35,1,5,5,5,2,1,0,0,0,0,0,3,11,1,43,1702,0,16,234,11.37343348615163,7.440146680662688,0
10858,1975,Graduation,Together,76532.0,1,1,2013-09-09,38,355,30,177,90,138,30,4,9,5,7,5,0,0,0,0,0,0,3,11,0,39,820,2,25,293,11.245477299349258,6.710523109452428,0
2961,1982,Graduation,Married,42081.0,1,0,2013-02-26,86,175,10,110,54,6,27,2,6,3,4,6,1,0,0,0,0,0,3,11,0,32,382,1,15,488,10.647375374799257,5.948034989180646,0
2747,1988,PhD,Married,67546.0,0,0,2012-08-31,90,864,134,768,150,38,172,1,4,10,5,3,0,0,0,0,0,0,3,11,0,26,2126,0,20,667,11.120578930855121,7.6624678152002375,0
3010,1989,Master,Together,88420.0,0,0,2014-05-02,87,957,153,612,99,95,153,1,4,7,8,1,1,0,1,1,0,0,3,11,0,25,2069,0,20,58,11.38986477697473,7.635303886259415,0
5790,1985,Graduation,Married,31158.0,1,0,2013-01-27,62,25,6,16,20,0,5,2,2,0,3,8,0,0,0,0,0,0,3,11,0,29,72,1,7,518,10.346858407043523,4.290459441148391,1
6892,1968,Graduation,Divorced,61671.0,0,1,2014-06-03,23,641,7,56,0,0,28,8,10,4,6,8,0,1,0,1,0,0,3,11,0,46,732,1,28,26,11.029585298139098,6.597145701886651,0
1743,1974,Graduation,Single,69719.0,0,0,2014-05-26,99,273,86,208,177,14,43,1,2,3,5,1,0,0,0,0,0,0,3,11,0,40,801,0,11,34,11.152242499633957,6.687108607866515,0
3578,1949,Graduation,Divorced,49160.0,0,1,2013-10-20,29,122,21,43,25,10,15,2,3,1,6,6,0,0,0,0,0,0,3,11,0,65,236,1,12,252,10.802855905214333,5.4680601411351315,0
8462,1978,Basic,Together,24882.0,1,0,2012-09-09,52,1,4,10,29,0,36,1,1,1,2,6,1,0,0,0,0,0,3,11,0,36,80,1,5,658,10.121940118362215,4.394449154672439,1
5558,1954,PhD,Single,90933.0,0,0,2014-03-31,90,1020,31,430,62,63,79,1,4,6,4,1,0,0,1,0,0,0,3,11,0,60,1685,0,15,90,11.41788924763476,7.430114138561801,0
4619,1945,PhD,Single,113734.0,0,0,2014-05-28,9,6,2,3,1,262,3,0,27,0,0,1,0,0,0,0,0,0,3,11,0,69,277,0,27,32,11.641626459985963,5.627621113690637,0
8780,1950,PhD,Together,59292.0,0,1,2013-06-13,71,378,14,68,19,14,14,2,3,5,8,3,0,0,0,0,0,0,3,11,0,64,507,1,18,381,10.990246534173238,6.230481447578482,0
10789,1964,PhD,Married,45759.0,1,1,2013-02-23,13,42,1,18,3,0,4,2,2,0,3,7,0,0,0,0,0,0,3,11,0,50,68,2,7,491,10.731165626053679,4.23410650459726,1
10779,1983,Graduation,Single,22148.0,0,0,2014-04-13,16,15,5,14,0,4,11,1,1,0,3,7,0,0,0,0,0,0,3,11,0,31,49,0,5,77,10.005547627727275,3.912023005428146,1
5896,1987,Master,Married,73395.0,0,0,2014-03-18,94,272,7,80,20,7,11,1,4,4,6,2,0,0,0,0,0,0,3,11,0,27,397,0,15,103,11.203624717204844,5.986452005284438,0
2337,1971,Graduation,Divorced,29819.0,1,0,2013-10-24,77,9,1,24,2,1,2,3,3,0,3,6,0,0,0,0,0,0,3,11,0,43,39,1,9,248,10.30293458831873,3.6888794541139363,1
10951,1968,Graduation,Married,45688.0,0,1,2014-01-25,20,279,0,18,0,0,9,2,3,1,8,4,0,1,0,0,0,0,3,11,0,46,306,1,14,155,10.72961284769053,5.726847747587197,0
544,1954,Graduation,Married,62820.0,0,0,2013-05-11,51,398,61,265,138,61,53,1,3,4,6,1,0,0,0,0,0,0,3,11,0,60,976,0,14,414,11.048044691463234,6.884486652042782,0
17,1971,PhD,Married,60491.0,0,1,2013-09-06,81,637,47,237,12,19,76,4,6,11,7,5,0,0,0,0,0,0,3,11,0,43,1028,1,28,296,11.01026640387063,6.9363427358340495,0
10680,1986,Graduation,Together,33235.0,1,0,2014-02-05,71,45,0,16,2,1,6,1,3,0,3,7,0,0,0,0,0,0,3,11,0,28,70,1,7,144,10.411388904784872,4.2626798770413155,1
3265,1959,Graduation,Married,35701.0,0,0,2013-03-19,36,21,1,9,7,3,5,1,1,0,3,6,0,0,0,0,0,0,3,11,0,55,46,0,5,467,10.482961988607498,3.8501476017100584,1
5623,1980,Master,Married,31535.0,1,0,2013-09-26,95,15,4,13,0,0,19,1,1,1,2,7,1,0,0,0,0,0,3,11,0,34,51,1,5,276,10.358885029392502,3.9512437185814275,1
5832,1960,2n Cycle,Together,92556.0,0,0,2014-04-20,32,493,183,352,184,23,28,0,3,5,13,0,0,0,0,0,0,0,3,11,0,54,1263,0,21,70,11.435579949933482,7.142036574706803,0
5544,1970,Graduation,Single,67384.0,0,1,2012-11-10,32,957,40,175,158,53,107,2,7,8,5,5,0,1,0,0,0,0,3,11,0,44,1490,1,22,596,11.11817772020326,7.307202314764738,0
6417,1971,Master,Together,80573.0,0,0,2012-10-14,85,829,138,430,60,92,15,1,4,6,13,2,0,0,0,0,0,0,3,11,0,43,1564,0,24,623,11.29693129580923,7.355641102974253,0
5831,1967,Graduation,Married,77870.0,0,1,2012-08-22,93,1017,50,500,65,50,133,3,5,5,5,8,0,1,0,1,0,0,3,11,1,47,1815,1,18,676,11.262808890404589,7.504391559161238,0
7101,1963,PhD,Widow,52278.0,0,1,2013-01-25,24,953,0,71,0,0,174,6,10,5,10,8,0,0,0,0,0,0,3,11,0,51,1198,1,31,520,10.864350039781693,7.089243155027514,0
10176,1968,Graduation,Single,57107.0,0,1,2012-08-24,44,159,0,120,0,0,137,7,4,4,8,8,0,1,0,0,1,0,3,11,1,46,416,1,23,674,10.952699490909112,6.0330862217988015,0
2326,1990,Graduation,Married,18929.0,0,0,2013-02-16,15,32,0,8,23,4,18,1,1,0,4,6,0,0,0,0,0,0,3,11,0,24,85,0,6,498,9.848503244203368,4.454347296253507,1
4385,1981,PhD,Single,36038.0,1,0,2013-05-31,82,23,0,15,0,2,7,2,3,0,3,6,0,0,0,0,0,0,3,11,0,33,47,1,8,394,10.492356964389485,3.8712010109078907,1
2929,1976,Graduation,Single,20180.0,0,0,2013-02-20,27,18,42,24,15,20,18,1,2,1,4,7,0,0,0,0,0,0,3,11,0,38,137,0,8,494,9.912496846693715,4.927253685157205,1
10686,1965,PhD,Together,34230.0,1,1,2012-12-26,72,15,0,4,0,0,2,1,1,0,2,7,0,0,0,0,0,0,3,11,0,49,21,2,4,550,10.44088694523715,3.091042453358316,1
2546,1977,2n Cycle,Single,31878.0,0,1,2014-06-22,7,23,4,5,10,5,23,1,1,0,4,3,0,0,0,0,0,0,3,11,0,37,70,1,6,7,10.36970276478357,4.2626798770413155,1
3283,1972,2n Cycle,Married,70932.0,0,1,2014-01-19,57,200,193,100,46,185,185,2,6,2,12,3,0,0,0,0,0,0,3,11,0,42,909,1,22,161,11.169491048522355,6.813444599510896,0
3138,1956,Graduation,Single,91249.0,0,0,2012-10-20,84,1324,27,119,71,108,27,0,7,9,6,4,0,1,1,1,1,0,3,11,1,58,1676,0,22,617,11.421358271444738,7.424761761823209,0
4994,1943,Master,Single,77598.0,0,0,2013-10-01,53,1193,33,281,129,66,33,1,7,5,13,3,0,0,1,0,0,0,3,11,0,71,1735,0,26,271,11.259309819490339,7.459338895220295,0
7966,1959,Graduation,Single,80982.0,1,1,2013-01-08,48,505,137,401,104,22,22,3,11,5,11,5,0,0,0,0,0,1,3,11,0,55,1191,2,30,537,11.301994535084201,7.083387847625295,0
3112,1977,Master,Married,22701.0,1,0,2013-09-05,2,2,4,9,0,4,5,1,1,0,3,5,0,0,0,0,0,0,3,11,0,37,24,1,5,297,10.030208305315284,3.2188758248682006,1
10872,1969,PhD,Married,55212.0,0,1,2012-11-23,65,1103,0,45,0,0,34,3,4,2,11,8,0,1,0,0,1,0,3,11,0,45,1182,1,20,583,10.918953711784086,7.075808863978387,0
2181,1970,Graduation,Married,70617.0,0,0,2013-06-23,45,353,61,753,40,46,27,1,3,3,7,2,0,0,0,0,0,0,3,11,0,44,1280,0,14,371,11.165040348492274,7.155396301896734,0
1867,1957,Graduation,Single,64849.0,0,0,2012-11-13,42,652,48,350,94,84,108,1,9,3,6,5,0,0,0,0,0,0,3,11,1,57,1336,0,19,593,11.07983218974459,7.198183577101943,0
1518,1965,Master,Married,62694.0,1,1,2013-06-17,29,379,6,157,25,91,91,5,9,3,7,7,0,0,0,0,0,0,3,11,0,49,749,2,24,377,11.046036978624638,6.620073206530356,0
5734,1974,PhD,Married,61917.0,1,1,2013-11-20,83,46,4,36,2,2,1,1,2,0,4,5,0,0,0,0,0,0,3,11,0,40,91,2,7,221,11.033566208000359,4.5217885770490405,1
2878,1947,PhD,Married,67472.0,0,1,2013-09-28,93,162,31,127,8,17,69,2,4,2,7,3,0,0,0,0,0,0,3,11,0,67,414,1,15,274,11.119482796839282,6.028278520230698,0
1458,1982,Master,Married,21059.0,1,0,2014-01-07,40,8,3,19,3,3,8,3,3,0,3,6,0,0,0,0,0,0,3,11,0,32,44,1,9,173,9.955130785687967,3.8066624897703196,1
7007,1968,Master,Married,29543.0,2,0,2014-04-01,47,17,3,18,3,4,18,2,3,1,2,7,0,0,0,0,0,0,3,11,0,46,63,2,8,89,10.293635956532398,4.1588830833596715,1
6200,1951,Graduation,Married,75903.0,0,1,2013-04-08,50,340,108,185,130,38,100,2,6,6,9,3,0,0,0,0,0,0,3,11,0,63,901,1,23,447,11.237224662917342,6.804614520062624,0
1403,1975,2n Cycle,Together,34984.0,1,1,2012-09-06,40,8,4,15,3,5,3,2,1,0,3,7,0,0,0,0,0,0,3,11,0,39,38,2,6,661,10.462674677179997,3.6635616461296463,1
4827,1956,PhD,Single,54998.0,0,1,2013-03-10,3,154,22,202,39,30,8,5,4,2,9,4,0,0,0,0,0,0,3,11,1,58,455,1,20,476,10.915070282231135,6.1224928095143865,0
6250,1949,PhD,Widow,54356.0,0,1,2012-11-19,62,710,15,30,20,0,0,3,11,2,8,8,0,0,0,0,0,0,3,11,1,65,775,1,24,587,10.903328679104217,6.654152520183219,0
9291,1959,Master,Married,34242.0,0,1,2014-03-23,25,8,2,4,0,0,1,1,0,0,3,5,0,0,0,0,0,0,3,11,0,55,15,1,4,98,10.441237443239979,2.772588722239781,1
2478,1973,Graduation,Married,25410.0,1,0,2013-08-31,48,2,2,4,13,13,4,1,1,0,4,4,0,0,0,0,0,0,3,11,0,41,38,1,6,302,10.142937430124647,3.6635616461296463,1
1139,1984,PhD,Married,73356.0,0,0,2014-02-06,56,1050,14,322,0,14,112,1,5,11,5,2,1,0,1,1,0,0,3,11,1,30,1512,0,22,143,11.203093211873872,7.321849713788356,0
5138,1950,Graduation,Together,28320.0,0,1,2013-01-14,68,19,1,14,3,2,4,1,1,0,3,8,0,0,0,0,0,0,3,11,0,64,43,1,5,531,10.25135885791871,3.784189633918261,1
5393,1977,Graduation,Single,23763.0,1,0,2012-08-07,64,22,0,6,6,2,6,1,1,0,3,7,0,0,0,0,0,0,3,11,0,37,42,1,5,691,10.075927109475632,3.7612001156935624,1
10413,1984,Graduation,Married,72570.0,0,0,2014-04-25,67,274,83,216,151,141,224,1,4,6,12,1,0,0,0,0,0,0,3,11,0,30,1089,0,23,65,11.192320671976058,6.993932975223189,0
5015,1976,Master,Married,34529.0,1,0,2012-09-14,94,68,6,38,3,6,41,2,2,2,3,7,0,0,0,0,0,0,3,11,0,38,162,1,9,653,10.449583790384038,5.093750200806762,1
10868,1951,Graduation,Widow,70792.0,0,0,2013-02-06,82,344,45,654,104,11,114,2,3,4,10,3,0,0,0,0,0,0,3,11,0,63,1272,0,19,508,11.167515404737347,7.149131598557407,0
10676,1982,Graduation,Married,63211.0,0,0,2012-11-02,3,145,193,459,205,26,145,2,3,8,7,2,0,0,0,0,0,0,3,11,1,32,1173,0,20,604,11.054249435528995,7.068172000388042,0
2495,1974,Master,Married,83891.0,0,1,2014-06-20,24,217,38,350,111,85,15,1,4,7,10,1,0,0,0,0,0,0,3,11,0,40,816,1,22,9,11.337285536299985,6.705639094860003,0
7842,1968,Graduation,Single,36065.0,1,1,2013-03-31,54,18,7,34,10,2,3,3,3,0,3,8,0,0,0,0,0,0,3,11,0,46,74,2,9,455,10.493105872267217,4.31748811353631,1
9955,1954,Graduation,Together,39898.0,0,1,2013-02-12,20,69,8,26,12,7,12,2,3,0,4,7,0,0,0,0,0,0,3,11,0,60,134,1,9,502,10.594106539907239,4.90527477843843,1
6663,1940,PhD,Single,51141.0,0,0,2013-07-08,96,144,0,7,0,0,6,1,3,1,4,5,0,0,0,0,0,0,3,11,0,74,157,0,9,356,10.84236135641054,5.062595033026967,0
2162,1976,Graduation,Married,56939.0,0,1,2013-09-18,19,256,34,103,90,29,49,2,3,3,10,3,0,0,0,0,0,0,3,11,0,38,561,1,18,284,10.949753360832029,6.331501849893691,0
3434,1951,Graduation,Single,80872.0,0,0,2014-05-12,60,483,72,567,94,12,108,1,4,4,10,1,0,0,0,0,0,0,3,11,0,63,1336,0,19,48,11.300635301976557,7.198183577101943,0
7919,1976,PhD,Together,72335.0,0,0,2012-08-13,2,1285,105,653,28,21,0,1,10,4,8,8,0,0,0,0,0,0,3,11,1,38,2092,0,23,685,11.189077209534386,7.646353722445999,0
5626,1964,PhD,Single,61798.0,0,0,2013-11-23,13,338,4,89,11,8,13,1,4,2,9,4,0,0,0,0,0,0,3,11,0,50,463,0,16,218,11.031642462085092,6.139884552226255,0
6428,1950,PhD,Widow,76842.0,0,0,2014-05-03,37,605,10,345,84,54,32,1,1,8,7,0,0,0,0,0,0,0,3,11,0,64,1130,0,17,57,11.249519658285907,7.030857476116121,0
8514,1976,Graduation,Together,29478.0,1,0,2014-01-17,59,8,0,7,3,1,1,1,1,0,3,6,0,0,0,0,0,0,3,11,0,38,20,1,5,163,10.291433424425355,3.044522437723423,1
10448,1956,Graduation,Single,46998.0,0,1,2012-10-22,55,172,41,86,45,6,27,5,5,3,5,7,1,0,0,0,0,0,3,11,0,58,377,1,18,615,10.757881603870102,5.934894195619588,0
2109,1990,Graduation,Single,96843.0,0,0,2013-04-23,60,448,71,951,40,17,17,1,6,11,10,2,0,0,1,0,0,0,3,11,1,24,1544,0,28,432,11.480856715444723,7.3427791893318455,0
7530,1950,PhD,Widow,56551.0,1,1,2014-05-07,48,67,4,32,17,2,16,3,2,1,4,4,0,0,0,0,0,0,3,11,0,64,138,2,10,53,10.94291584785079,4.9344739331306915,1
8925,1965,Master,Married,70053.0,0,1,2013-07-03,38,512,53,98,81,179,89,3,8,5,10,5,0,0,0,0,0,0,3,11,0,49,1012,1,26,361,11.157021652204842,6.920671504248683,0
3009,1962,PhD,Widow,71670.0,0,0,2013-07-09,8,1462,16,128,0,0,160,1,5,3,6,6,0,1,1,0,1,0,3,11,1,52,1766,0,15,355,11.179841481730028,7.4770384723196965,0
6355,1978,Graduation,Married,44359.0,1,1,2014-06-17,19,20,0,14,7,3,1,3,2,0,4,3,0,0,0,0,0,0,3,11,0,36,45,2,9,12,10.700093441464304,3.828641396489095,1
3517,1952,Graduation,Single,40887.0,1,1,2013-05-06,32,50,4,44,10,10,43,3,3,1,3,9,0,0,0,0,0,0,3,11,1,62,161,2,10,419,10.618591900448115,5.087596335232384,1
1158,1966,Graduation,Divorced,48877.0,0,1,2014-01-05,27,102,1,15,2,0,24,1,3,0,4,7,0,0,0,0,0,0,3,11,0,48,144,1,8,175,10.797082676478094,4.976733742420574,1
6203,1947,Graduation,Together,74485.0,0,0,2013-08-24,58,499,149,815,173,49,49,1,6,7,12,3,0,0,0,0,0,0,3,11,0,67,1734,0,26,309,11.218366467245488,7.45876269238096,0
7165,1972,Graduation,Together,64474.0,0,1,2013-10-22,59,381,35,172,56,86,93,2,8,2,10,5,0,0,0,0,0,0,3,11,0,42,823,1,22,250,11.074032830749546,6.714170529909472,0
3595,1963,Graduation,Together,77226.0,0,1,2014-02-28,29,631,43,239,128,76,21,2,6,8,12,3,0,0,0,0,0,0,3,11,0,51,1138,1,28,121,11.254504415800406,7.037905963447182,0
8537,1949,Graduation,Widow,72643.0,0,0,2013-02-27,60,526,80,553,123,94,53,1,3,10,7,2,0,0,0,1,0,0,3,11,1,65,1429,0,21,487,11.193326077838389,7.265429723253953,0
4331,1978,Master,Together,85738.0,0,0,2014-01-23,41,913,26,376,17,26,13,1,3,6,11,1,0,1,1,0,0,0,3,11,0,36,1371,0,21,157,11.359063076916236,7.22402480828583,0
6281,1966,Graduation,Divorced,55686.0,0,1,2013-02-14,27,673,0,199,37,47,26,2,6,3,5,4,1,0,0,0,0,0,3,11,0,48,982,1,16,500,10.927502005497212,6.890609120147166,0
4338,1983,Graduation,Single,39062.0,1,0,2014-03-25,28,23,0,9,0,0,12,1,1,0,3,4,1,0,0,0,0,0,3,11,0,31,44,1,5,96,10.572931006396837,3.8066624897703196,1
2452,1971,Graduation,Together,34600.0,1,1,2013-01-01,8,199,33,60,8,3,15,5,5,2,5,8,0,0,0,0,0,0,3,11,1,43,318,2,17,544,10.451637862362272,5.765191102784844,1
9507,1975,Graduation,Married,40794.0,0,1,2013-04-07,18,261,23,73,4,23,50,2,6,3,5,7,0,0,0,0,0,0,3,11,0,39,434,1,16,448,10.6163148038629,6.075346031088684,0
8360,1971,2n Cycle,Married,54690.0,1,1,2013-11-07,76,111,16,37,7,9,18,3,3,1,5,3,0,0,0,0,0,0,3,11,0,43,198,2,12,234,10.909454441052057,5.293304824724492,1
10311,1969,Graduation,Married,4428.0,0,1,2013-10-05,0,16,4,12,2,4,321,0,25,0,0,1,0,0,0,0,0,0,3,11,0,45,359,1,25,267,8.395929103923198,5.886104031450156,1
5117,1963,2n Cycle,Married,32632.0,0,0,2012-08-02,32,63,151,137,153,19,53,2,4,4,8,5,0,0,0,0,0,0,3,11,0,51,576,0,18,696,10.393079325293726,6.3578422665081,0
4867,1968,PhD,Single,38236.0,1,1,2013-09-20,2,58,0,18,2,0,10,4,3,0,4,7,0,0,0,0,0,0,3,11,0,46,88,2,11,282,10.551558912204982,4.48863636973214,1
9289,1979,Graduation,Married,36781.0,1,0,2014-04-10,16,29,1,17,0,3,13,1,2,1,2,8,0,0,0,0,0,0,3,11,1,35,63,1,6,80,10.512763874058926,4.1588830833596715,1
10913,1984,Master,Single,31385.0,1,0,2012-12-05,56,3,2,12,0,1,9,1,1,0,2,8,1,0,0,0,0,0,3,11,1,30,27,1,4,571,10.354117212598666,3.332204510175204,1
3032,1984,Graduation,Married,24570.0,1,0,2013-02-27,97,28,34,62,11,14,44,3,4,0,4,9,0,0,0,0,0,0,3,11,0,30,193,1,11,487,10.1093221647277,5.267858159063328,1
8524,1974,PhD,Divorced,25509.0,1,0,2012-09-18,15,40,3,30,10,7,11,3,3,0,3,9,0,0,0,0,0,0,3,11,1,40,101,1,9,649,10.146825811135857,4.624972813284271,1
3334,1951,Graduation,Married,94642.0,0,0,2014-02-12,35,879,143,797,106,143,143,0,5,7,9,1,0,0,1,1,0,0,3,11,0,63,2211,0,21,137,11.457867197220024,7.701652362642226,0
4470,1962,Master,Married,58646.0,0,1,2013-06-10,3,62,1,44,6,5,22,1,2,1,4,4,0,0,0,0,0,0,3,11,0,52,140,1,8,384,10.979291701878228,4.948759890378168,0
1406,1975,Graduation,Single,53201.0,1,1,2013-02-12,49,280,7,81,20,0,27,8,6,3,5,7,0,0,0,0,0,0,3,11,0,39,415,2,22,502,10.881851268608061,6.030685260261263,1
8619,1957,Graduation,Together,21994.0,0,1,2012-12-24,4,9,0,6,3,1,3,1,0,0,3,5,0,0,0,0,0,0,3,11,0,57,22,1,4,552,9.99857043378282,3.1354942159291497,1
10821,1978,Graduation,Married,57113.0,1,1,2013-02-06,45,182,4,33,0,2,42,6,4,1,5,7,0,0,0,0,0,0,3,11,0,36,263,2,16,508,10.95280454947936,5.575949103146316,1
4552,1991,Graduation,Married,51373.0,0,0,2013-06-22,37,83,2,101,64,26,117,1,3,5,3,4,0,0,0,0,0,0,3,11,0,23,393,0,12,372,10.846887486888901,5.976350909297934,0
898,1986,Graduation,Married,23477.0,1,0,2013-10-21,39,38,15,54,3,8,29,3,3,0,4,8,0,0,0,0,0,0,3,11,0,28,147,1,10,251,10.063819091438468,4.997212273764115,1
9797,1956,Graduation,Married,58116.0,0,1,2014-04-13,38,228,19,130,4,11,51,2,3,3,8,2,0,0,0,0,0,0,3,11,0,58,443,1,16,77,10.97021349900857,6.095824562432225,0
10949,1963,PhD,Divorced,72968.0,0,0,2013-12-16,8,1092,37,592,145,37,55,1,5,5,8,3,0,0,0,1,0,0,3,11,1,51,1958,0,19,195,11.197789972403736,7.580189417944541,0
8212,1971,Master,Married,39791.0,0,1,2013-03-28,89,85,15,27,13,13,21,2,3,1,4,7,0,0,0,0,0,0,3,11,0,43,174,1,10,458,10.591421166043187,5.1647859739235145,1
6248,1947,Master,Single,91712.0,0,0,2013-10-17,47,1276,24,746,94,29,48,0,9,7,11,3,0,0,1,0,0,0,3,11,1,67,2217,0,27,255,11.426419414826933,7.704361167910313,0
10164,1958,Graduation,Single,94472.0,0,1,2014-04-03,75,1017,33,417,108,100,16,1,5,5,5,5,0,1,1,0,0,0,3,11,0,56,1691,1,16,87,11.456069358372018,7.433666540166168,0
4547,1960,Graduation,Together,13672.0,1,1,2013-04-17,86,6,2,9,2,1,5,2,1,0,3,8,0,0,0,0,0,0,3,11,0,54,25,2,6,438,9.523178364309082,3.258096538021482,1
6815,1980,2n Cycle,Married,96547.0,0,0,2014-05-23,4,448,21,125,52,101,62,0,7,6,8,2,1,0,1,1,0,0,3,11,1,34,809,0,21,37,11.47779557298649,6.697034247666484,0
4122,1975,Graduation,Married,79205.0,0,0,2012-08-29,73,504,23,117,179,28,44,1,6,5,4,4,0,0,0,1,0,0,3,11,1,39,895,0,16,669,11.279807332508815,6.79794041297493,0
10841,1975,PhD,Together,56559.0,0,1,2012-12-25,46,226,22,133,41,31,31,3,4,3,8,4,0,0,0,0,0,0,3,11,0,39,484,1,18,551,10.943057300570455,6.184148890937483,0
5370,1973,PhD,Married,32644.0,1,0,2013-01-16,38,239,3,141,0,7,23,4,7,1,6,8,1,0,0,0,0,0,3,11,0,41,413,1,18,529,10.393446983620734,6.025865973825314,1
176,1980,2n Cycle,Single,67506.0,0,1,2014-01-02,73,90,38,67,33,36,67,1,4,1,6,3,0,0,0,0,0,0,3,11,0,34,331,1,12,178,11.119986575187468,5.805134968916488,0
4860,1970,Graduation,Single,24206.0,1,0,2013-03-08,66,7,2,8,3,2,3,1,1,0,3,6,0,0,0,0,0,0,3,11,0,44,25,1,5,478,10.094397126516617,3.258096538021482,1
10757,1967,PhD,Divorced,28420.0,1,0,2013-12-24,36,4,2,5,2,0,0,1,1,0,2,6,0,0,0,0,0,0,3,11,0,47,13,1,4,187,10.25488358752045,2.639057329615259,1
4023,1970,Graduation,Married,22979.0,1,0,2012-09-06,29,16,17,19,20,21,22,3,3,2,2,8,0,0,0,0,0,0,3,11,1,44,115,1,10,661,10.042379551402746,4.7535901911063645,1
6679,1966,Graduation,Single,33279.0,0,0,2014-06-12,29,10,3,3,0,0,0,1,0,0,3,3,0,0,0,0,0,0,3,11,0,48,16,0,4,17,10.412711894935144,2.833213344056216,1
9923,1972,Master,Single,46423.0,1,1,2013-09-18,6,68,0,16,0,0,8,3,2,0,4,7,0,0,0,0,0,0,3,11,0,42,92,2,9,284,10.745571845870444,4.532599493153256,1
7181,1977,Graduation,Married,30368.0,0,1,2013-11-07,97,35,0,13,2,0,2,2,2,0,3,8,0,0,0,0,0,0,3,11,0,37,52,1,7,234,10.321177630266861,3.970291913552122,1
3599,1970,Graduation,Married,63684.0,0,1,2012-11-26,61,575,80,428,208,93,80,3,8,4,8,5,0,0,0,0,0,0,3,11,0,44,1464,1,23,580,11.06170433502386,7.289610521451167,0
405,1964,Graduation,Divorced,41638.0,0,1,2013-02-13,68,315,0,31,4,0,91,4,5,5,3,8,1,0,0,0,0,0,3,11,0,50,441,1,17,501,10.636792507070695,6.091309882077698,0
6870,1959,PhD,Divorced,68805.0,0,1,2013-09-17,73,182,2,49,17,13,20,1,3,1,7,2,0,0,0,0,0,0,3,11,0,55,283,1,12,285,11.13904622942125,5.648974238161206,0
832,1966,PhD,Together,65814.0,0,1,2014-03-02,90,561,14,113,10,14,35,3,8,2,10,5,0,0,0,0,0,0,3,11,0,48,747,1,23,119,11.094603054859508,6.617402977974478,0
2002,1958,Graduation,Divorced,71964.0,0,0,2013-05-20,81,587,51,932,180,34,86,1,5,6,5,3,0,0,0,0,0,0,3,11,0,56,1870,0,17,405,11.18393516869677,7.534228326274089,0
3657,1986,Graduation,Single,39146.0,1,0,2013-02-14,1,94,1,33,13,12,12,3,4,0,4,8,0,0,0,0,0,0,3,11,0,28,165,1,11,500,10.575079070130357,5.111987788356544,1
500,1977,Graduation,Together,96876.0,0,0,2013-08-06,79,908,43,735,40,194,21,1,7,7,9,2,0,1,1,1,0,0,3,11,1,37,1941,0,24,327,11.48119741160383,7.571473648851271,0
1951,1981,Basic,Married,34445.0,0,0,2013-01-27,92,228,122,122,208,129,30,6,11,2,8,9,0,0,0,0,0,0,3,11,0,33,839,0,27,518,10.447148159395692,6.733401891837359,0
3262,1958,Graduation,Single,68281.0,0,0,2012-08-07,31,995,112,417,42,48,41,1,2,9,13,5,0,0,0,0,0,0,3,11,1,56,1655,0,25,691,11.13140146763347,7.412160334945205,0
4102,1975,2n Cycle,Married,37284.0,1,1,2013-03-29,46,11,1,2,2,1,6,1,0,0,3,6,0,0,0,0,0,0,3,11,0,39,23,2,4,457,10.526346379977895,3.1780538303479458,1
7042,1983,Graduation,Married,36790.0,0,0,2013-03-01,14,3,3,14,15,21,10,1,2,1,2,9,0,0,0,0,0,0,3,11,1,31,66,0,6,485,10.513008529028681,4.204692619390966,1
10598,1967,Graduation,Together,27943.0,1,1,2013-04-15,89,12,1,16,4,1,3,3,2,0,3,8,0,0,0,0,0,0,3,11,0,47,37,2,8,440,10.237957786486668,3.6375861597263857,1
255,1951,Graduation,Divorced,22263.0,1,1,2014-03-30,31,17,0,2,0,0,2,2,1,0,3,6,0,0,0,0,0,1,3,11,0,63,21,2,6,91,10.010726303205727,3.091042453358316,1
2375,1972,Graduation,Together,30261.0,1,2,2012-09-25,75,8,0,5,0,3,6,1,0,0,3,8,0,0,0,0,0,0,3,11,0,42,22,3,4,642,10.317648079011516,3.1354942159291497,1
9829,1978,Graduation,Together,28587.0,1,0,2014-02-12,42,22,4,17,12,10,13,3,2,0,4,6,0,0,0,0,0,0,3,11,0,36,78,1,9,137,10.26074232833987,4.3694478524670215,1
6214,1982,Master,Married,43815.0,1,0,2013-04-05,53,14,10,29,4,7,15,1,2,0,3,6,0,0,0,0,0,0,3,11,0,32,79,1,6,450,10.687754326463557,4.382026634673881,1
4954,1956,Graduation,Married,48195.0,1,1,2014-01-21,53,106,27,68,52,7,5,6,4,2,5,6,0,0,0,0,0,0,3,11,0,58,265,2,17,159,10.783031309043167,5.583496308781699,1
7861,1952,Master,Married,77027.0,0,1,2014-02-05,23,820,57,242,45,0,11,2,8,3,6,4,0,0,0,0,0,0,3,11,0,62,1175,1,19,144,11.251924271099778,7.069874128458572,0
4837,1965,PhD,Married,71322.0,0,1,2013-02-16,57,753,43,226,69,10,204,2,8,5,13,4,0,0,0,0,0,0,3,11,0,49,1305,1,28,498,11.174974135029599,7.174724309836376,0
9423,1979,Master,Married,32765.0,1,0,2014-02-23,49,13,3,17,7,3,3,2,2,0,4,5,0,0,0,0,0,0,3,11,0,35,46,1,8,126,10.39714667138021,3.8501476017100584,1
4198,1965,Graduation,Together,29672.0,1,1,2013-03-12,6,9,1,3,0,4,8,1,0,0,3,6,0,0,0,0,0,0,3,11,0,49,25,2,4,474,10.29799282040795,3.258096538021482,1
153,1953,Graduation,Divorced,23272.0,0,0,2013-10-17,29,19,3,6,4,2,12,1,1,0,3,4,0,0,0,0,0,0,3,11,0,61,46,0,5,255,10.055049169344665,3.8501476017100584,1
9323,1949,Master,Together,49912.0,0,1,2012-09-07,5,520,8,223,32,49,42,4,10,5,7,8,1,0,0,0,0,0,3,11,1,65,874,1,26,660,10.81803676885198,6.774223886357614,0
10001,1985,2n Cycle,Together,7500.0,1,0,2012-08-01,98,5,17,17,13,14,34,4,2,1,3,9,0,0,0,0,0,0,3,11,0,29,100,1,10,697,8.922791623969637,4.61512051684126,1
3945,1947,PhD,Widow,68117.0,0,1,2013-03-10,80,618,44,215,0,17,36,2,11,8,4,6,1,0,0,0,0,0,3,11,1,67,930,1,25,476,11.128996774392588,6.836259277277067,0
3799,1955,Graduation,Married,67225.0,0,1,2013-11-26,4,315,35,322,46,7,143,3,7,2,11,5,0,0,0,0,0,0,3,11,0,59,868,1,23,215,11.115815356444799,6.767343125265392,0
8625,1976,Graduation,Married,17649.0,1,0,2013-11-12,70,15,1,23,0,5,1,3,3,0,3,8,0,0,0,0,0,0,3,11,0,38,45,1,9,229,9.778491062361443,3.828641396489095,1
3491,1975,Graduation,Together,55914.0,0,1,2013-04-29,32,384,60,364,119,101,232,4,11,6,8,7,0,0,0,0,0,0,3,11,0,39,1260,1,29,426,10.93158795946229,7.139660335964919,0
983,1984,Graduation,Married,40059.0,1,0,2013-09-28,82,110,29,92,28,10,145,1,6,2,3,8,1,0,0,0,0,0,3,11,0,30,414,1,12,274,10.59813360921981,6.028278520230698,0
9119,1950,Graduation,Together,60905.0,0,1,2013-12-05,27,208,17,76,36,17,38,2,3,3,7,2,0,0,0,0,0,0,3,11,0,64,392,1,15,206,11.017086971012485,5.973809611869261,0
4786,1977,Graduation,Married,75330.0,1,1,2012-10-04,94,555,82,257,93,61,61,4,10,3,12,6,0,0,0,0,0,0,3,11,0,37,1109,2,29,633,11.2296470156553,7.01211529430638,0
5872,1951,Graduation,Single,60689.0,0,1,2013-06-01,23,240,90,216,63,6,24,4,4,4,10,3,0,0,0,0,0,0,3,11,0,63,639,1,22,393,11.013534218829902,6.461468176353717,0
6568,1984,Graduation,Married,38680.0,1,0,2013-03-28,97,11,0,36,15,5,12,1,2,0,3,7,0,0,0,0,0,0,3,11,0,30,79,1,6,458,10.563103802387129,4.382026634673881,1
5628,1982,Graduation,Together,61416.0,0,0,2013-02-08,25,848,154,323,201,61,78,1,10,3,10,6,1,0,0,0,0,0,3,11,0,32,1665,0,24,506,11.025441948777157,7.418180822726788,0
5631,1991,Graduation,Single,49767.0,0,0,2013-05-02,92,202,47,197,55,42,149,1,5,4,8,4,0,0,0,0,0,0,3,11,0,23,692,0,18,423,10.815127486194855,6.541029999189903,0
4974,1970,Graduation,Single,83273.0,1,2,2012-09-25,98,433,89,650,16,102,102,10,4,6,9,7,0,0,0,0,0,0,3,11,0,44,1392,3,29,642,11.329891654583895,7.239214973779806,0
8416,1981,Graduation,Married,29009.0,1,0,2013-11-29,19,6,6,15,10,5,2,2,2,0,3,6,0,0,0,0,0,0,3,11,0,33,44,1,7,212,10.27539587711545,3.8066624897703196,1
5454,1979,Master,Married,45057.0,1,0,2013-12-01,80,37,0,7,3,0,3,1,2,0,3,5,0,0,0,0,0,0,3,11,0,35,50,1,6,210,10.715705827737088,3.9318256327243257,1
4095,1971,Graduation,Married,37150.0,1,0,2012-09-11,80,167,37,64,49,34,116,8,4,3,6,7,0,0,0,0,0,0,3,11,0,43,467,1,21,656,10.52274596768403,6.148468295917647,0
5474,1970,Graduation,Single,43020.0,1,0,2013-11-30,79,45,7,99,4,25,43,3,4,1,4,6,0,0,0,0,0,0,3,11,0,44,223,1,12,211,10.669443647553885,5.4116460518550396,1
4268,1959,Graduation,Married,53154.0,0,1,2014-06-09,50,129,0,21,0,1,7,1,3,1,4,4,0,0,0,0,0,0,3,11,0,55,158,1,9,20,10.880967452722706,5.0689042022202315,1
10701,1973,Graduation,Married,65308.0,0,0,2013-09-11,60,713,0,264,120,80,34,1,7,8,12,4,0,0,1,1,0,0,3,11,0,41,1211,0,28,291,11.086885131188605,7.10002716662926,0
3507,1970,Graduation,Single,76467.0,1,0,2012-08-17,44,676,161,426,210,44,58,2,2,5,5,6,0,0,0,0,0,0,3,11,1,44,1575,1,14,681,11.244627631648909,7.362645270417825,0
2079,1947,2n Cycle,Married,81044.0,0,0,2013-12-27,0,450,26,535,73,98,26,1,5,6,10,1,0,0,0,0,0,0,3,11,0,67,1208,0,22,184,11.302759834946276,7.097548850614793,0
626,1951,Graduation,Married,32871.0,1,1,2013-03-09,28,22,2,12,0,2,5,1,1,0,3,4,0,0,0,0,0,0,3,11,0,63,43,2,5,477,10.400376510563246,3.784189633918261,1
4426,1975,Graduation,Single,55801.0,1,1,2013-09-22,35,367,4,51,6,4,95,6,7,2,6,7,0,0,0,1,0,0,3,11,0,39,527,2,21,280,10.929564990020989,6.269096283706261,1
2591,1959,Graduation,Widow,76320.0,0,1,2014-06-22,49,526,35,214,69,53,35,2,6,3,4,2,0,0,0,0,0,0,3,11,0,55,932,1,15,7,11.242703408761695,6.838405200847344,0
10509,1955,Master,Single,36927.0,1,1,2014-06-02,46,51,0,16,0,0,4,2,3,0,3,8,0,0,0,0,0,0,3,11,0,59,71,2,8,27,10.516725349867771,4.276666119016055,1
6382,1953,Graduation,Together,48794.0,1,1,2014-06-26,97,25,0,11,3,0,15,1,1,0,3,4,0,0,0,0,0,0,3,11,0,61,54,2,5,3,10.795383127575562,4.007333185232471,1
6673,1965,Graduation,Single,23478.0,0,0,2013-03-19,51,28,6,27,12,17,39,1,3,0,3,8,0,0,0,0,0,0,3,11,0,49,129,0,7,467,10.063861683597258,4.867534450455582,1
7441,1973,Graduation,Divorced,71128.0,1,0,2012-10-06,80,958,159,447,20,0,31,3,2,10,12,7,0,0,0,0,0,0,3,11,0,41,1615,1,27,631,11.172250408863095,7.38770923908104,0
1071,1976,PhD,Divorced,70179.0,0,1,2013-07-21,10,532,88,168,69,44,133,3,7,3,13,5,0,0,0,0,0,0,3,11,0,38,1034,1,26,343,11.158818649137206,6.942156705699469,0
10061,1950,Graduation,Married,59462.0,0,1,2013-01-05,29,724,17,143,0,8,196,2,9,2,12,7,0,0,0,0,0,0,3,11,0,64,1088,1,25,540,10.993109549366105,6.9930151229329605,0
7187,1969,Master,Together,51381.5,1,1,2013-05-18,52,375,42,48,94,66,96,7,4,10,4,3,0,0,0,0,0,0,3,11,0,45,721,2,25,407,10.847052926545164,6.582025138892826,0
8775,1969,Graduation,Together,38361.0,1,0,2013-12-27,74,39,0,56,20,8,14,3,3,1,3,7,0,0,0,0,0,0,3,11,0,45,137,1,10,184,10.554822665281634,4.927253685157205,1
1612,1981,PhD,Single,51381.5,1,0,2013-05-31,82,23,0,15,0,2,7,2,3,0,3,6,0,0,0,0,0,0,3,11,0,33,47,1,8,394,10.847052926545164,3.8712010109078907,1
2345,1982,PhD,Together,70038.0,0,0,2013-10-25,54,587,54,348,71,54,130,1,4,4,8,2,0,0,0,0,0,0,3,11,0,32,1244,0,17,247,11.15680750874218,7.126890808898808,0
322,1978,Graduation,Together,42554.0,1,1,2013-01-12,93,29,1,11,0,0,0,2,2,0,3,4,0,0,0,0,0,0,3,11,0,36,41,2,7,533,10.658552635911061,3.7376696182833684,1
10897,1974,Graduation,Married,67445.0,0,1,2012-08-12,63,757,80,217,29,80,11,5,9,6,12,6,0,0,0,0,0,0,3,11,0,40,1174,1,32,686,11.119082556689852,7.069023426578259,0
123,1951,Graduation,Widow,67046.0,0,1,2013-01-06,92,544,35,133,23,151,107,2,4,5,4,2,0,0,0,0,0,0,3,11,0,63,993,1,15,539,11.113149144979532,6.901737206656574,0
6103,1948,Graduation,Married,42192.0,0,0,2013-09-06,40,40,15,15,17,6,7,1,2,1,3,4,0,0,0,0,0,0,3,11,0,66,100,0,7,296,10.650009609487778,4.61512051684126,0
7899,1952,PhD,Married,77610.0,0,1,2012-10-29,70,1245,33,332,21,33,16,2,4,7,4,7,0,0,0,0,0,0,3,11,0,62,1680,1,17,608,11.259464448702682,7.427144133408616,0
10500,1984,Graduation,Married,31761.0,1,0,2014-04-05,96,19,1,20,16,14,28,2,3,0,4,5,0,0,0,0,0,0,3,11,0,30,98,1,9,85,10.366025885670592,4.59511985013459,1
1655,1979,Graduation,Together,34350.0,1,0,2013-10-19,81,16,3,15,2,1,11,1,1,0,3,7,0,0,0,0,0,0,3,11,0,35,48,1,5,253,10.444386409308262,3.8918202981106265,1
2406,1949,Graduation,Together,54591.0,0,1,2013-08-05,63,376,4,94,12,9,24,3,6,2,8,5,0,0,0,0,0,0,3,11,0,65,519,1,19,328,10.90764263085135,6.253828811575473,0
2712,1956,Graduation,Married,71866.0,0,1,2013-12-25,85,184,178,178,103,39,33,1,6,3,10,3,0,0,0,0,0,0,3,11,0,58,715,1,20,186,11.182572467557037,6.573680166960646,0
5517,1969,Graduation,Married,25293.0,1,0,2013-09-15,51,15,0,11,0,2,9,1,1,1,2,8,0,0,0,0,0,0,3,11,0,45,37,1,5,287,10.138322492439922,3.6375861597263857,1
10643,1987,PhD,Single,42000.0,0,0,2013-01-10,23,124,83,267,85,59,35,2,5,2,11,5,0,0,0,0,0,0,3,11,1,27,653,0,20,535,10.645448706505872,6.483107351457199,0
2254,1983,Graduation,Married,69520.0,0,0,2013-07-07,95,627,120,414,121,80,93,1,9,6,5,5,0,0,0,0,0,0,3,11,0,31,1455,0,21,357,11.149384144185648,7.283448228756631,0
10281,1970,Graduation,Divorced,64713.0,1,0,2014-02-07,11,180,60,241,13,54,54,2,5,5,7,4,0,0,0,0,0,0,3,11,1,44,602,1,19,142,11.077732840389075,6.401917196727186,0
6958,1977,Master,Married,27889.0,1,0,2013-07-05,42,14,0,4,0,0,8,1,1,1,2,6,0,0,0,0,0,0,3,11,0,37,26,1,5,359,10.236023480621535,3.295836866004329,1
954,1960,Basic,Widow,22123.0,0,0,2014-03-27,77,3,3,24,34,7,31,1,2,1,3,5,0,0,0,0,0,0,3,11,0,54,102,0,7,94,10.004418271114568,4.634728988229636,1
5079,1971,Graduation,Married,51381.5,1,1,2013-03-03,82,71,1,16,0,0,9,4,2,1,3,8,0,0,0,0,0,0,3,11,0,43,97,2,10,483,10.847052926545164,4.584967478670572,1
10339,1954,Master,Together,51381.5,0,1,2013-06-23,83,161,0,22,0,0,24,2,4,1,4,6,0,0,0,0,0,0,3,11,0,60,207,1,11,371,10.847052926545164,5.337538079701318,0
4643,1973,Graduation,Married,27803.0,1,0,2012-08-26,40,8,26,46,38,9,49,2,3,0,4,8,0,0,0,0,0,0,3,11,0,41,176,1,9,672,10.232935174220376,5.176149732573829,1
3117,1955,Graduation,Single,51381.5,0,1,2013-10-18,95,264,0,21,12,6,147,3,6,1,5,7,0,0,0,0,0,0,3,11,0,59,450,1,15,254,10.847052926545164,6.111467339502679,0
6497,1960,Graduation,Married,51651.0,0,1,2012-11-07,32,293,6,23,13,6,92,4,6,2,5,8,0,0,0,0,0,0,3,11,0,54,433,1,17,599,10.852284195966542,6.073044534100405,0
5396,1988,Graduation,Married,68487.0,0,0,2013-01-13,48,758,12,385,33,89,89,1,9,7,13,4,0,0,0,0,0,0,3,11,0,26,1366,0,30,532,11.134413826422321,7.220373836723949,0
5250,1943,Master,Widow,51381.5,0,0,2013-10-30,75,532,126,490,164,126,126,1,5,5,11,1,0,0,1,0,0,0,3,11,1,71,1564,0,22,242,10.847052926545164,7.355641102974253,0
1052,1969,Graduation,Married,56796.0,0,1,2013-02-16,24,656,38,161,62,47,37,3,8,9,7,7,0,0,0,0,0,0,3,11,0,45,1001,1,27,498,10.947238786412973,6.90975328164481,0
2802,1992,2n Cycle,Married,87000.0,0,0,2012-12-15,61,196,25,607,67,17,49,1,4,6,7,2,0,0,0,0,0,0,3,11,0,22,961,0,18,561,11.373674891823535,6.8690144506657065,0
6343,1959,Graduation,Married,79823.0,0,1,2014-03-31,6,835,73,380,114,73,43,1,6,9,7,2,0,1,0,0,0,0,3,11,0,55,1518,1,23,90,11.287579490100818,7.325807502595773,0
6507,1980,Graduation,Single,30828.0,1,0,2013-10-04,16,16,11,15,2,0,12,2,1,1,4,3,0,0,0,0,0,0,3,11,0,34,56,1,8,268,10.336211084415119,4.04305126783455,1
7901,1971,Master,Married,34109.0,0,1,2013-11-06,39,9,1,5,2,1,4,1,0,0,3,4,0,0,0,0,0,0,3,11,0,43,22,1,4,235,10.437345875412692,3.1354942159291497,1
4865,1974,Master,Divorced,53367.0,1,1,2013-08-31,2,229,7,140,10,3,11,7,5,1,8,7,0,0,0,0,0,0,3,11,1,40,400,2,21,302,10.88496659438935,5.993961427306569,1
2686,1969,Basic,Together,22390.0,0,0,2013-10-21,49,0,1,4,15,1,5,1,1,0,2,7,0,0,0,0,0,0,3,11,0,45,26,0,4,251,10.016414371391338,3.295836866004329,1
3107,1976,Graduation,Together,71322.0,0,1,2014-05-02,31,121,24,124,24,15,42,1,4,1,7,2,0,0,0,0,0,0,3,11,0,38,350,1,13,58,11.174974135029599,5.860786223465865,0
7734,1993,Graduation,Single,79244.0,0,0,2012-12-19,58,471,102,125,212,61,245,1,4,10,7,1,0,0,1,1,0,0,3,11,1,21,1216,0,22,557,11.280299598266526,7.104144092987527,0
1146,1949,Master,Together,49912.0,0,1,2012-09-07,5,520,8,223,32,49,42,4,10,5,7,8,1,0,0,0,0,0,3,11,1,65,874,1,26,660,10.81803676885198,6.774223886357614,0
11031,1950,PhD,Married,48699.0,1,1,2013-05-21,90,26,1,10,2,0,1,1,1,0,3,5,0,0,0,0,0,0,3,11,0,64,40,2,5,404,10.793434309070681,3.713572066704308,1
7428,1975,Graduation,Together,80144.0,0,0,2013-09-30,47,240,132,445,250,192,108,1,3,7,8,1,0,0,0,0,0,0,3,11,0,39,1367,0,19,272,11.291592773059982,7.221105098182496,0
975,1956,Graduation,Single,54252.0,1,1,2013-05-28,25,178,4,26,8,4,44,5,4,1,5,6,0,0,0,0,0,0,3,11,0,58,264,2,15,397,10.901413569412913,5.579729825986222,1
1103,1976,Master,Married,81929.0,1,0,2012-09-29,60,1486,55,278,49,0,185,2,4,4,10,6,1,0,1,0,0,0,3,11,1,38,2053,1,20,638,11.31362050313586,7.627544390488503,0
3422,1975,Graduation,Married,76068.0,0,1,2012-11-29,67,1115,12,128,33,12,76,1,2,3,4,6,0,1,0,0,1,0,3,11,0,39,1376,1,10,577,11.239396102118166,7.227662498728655,0
1055,1976,Master,Married,53204.0,1,1,2014-03-20,40,29,0,8,2,0,6,1,1,0,3,4,0,0,0,0,0,0,3,11,0,38,45,2,5,101,10.881907655875832,3.828641396489095,1
6544,1949,PhD,Together,67911.0,0,1,2014-05-22,63,529,0,356,63,28,0,3,6,7,11,3,0,0,0,0,0,0,3,11,0,65,976,1,27,38,11.125968028417804,6.884486652042782,0
1241,1984,2n Cycle,Married,14796.0,1,0,2012-09-17,1,13,3,8,7,4,16,2,1,0,3,9,0,0,0,0,0,0,3,11,1,30,51,1,6,650,9.602179736502535,3.9512437185814275,1
2909,1974,PhD,Married,78128.0,0,1,2014-02-19,89,934,24,230,16,24,36,2,8,4,6,3,0,1,1,0,0,0,3,11,0,40,1264,1,20,130,11.266116585728028,7.142827401161621,0
5802,1972,Basic,Married,14188.0,0,0,2013-02-28,40,2,7,11,16,12,27,1,2,0,4,6,0,0,0,0,0,0,3,11,0,42,75,0,7,486,9.560222295507314,4.330733340286331,1
1407,1986,Basic,Married,20425.0,1,0,2012-10-29,5,4,12,5,3,16,17,2,2,0,3,7,0,0,0,0,0,0,3,11,0,28,57,1,7,608,9.924563878138045,4.060443010546419,1
6183,1962,Master,Married,58646.0,0,1,2013-06-10,3,62,1,44,6,5,22,1,2,1,4,4,0,0,0,0,0,0,3,11,0,52,140,1,8,384,10.979291701878228,4.948759890378168,0
340,1970,Graduation,Divorced,72967.0,0,1,2012-12-15,1,158,35,179,0,0,125,2,7,2,8,5,1,0,0,0,0,0,3,11,1,44,497,1,19,561,11.197776267859995,6.210600077024653,0
5991,1949,Master,Married,48150.0,0,1,2013-06-08,24,173,2,39,3,2,47,3,5,1,4,7,0,0,0,0,0,0,3,11,0,65,266,1,13,386,10.782097185442595,5.58724865840025,0
3104,1961,Graduation,Single,82332.0,0,0,2012-09-17,89,830,59,968,51,79,19,1,5,3,12,2,0,0,1,0,0,0,3,11,1,53,2006,0,21,650,11.318527278350814,7.604396348796338,0
9729,1955,Graduation,Widow,58275.0,1,1,2013-06-02,48,189,10,253,56,43,64,6,8,2,7,7,0,0,0,0,0,0,3,11,0,59,615,2,23,392,10.972945623773887,6.423246963533519,0
1008,1981,PhD,Together,44953.0,0,0,2012-12-21,31,728,17,133,11,8,124,1,7,3,13,6,1,0,0,0,0,0,3,11,0,33,1021,0,24,555,10.713395023704772,6.92951677076365,0
11091,1953,Graduation,Together,34587.0,1,1,2014-05-16,68,7,2,9,2,0,2,2,1,0,3,4,0,0,0,0,0,0,3,11,0,61,22,2,6,44,10.45126208008032,3.1354942159291497,1
3969,1974,Master,Together,43018.0,0,1,2013-11-01,46,35,4,17,7,6,64,1,2,2,2,5,0,0,0,0,0,0,3,11,0,40,133,1,7,240,10.669397157549227,4.897839799950911,1
1916,1954,Master,Married,45736.0,0,1,2013-07-24,92,188,3,180,20,3,43,5,7,1,6,7,0,0,0,0,0,0,3,11,0,60,437,1,19,340,10.730662877319087,6.082218910376446,0
9907,1969,Master,Together,66476.0,0,1,2013-12-04,80,742,28,152,25,9,57,2,6,8,10,4,0,0,0,0,0,0,3,11,0,45,1013,1,26,207,11.104611302157315,6.921658184151129,0
87,1981,2n Cycle,Married,27733.0,1,0,2013-08-26,16,0,7,5,26,2,17,2,2,0,3,7,0,0,0,0,0,0,3,11,0,33,57,1,7,307,10.23041437631381,4.060443010546419,1
8659,1952,PhD,Together,69805.0,0,1,2014-01-21,50,750,71,174,13,10,20,2,6,8,11,2,0,0,0,0,0,0,3,11,0,62,1038,1,27,159,11.15347524494151,6.946013991099227,0
6262,1962,Master,Single,72217.0,0,0,2013-04-10,93,816,42,450,55,56,154,1,3,10,8,2,0,0,0,0,0,0,3,11,0,52,1573,0,22,445,11.187444601288197,7.3613754289773485,0
6147,1971,Graduation,Divorced,25818.0,1,0,2012-10-18,51,5,2,8,2,2,9,1,0,1,2,7,0,0,0,0,0,0,3,11,0,43,28,1,4,619,10.158865933983696,3.367295829986474,1
8832,1976,Master,Together,37509.0,1,0,2012-09-12,24,37,5,56,12,8,5,2,3,0,4,7,0,0,0,0,0,0,3,11,0,38,123,1,9,655,10.532362843075934,4.820281565605037,1
10067,1976,2n Cycle,Together,25176.0,1,1,2013-08-10,79,4,0,4,0,0,5,1,1,0,2,7,0,0,0,0,0,0,3,11,0,38,13,2,4,323,10.133686158324014,2.639057329615259,1
7532,1980,Graduation,Married,43586.0,0,1,2012-08-30,26,99,2,11,4,0,16,3,3,0,4,8,0,0,0,0,0,0,3,11,0,34,132,1,10,668,10.68251421973945,4.890349128221754,1
4915,1956,2n Cycle,Married,53230.0,0,1,2012-08-03,86,176,72,98,136,21,229,4,5,2,12,5,0,0,0,0,0,0,3,11,0,58,732,1,23,695,10.882396212388988,6.597145701886651,0
2115,1957,Graduation,Together,50116.0,1,1,2014-06-20,68,54,0,10,0,0,2,2,1,0,4,5,0,1,0,0,0,0,3,11,0,57,66,2,7,9,10.82211555087377,4.204692619390966,1
2088,1972,Graduation,Together,84906.0,0,0,2013-10-04,98,997,15,414,99,30,76,1,5,6,12,2,0,1,1,0,1,0,3,11,0,42,1631,0,24,268,11.349311818841736,7.397561535524052,0
2493,1966,Graduation,Married,61286.0,0,1,2013-08-02,34,356,0,107,19,9,117,2,7,1,8,5,0,0,0,0,0,0,3,11,0,48,608,1,18,331,11.023323027655763,6.411818267709897,0
6292,1986,PhD,Married,82333.0,0,0,2013-03-30,60,1311,0,359,46,89,17,1,4,3,10,2,0,0,1,0,0,0,3,11,1,28,1822,0,18,456,11.318539424075215,7.508238774678663,0
1631,1965,PhD,Together,65220.0,0,0,2012-09-03,3,890,63,292,0,25,12,4,8,4,7,6,0,0,0,0,0,0,3,11,1,49,1282,0,23,664,11.08553678194579,7.1569563646156364,0
10104,1974,Graduation,Together,33590.0,2,1,2013-11-03,65,4,0,2,0,0,2,1,1,0,2,7,0,0,0,0,0,0,3,11,0,40,8,3,4,238,10.422013452928306,2.1972245773362196,1
3006,1976,Graduation,Divorced,30992.0,1,0,2013-04-22,83,17,0,14,7,3,2,1,1,0,3,7,0,0,0,0,0,0,3,11,0,38,43,1,5,433,10.341516651517555,3.784189633918261,1
3919,1976,Master,Single,72309.0,0,0,2013-03-11,64,960,0,883,50,38,0,1,5,6,8,3,0,0,0,1,0,0,3,11,1,38,1931,0,20,475,11.188717711168998,7.566311014772463,0
11181,1949,PhD,Married,156924.0,0,0,2013-08-29,85,2,1,2,1,1,1,0,0,0,0,0,0,0,0,0,0,0,3,11,0,65,8,0,0,304,11.963523263185733,2.1972245773362196,0
642,1980,Basic,Married,16005.0,1,0,2012-08-14,69,1,3,2,20,30,47,3,2,1,2,8,0,0,0,0,0,0,3,11,0,34,103,1,8,684,9.680718930926991,4.6443908991413725,1
4369,1957,Master,Single,65487.0,0,0,2014-01-10,48,240,67,500,199,0,163,3,3,5,6,2,0,0,0,0,0,0,3,11,0,57,1169,0,17,170,11.089622198732185,7.064759027791802,0
10127,1965,Graduation,Married,58692.0,0,1,2014-04-06,21,301,11,61,4,7,11,1,8,2,4,7,0,0,0,0,0,0,3,11,0,49,395,1,15,84,10.980075748279397,5.981414211254481,0
271,1969,Graduation,Widow,40590.0,1,1,2013-10-02,30,154,0,50,6,11,37,5,3,4,3,6,1,0,0,0,0,0,3,11,0,45,258,2,15,270,10.61130164613947,5.556828061699537,1
4973,1970,Graduation,Single,20587.0,1,0,2014-05-11,39,2,3,6,4,1,9,1,1,1,2,7,0,0,0,0,0,0,3,11,0,44,25,1,5,49,9.932463660772646,3.258096538021482,1
2948,1954,Master,Divorced,62637.0,0,1,2014-03-01,76,104,12,48,4,12,5,1,2,2,5,2,0,0,0,0,0,0,3,11,0,60,185,1,10,120,11.045127401674755,5.225746673713202,0
2715,1966,Master,Divorced,29435.0,1,1,2012-08-06,11,70,3,37,4,2,64,4,3,2,2,9,0,0,0,0,0,0,3,11,1,48,180,2,11,692,10.28997369404649,5.198497031265826,1
10432,1974,Graduation,Divorced,19346.0,1,0,2014-01-30,26,2,0,9,3,6,2,1,1,0,3,8,0,0,0,0,0,0,3,11,0,40,22,1,5,150,9.870292647678488,3.1354942159291497,1
9216,1971,Graduation,Married,35788.0,1,1,2014-01-23,34,23,2,11,3,1,4,2,2,0,3,6,0,0,0,0,0,0,3,11,0,43,44,2,7,157,10.485395862604143,3.8066624897703196,1
7124,1968,Graduation,Divorced,36997.0,1,1,2013-02-01,72,43,4,12,8,0,27,5,2,1,4,5,0,0,0,0,0,0,3,11,0,46,94,2,12,513,10.518619136111335,4.553876891600541,1
9727,1957,Graduation,Married,23539.0,0,0,2014-02-28,13,4,24,11,16,1,25,1,2,0,4,6,0,0,0,0,0,0,3,11,0,57,81,0,7,121,10.066456380814268,4.406719247264253,1
5136,1973,Graduation,Single,65333.0,0,1,2014-01-17,58,654,7,92,0,15,30,7,9,4,8,6,0,1,1,0,0,0,3,11,0,41,798,1,28,163,11.087267853574115,6.683360945766275,0
9790,1957,Graduation,Single,78499.0,0,0,2013-11-23,12,912,72,170,47,36,97,1,11,3,4,4,0,0,1,0,0,0,3,11,1,57,1334,0,19,218,11.2708539037705,7.19668657083435,0
1818,1971,PhD,Together,29732.0,1,0,2014-03-25,23,25,0,8,0,1,4,1,2,0,2,9,0,0,0,0,0,0,3,11,0,43,38,1,5,96,10.300012819074817,3.6635616461296463,1
1100,1960,Master,Together,41275.0,1,2,2014-03-24,33,24,4,22,0,2,9,4,3,1,3,5,0,0,0,0,0,0,3,11,0,54,61,3,11,97,10.628036496235605,4.127134385045092,1
7873,1973,PhD,Together,63516.0,1,1,2013-07-06,30,141,11,114,15,14,5,4,4,1,7,5,0,0,0,0,0,0,3,11,0,41,300,2,16,358,11.059062865586538,5.707110264748875,1
10609,1962,PhD,Married,42769.0,0,1,2013-10-12,15,71,0,13,3,1,0,2,1,1,4,4,0,0,0,0,0,0,3,11,0,52,88,1,8,260,10.663592201220954,4.48863636973214,1
6950,1958,Master,Married,49572.0,1,1,2013-12-15,25,35,1,16,0,1,1,2,2,0,3,7,0,0,0,0,0,0,3,11,0,56,54,2,7,196,10.811201609659424,4.007333185232471,1
7233,1972,Graduation,Married,69209.0,0,0,2012-09-17,4,496,32,849,229,48,128,2,5,3,6,4,0,0,0,1,0,0,3,11,0,42,1782,0,16,650,11.144900639835909,7.48605261786314,0
9481,1976,Graduation,Married,17148.0,1,0,2014-01-28,80,9,9,11,13,10,16,4,3,1,3,8,0,0,0,0,0,0,3,11,0,38,68,1,11,152,9.749695141856147,4.23410650459726,1
7699,1969,Graduation,Widow,40590.0,1,1,2013-10-02,30,154,0,50,6,11,37,5,3,4,3,6,1,0,0,0,0,0,3,11,0,45,258,2,15,270,10.61130164613947,5.556828061699537,1
2711,1976,Master,Together,30560.0,1,0,2013-06-27,6,9,1,5,4,5,7,1,1,0,3,7,0,0,0,0,0,0,3,11,0,38,31,1,5,367,10.327479965258176,3.4657359027997265,1
8933,1983,2n Cycle,Married,32146.0,1,0,2014-05-12,16,26,3,23,4,7,3,2,2,0,4,6,0,0,0,0,0,0,3,11,0,31,66,1,8,48,10.378074412714673,4.204692619390966,1
8726,1964,2n Cycle,Divorced,41713.0,1,1,2014-04-29,57,77,8,44,10,10,25,5,3,1,4,6,0,0,0,0,0,0,3,11,0,50,174,2,13,61,10.638592082856581,5.1647859739235145,1
1515,1975,Master,Together,34176.0,0,1,2014-01-22,9,11,2,7,4,2,2,1,1,0,3,3,0,0,0,0,0,0,3,11,0,39,28,1,5,158,10.439308182191418,3.367295829986474,1
5186,1955,PhD,Married,58482.0,0,1,2014-03-12,59,576,7,115,19,7,7,2,7,4,9,6,0,1,0,0,0,0,3,11,0,59,731,1,22,109,10.976491392697485,6.595780513961311,0
10157,1965,Graduation,Single,59686.0,0,1,2014-01-25,78,89,15,89,34,42,5,1,4,1,6,4,0,0,0,0,0,0,3,11,0,49,274,1,12,155,10.996869520224648,5.616771097666572,0
5667,1964,PhD,Married,60896.0,0,1,2012-10-11,90,1013,30,399,60,46,153,3,9,10,4,6,0,0,0,0,0,0,3,11,1,50,1701,1,26,626,11.016939191400878,7.43955930913332,0
902,1980,Graduation,Together,62994.0,1,0,2014-03-04,74,224,12,48,4,12,12,1,6,2,4,6,0,0,0,0,0,0,3,11,0,34,312,1,13,117,11.05081063714473,5.746203190540153,0
977,1957,Graduation,Together,47320.0,0,1,2013-08-01,10,200,19,111,50,15,19,6,5,1,8,6,0,0,0,0,0,0,3,11,0,57,414,1,20,332,10.76470945058247,6.028278520230698,0
7313,1949,2n Cycle,Widow,74859.0,0,0,2013-06-03,63,570,73,614,133,102,73,1,6,5,11,3,0,0,0,1,0,0,3,11,0,65,1565,0,23,391,11.22337498145842,7.356279876550748,0
7600,1992,Basic,Single,15253.0,1,0,2013-10-28,13,1,3,3,8,1,13,2,1,0,3,7,0,0,0,0,0,0,3,11,0,22,29,1,6,244,9.632597042724184,3.4011973816621555,1
9706,1974,PhD,Single,31560.0,1,0,2013-06-24,98,62,1,20,4,0,7,2,2,1,3,8,0,0,0,0,0,0,3,11,0,40,94,1,8,370,10.359677460135904,4.553876891600541,1
2429,1954,Graduation,Divorced,72071.0,0,1,2013-02-14,4,531,69,300,150,138,150,3,5,4,8,2,0,0,0,0,0,0,3,11,0,60,1338,1,20,500,11.185420898331277,7.199678345691172,0
3520,1990,Master,Single,91172.0,0,0,2013-03-27,94,162,28,818,0,28,56,0,4,3,7,3,1,0,1,1,1,0,3,11,1,24,1092,0,14,459,11.420514079598613,6.996681488176539,0
10394,1984,Graduation,Married,90000.0,0,0,2013-12-23,91,675,144,133,94,192,241,1,4,8,5,1,1,0,1,1,0,0,3,11,0,30,1479,0,18,188,11.407576060361786,7.299797366758161,0
4548,1981,Graduation,Single,41967.0,1,1,2013-11-23,66,23,4,10,0,2,15,1,1,0,3,4,0,0,0,0,0,0,3,11,0,33,54,2,5,218,10.644662702106656,4.007333185232471,1
9362,1965,Graduation,Single,69263.0,0,1,2014-03-05,14,492,5,32,13,5,21,1,9,1,7,6,0,1,0,0,0,0,3,11,0,49,568,1,18,116,11.145680569681762,6.343880434126331,0
3968,1970,2n Cycle,Divorced,65706.0,0,0,2013-06-28,77,918,10,129,13,0,129,1,11,3,12,7,0,1,1,0,1,0,3,11,1,44,1199,0,27,366,11.092960743698262,7.090076835776092,0
4084,1975,Graduation,Together,60934.0,0,1,2014-01-17,41,224,155,155,192,93,54,2,6,4,11,4,0,0,0,0,0,0,3,11,0,39,873,1,23,163,11.017563001257603,6.773080375655535,0
6721,1951,Graduation,Married,71965.0,0,1,2013-07-29,21,572,19,286,50,38,248,3,6,3,5,3,0,0,0,0,0,0,3,11,0,63,1213,1,17,335,11.183949064243944,7.101675971619444,0
2829,1955,Graduation,Married,65210.0,0,1,2014-03-10,25,626,0,70,0,7,28,2,9,3,8,6,0,1,0,1,0,0,3,11,0,59,731,1,22,111,11.085383445340975,6.595780513961311,0
1772,1975,PhD,Married,79174.0,0,0,2013-01-11,2,1074,37,518,193,92,129,1,5,6,7,2,0,0,1,1,0,0,3,11,1,39,2043,0,19,534,11.27941587140684,7.622663951323595,0
1544,1967,Master,Divorced,81380.0,0,0,2012-12-22,51,741,68,689,224,68,103,1,4,2,10,2,0,0,0,0,0,0,3,11,0,47,1893,0,17,554,11.306897109511642,7.546446273746024,0
492,1973,PhD,Single,48432.0,0,1,2012-10-18,3,322,3,50,4,3,42,5,7,1,6,8,0,0,0,0,0,0,3,11,0,41,424,1,19,619,10.787936678554125,6.052089168924417,0
4377,1971,Graduation,Married,52914.0,0,1,2013-01-07,32,254,10,44,30,10,227,2,7,3,3,7,1,0,0,0,0,0,3,11,0,43,575,1,15,538,10.876442131527824,6.3561076606958915,0
4541,1955,Graduation,Together,38946.0,0,1,2013-10-24,84,116,6,82,6,6,41,2,3,1,6,5,0,0,0,0,0,0,3,11,0,59,257,1,12,248,10.569957026509712,5.552959584921617,1
1321,1974,Graduation,Married,26067.0,1,0,2013-11-04,49,22,2,18,0,2,12,3,3,0,3,8,0,0,0,0,0,0,3,11,0,40,56,1,9,237,10.168463787452271,4.04305126783455,1
8858,1972,PhD,Married,44325.0,0,1,2013-03-07,69,516,0,21,0,0,5,4,8,2,7,8,0,1,0,0,0,0,3,11,0,42,542,1,21,479,10.69932669131962,6.297109319933935,0
3266,1964,Graduation,Married,42523.0,0,0,2014-04-23,96,14,36,11,3,26,35,1,1,1,4,2,0,0,0,0,0,0,3,11,0,50,125,0,7,67,10.657823901408495,4.836281906951478,0
11187,1978,Basic,Single,26487.0,1,0,2013-05-20,23,2,8,10,12,14,23,3,2,1,3,5,0,0,0,0,0,0,3,11,0,36,69,1,9,405,10.184447079227082,4.248495242049359,1
8207,1957,2n Cycle,Married,53233.0,0,1,2014-03-18,18,28,0,9,3,0,0,1,1,0,3,4,0,0,0,0,0,0,3,11,0,57,40,1,5,103,10.882452568938104,3.713572066704308,1
9723,1960,Graduation,Married,67716.0,0,1,2013-01-10,8,530,142,217,62,9,56,4,7,4,13,5,0,1,0,0,0,0,3,11,0,54,1016,1,28,535,11.123092535206728,6.92461239604856,0
2666,1972,Master,Married,76234.0,0,1,2014-02-06,21,519,50,167,130,0,41,1,8,3,11,3,0,1,0,0,0,0,3,11,0,42,907,1,23,143,11.241575953806008,6.811244378601294,0
5721,1956,PhD,Married,84117.0,0,0,2014-05-11,60,611,76,749,59,45,26,1,7,10,6,2,0,0,1,0,0,0,3,11,0,58,1566,0,24,49,11.339975853975268,7.356918242356021,0
10652,1957,Master,Together,65487.0,0,0,2014-01-10,48,240,67,500,199,0,163,3,3,5,6,2,0,0,0,0,0,0,3,11,0,57,1169,0,17,170,11.089622198732185,7.064759027791802,0
1646,1972,Basic,Married,25224.0,1,0,2014-03-16,36,4,9,12,11,2,8,2,1,1,3,3,0,0,0,0,0,0,3,11,0,42,46,1,7,105,10.13559084522181,3.8501476017100584,1
4418,1983,Master,Single,89616.0,0,0,2013-02-25,36,671,47,655,145,111,15,1,7,5,12,2,0,0,0,0,0,0,3,11,1,31,1644,0,25,489,11.403300313109012,7.405495663199472,0
2656,1971,Graduation,Divorced,40851.0,1,1,2013-02-21,63,23,1,7,0,4,24,1,1,1,2,7,0,0,0,0,0,0,3,11,0,43,59,2,5,493,10.61771105869799,4.0943445622221,1
7990,1947,Graduation,Married,27469.0,0,0,2012-08-02,2,9,1,2,3,2,0,1,0,0,3,6,0,0,0,0,0,0,3,11,0,67,17,0,4,696,10.220849779089319,2.8903717578961645,1
8722,1957,2n Cycle,Married,82347.0,0,0,2012-11-06,38,556,54,845,202,133,63,1,7,7,10,3,1,0,0,1,0,0,3,11,1,57,1853,0,25,600,11.3187094487292,7.5251007461258,0
7118,1957,Graduation,Married,73803.0,0,1,2012-08-01,61,833,80,363,52,26,174,2,9,5,6,6,1,0,0,0,0,0,3,11,1,57,1528,1,22,697,11.209168209661772,7.332369205929062,0
2980,1952,Master,Single,8820.0,1,1,2013-03-22,52,12,0,13,4,2,4,4,3,0,3,8,0,0,0,0,0,0,3,11,0,62,35,2,10,464,9.084890521258767,3.58351893845611,1
1839,1974,Graduation,Single,43322.0,0,0,2014-04-21,25,56,7,48,10,2,18,1,3,0,4,7,0,0,0,0,0,0,3,11,0,40,141,0,8,69,10.676438950794674,4.955827057601261,0
10722,1973,Graduation,Together,55593.0,0,1,2013-08-21,63,293,8,124,11,4,106,2,6,6,3,6,1,0,0,0,0,0,3,11,0,41,546,1,17,312,10.92583056074651,6.304448802421981,0
2632,1954,Graduation,Married,50501.0,1,1,2013-06-18,10,297,0,38,13,0,152,7,5,4,4,6,1,0,0,0,0,0,3,11,1,60,500,2,20,376,10.82976821843963,6.2166061010848646,1
9014,1975,Graduation,Married,37085.0,1,1,2014-06-26,65,39,1,16,2,0,3,4,3,0,3,8,0,0,0,0,0,0,3,11,0,39,61,2,10,3,10.520994818887328,4.127134385045092,1
7620,1990,Basic,Single,16185.0,1,0,2013-08-05,71,5,11,16,21,8,45,2,2,2,2,8,0,0,0,0,0,0,3,11,0,24,106,1,8,328,9.691901950055648,4.672828834461906,1
10968,1969,Graduation,Single,57731.0,0,1,2012-11-23,0,266,21,300,65,8,44,4,8,8,6,6,0,0,0,0,0,0,3,11,0,45,704,1,26,583,10.963566891487455,6.558197802812269,0
11133,1973,PhD,Single,48432.0,0,1,2012-10-18,3,322,3,50,4,3,42,5,7,1,6,8,0,0,0,0,0,0,3,11,1,41,424,1,19,619,10.787936678554125,6.052089168924417,0
2736,1978,Graduation,Married,73807.0,0,1,2013-01-02,88,366,124,156,71,78,54,2,5,5,11,2,0,0,0,0,0,0,3,11,0,36,849,1,23,543,11.209222405797602,6.745236349484362,0
1876,1990,Graduation,Married,18929.0,0,0,2013-02-16,15,32,0,8,23,4,18,1,1,0,4,6,0,0,0,0,0,0,3,11,0,24,85,0,6,498,9.848503244203368,4.454347296253507,1
5959,1968,Graduation,Single,35893.0,1,1,2012-10-15,80,158,0,23,0,0,18,6,3,1,5,8,0,0,0,0,0,0,3,11,0,46,199,2,15,622,10.488325429589223,5.298317366548036,1
1092,1980,Graduation,Married,61014.0,0,1,2012-08-11,17,269,129,495,182,43,29,4,9,3,4,7,0,0,0,0,0,0,3,11,0,34,1147,1,20,687,11.018875014565939,7.045776576879511,0
4333,1954,Graduation,Together,32144.0,1,1,2014-03-23,76,41,0,10,0,0,3,4,2,1,3,7,0,1,0,0,0,0,3,11,0,60,54,2,10,98,10.378012196575787,4.007333185232471,1
3850,1963,Basic,Together,14918.0,0,1,2012-12-07,52,3,3,3,15,4,15,1,1,0,3,6,0,0,0,0,0,0,3,11,0,51,43,1,5,569,9.610390847382849,3.784189633918261,1
6168,1963,Graduation,Divorced,45146.0,1,1,2013-07-15,28,33,0,5,0,0,15,2,1,1,2,4,0,0,0,0,0,0,3,11,0,51,53,2,6,349,10.717679111454828,3.9889840465642745,1
607,1955,2n Cycle,Divorced,41769.0,0,1,2013-02-13,31,302,29,131,32,0,27,6,8,1,7,8,0,0,0,0,0,0,3,11,0,59,521,1,22,501,10.639933657491222,6.257667587882639,0
10469,1981,Graduation,Together,88325.0,0,0,2014-02-05,42,519,71,860,93,27,53,1,6,2,9,2,0,0,0,0,0,0,3,11,0,33,1623,0,18,144,11.388789793986067,7.392647520721623,0
6983,1950,Master,Divorced,38054.0,1,1,2014-05-01,24,23,2,17,2,1,0,2,2,0,3,7,0,0,0,0,0,0,3,11,0,64,45,2,7,59,10.546787760701491,3.828641396489095,1
3661,1995,2n Cycle,Single,80617.0,0,0,2012-10-12,42,594,51,631,72,55,32,1,4,6,8,2,0,0,0,0,0,0,3,11,0,19,1435,0,19,625,11.297477228623425,7.269616749608169,0
9303,1976,Graduation,Married,5305.0,0,1,2013-07-30,12,12,4,7,1,3,5,0,1,0,0,13,0,0,0,0,0,0,3,11,0,38,32,1,1,334,8.576593534697684,3.4965075614664802,1
692,1954,Graduation,Together,36807.0,1,1,2012-12-20,88,4,2,5,0,0,5,1,1,0,2,6,0,0,0,0,0,0,3,11,0,60,16,2,4,556,10.513470491835305,2.833213344056216,1
736,1983,Graduation,Together,28427.0,1,0,2013-03-21,67,18,3,19,3,3,6,2,2,0,3,8,0,0,0,0,0,0,3,11,0,31,52,1,7,465,10.255129853946785,3.970291913552122,1
9589,1948,PhD,Widow,82032.0,0,0,2014-04-05,54,332,194,377,149,125,57,0,4,6,7,1,0,0,0,0,0,0,3,11,0,66,1234,0,17,85,11.314876884313916,7.118826249062078,0
4838,1978,Graduation,Together,22775.0,1,0,2013-06-19,40,5,1,8,0,0,1,1,1,0,2,8,0,0,0,0,0,0,3,11,0,36,15,1,4,375,10.033462628957874,2.772588722239781,1
9246,1985,Master,Together,40101.0,1,0,2012-10-14,73,171,3,129,26,24,62,4,6,1,6,7,0,0,0,0,0,0,3,11,0,29,415,1,17,623,10.59918148736265,6.030685260261263,0
6261,1979,Graduation,Married,58025.0,0,1,2013-11-26,81,270,31,88,11,48,22,3,3,2,10,4,0,0,0,0,0,0,3,11,0,35,470,1,18,215,10.968646464945019,6.154858094016418,0
7366,1982,Master,Single,75777.0,0,0,2013-07-04,12,712,26,538,69,13,80,1,3,6,11,1,0,1,1,0,0,0,3,11,1,32,1438,0,21,360,11.2355632920364,7.271703706887368,0
10659,1979,2n Cycle,Together,7500.0,1,0,2013-05-07,7,2,8,11,3,8,21,4,3,2,2,7,0,0,0,0,0,0,3,11,0,35,53,1,11,418,8.922791623969637,3.9889840465642745,1
1448,1963,Master,Married,33562.0,1,2,2014-06-25,33,21,12,12,0,3,3,3,2,0,4,4,0,0,0,0,0,0,3,11,0,51,51,3,9,4,10.421179548719396,3.9512437185814275,1
4286,1970,PhD,Single,57642.0,0,1,2014-01-09,24,580,6,58,8,0,27,3,7,6,6,4,1,0,0,0,0,0,3,11,0,44,679,1,22,171,10.962024095948502,6.522092798170152,0
4749,1968,Graduation,Together,58554.0,1,1,2012-09-26,55,368,24,68,38,0,88,6,8,2,6,7,0,0,0,0,0,0,3,11,0,46,586,2,22,641,10.977721762476238,6.375024819828097,0
4478,1979,Graduation,Married,63777.0,1,1,2013-03-24,87,457,5,106,15,17,53,8,11,1,6,8,0,0,0,0,0,0,3,11,0,35,653,2,26,462,11.063163582279971,6.483107351457199,0
4201,1962,Graduation,Single,57967.0,0,1,2013-03-03,39,229,7,137,4,0,91,5,4,2,8,5,0,0,0,0,0,0,3,11,0,52,468,1,19,483,10.967646413134858,6.150602768446279,0
8720,1978,2n Cycle,Together,51381.5,0,0,2012-08-12,53,32,2,1607,12,4,22,0,0,0,1,0,0,1,0,0,0,0,3,11,0,36,1679,0,1,686,10.847052926545164,7.426549072397305,0
10084,1972,Graduation,Married,24434.0,2,0,2014-05-18,9,3,2,8,20,0,17,2,2,1,2,7,0,0,0,0,0,0,3,11,0,42,50,2,7,42,10.103771809704256,3.9318256327243257,1
7004,1984,Graduation,Single,11012.0,1,0,2013-03-16,82,24,3,26,7,1,23,3,3,1,2,9,1,0,0,0,0,0,3,11,0,30,84,1,9,470,9.306831672164943,4.442651256490317,1
9817,1970,Master,Single,44802.0,0,0,2012-08-21,71,853,10,143,13,10,20,2,9,4,12,8,0,0,0,0,0,0,3,11,0,44,1049,0,27,677,10.710030380446783,6.956545443151569,0
8080,1986,Graduation,Single,26816.0,0,0,2012-08-17,50,5,1,6,3,4,3,1,0,0,3,4,0,0,0,0,0,0,3,11,0,28,22,0,4,681,10.196791293755963,3.1354942159291497,1
8372,1974,Graduation,Married,34421.0,1,0,2013-07-01,81,3,3,7,6,2,9,1,1,0,2,7,0,0,0,0,0,0,3,11,0,40,30,1,4,363,10.446451173829926,3.4339872044851463,1
10870,1967,Graduation,Married,61223.0,0,1,2013-06-13,46,709,43,182,42,118,247,2,9,3,4,5,0,0,0,0,0,0,3,11,0,47,1341,1,18,381,11.022294548489757,7.201916317531627,0
4001,1946,PhD,Together,64014.0,2,1,2014-06-10,56,406,0,30,0,0,8,7,8,2,5,7,0,0,0,1,0,0,3,11,0,68,444,3,22,19,11.066872709880279,6.09807428216624,1
7270,1981,Graduation,Divorced,56981.0,0,0,2014-01-25,91,908,48,217,32,12,24,1,2,3,13,6,0,1,0,0,0,0,3,11,0,33,1241,0,19,155,10.950490707471008,7.124478262493424,0
8235,1956,Master,Together,69245.0,0,1,2014-01-24,8,428,30,214,80,30,61,2,6,5,10,3,0,0,0,0,0,0,3,11,0,58,843,1,23,156,11.14542066064846,6.738152494595957,0
9405,1954,PhD,Married,52869.0,1,1,2012-10-15,40,84,3,61,2,1,21,3,3,1,4,7,0,0,0,0,0,0,3,11,1,60,172,2,11,622,10.875591349229495,5.153291594497779,1
